2026-06-03 12:50:16,297 - __main__ - INFO - ======================================================================
2026-06-03 12:50:16,297 - __main__ - INFO - JARVIS AI Operating System - Persistent Runtime Starting
2026-06-03 12:50:16,297 - __main__ - INFO - ======================================================================
2026-06-03 12:50:23,295 - runtime_core.event_bus - INFO - Event Bus initialized
2026-06-03 12:50:23,295 - runtime_core.runtime_state_machine - INFO - Runtime State Machine initialized at IDLE
2026-06-03 12:50:23,334 - runtime_ui.animation_engine - INFO - Animation engine initialized
2026-06-03 12:50:23,335 - runtime_ui.overlay_manager - INFO - Overlay Manager initialized
2026-06-03 12:50:23,913 - runtime_ui.tray_manager - INFO - Tray Manager (UI) initialized
2026-06-03 12:50:24,104 - runtime_ui.status_controller - INFO - Status Controller initialized
2026-06-03 12:50:24,104 - runtime_ui.presence_manager - INFO - Presence Manager initialized
2026-06-03 12:50:24,182 - runtime_ui.ui_theme_manager - INFO - UI Theme Manager initialized with theme: cinematic_blue
2026-06-03 12:50:24,191 - runtime_ui.state_visualizer - INFO - State Visualizer initialized
2026-06-03 12:50:24,271 - runtime_ui.notification_manager - INFO - Notification Manager initialized
2026-06-03 12:50:24,285 - runtime_ui.overlay_renderer - INFO - Overlay Renderer initialized
2026-06-03 12:50:26,607 - runtime_ui.tray_manager - INFO - Initializing tray manager
2026-06-03 12:50:27,943 - runtime_ui.tray_manager - DEBUG - Tray libraries imported successfully
2026-06-03 12:50:27,944 - runtime_ui.overlay_manager - INFO - Initializing overlay manager
2026-06-03 12:50:27,944 - runtime_core.event_bus - DEBUG - Subscribed to STATE_CHANGE
2026-06-03 12:50:27,944 - runtime_core.event_bus - DEBUG - Subscribed to PAUSE
2026-06-03 12:50:27,944 - runtime_core.event_bus - DEBUG - Subscribed to RESUME
2026-06-03 12:50:27,944 - runtime_core.event_bus - DEBUG - Subscribed to WAKE_WORD_DETECTED
2026-06-03 12:50:27,944 - runtime_core.event_bus - DEBUG - Subscribed to COMMAND_RECEIVED
2026-06-03 12:50:27,944 - runtime_core.event_bus - DEBUG - Subscribed to THINKING_STARTED
2026-06-03 12:50:27,944 - runtime_core.event_bus - DEBUG - Subscribed to EXECUTION_STARTED
2026-06-03 12:50:27,944 - runtime_core.event_bus - DEBUG - Subscribed to SPEAK_START
2026-06-03 12:50:27,944 - runtime_core.event_bus - DEBUG - Subscribed to SPEAK_END
2026-06-03 12:50:27,944 - runtime_ui.presence_manager - INFO - Initializing presence manager
2026-06-03 12:50:27,945 - runtime_ui.tray_manager - INFO - Tray manager started
2026-06-03 12:50:28,015 - asyncio - DEBUG - Using proactor: IocpProactor
2026-06-03 12:50:28,160 - runtime_ui.overlay_manager - INFO - Creating AIIndicator instance
2026-06-03 12:50:29,806 - runtime_ui.ai_indicator - INFO - Glassmorphism AI Indicator initialized
2026-06-03 12:50:29,806 - runtime_ui.overlay_manager - INFO - AIIndicator created
2026-06-03 12:50:29,807 - runtime_ui.animation_engine - DEBUG - Animation target widget set: <runtime_ui.ai_indicator.AIIndicator object at 0x000001D07E672A30>
2026-06-03 12:50:29,964 - runtime_ui.ai_indicator - INFO - Setting status to RuntimeState.IDLE with details: None
2026-06-03 12:50:29,965 - runtime_ui.overlay_manager - INFO - Overlay updated to IDLE
2026-06-03 12:50:51,688 - runtime_ui.overlay_manager - INFO - Overlay watchdog started
2026-06-03 12:50:51,688 - runtime_ui.overlay_manager - INFO - Overlay started completely
2026-06-03 12:50:51,688 - runtime_core.lifecycle_manager - INFO - Lifecycle Manager initialized
2026-06-03 12:50:53,425 - __main__ - INFO - Playing startup greeting (in main thread) - using DIRECT pyttsx3!
2026-06-03 12:50:53,488 - runtime_core.persistent_runtime - INFO - Persistent Runtime initialized
2026-06-03 12:50:54,756 - runtime_core.lifecycle_manager - INFO - ======================================================================
2026-06-03 12:50:54,757 - runtime_core.lifecycle_manager - INFO - JARVIS AI Operating System - Boot Sequence Starting
2026-06-03 12:50:54,757 - runtime_core.lifecycle_manager - INFO - ======================================================================
2026-06-03 12:50:54,757 - runtime_core.lifecycle_manager - DEBUG - Setting up Windows signal handlers
2026-06-03 12:50:54,757 - runtime_core.lifecycle_manager - DEBUG - Signal handlers set up
2026-06-03 12:50:54,757 - runtime_core.event_bus - DEBUG - Subscribed to PAUSE
2026-06-03 12:50:54,757 - runtime_core.event_bus - DEBUG - Subscribed to RESUME
2026-06-03 12:50:54,757 - runtime_core.event_bus - DEBUG - Subscribed to SHUTDOWN
2026-06-03 12:50:54,757 - runtime_core.lifecycle_manager - INFO - Initializing core subsystems...
2026-06-03 12:50:54,758 - runtime_core.runtime_state_machine - DEBUG - Already in state IDLE
2026-06-03 12:50:54,758 - runtime_core.lifecycle_manager - INFO - ======================================================================
2026-06-03 12:50:54,758 - runtime_core.lifecycle_manager - INFO - JARVIS AI Operating System - Boot Complete
2026-06-03 12:50:54,758 - runtime_core.lifecycle_manager - INFO - ======================================================================
2026-06-03 12:50:54,758 - runtime_core.persistent_runtime - INFO - Starting infinite runtime loop...
2026-06-03 12:51:00,281 - comtypes - DEBUG - CoInitializeEx(None, 2)
2026-06-03 12:51:02,060 - PIL.Image - DEBUG - Importing BlpImagePlugin
2026-06-03 12:51:02,925 - voice.voice_profile_manager - INFO - Loaded 4 voice profiles
2026-06-03 12:51:02,926 - PIL.Image - DEBUG - Importing BmpImagePlugin
2026-06-03 12:51:02,926 - PIL.Image - DEBUG - Importing BufrStubImagePlugin
2026-06-03 12:51:04,254 - PIL.Image - DEBUG - Importing CurImagePlugin
2026-06-03 12:51:04,925 - PIL.Image - DEBUG - Importing DcxImagePlugin
2026-06-03 12:51:05,549 - voice.text_to_speech - INFO - Loading voice profile: jarvis_classic
2026-06-03 12:51:05,550 - voice.tts_engines.piper_engine - INFO - Initializing Piper TTS engine...
2026-06-03 12:51:06,557 - PIL.Image - DEBUG - Importing DdsImagePlugin
2026-06-03 12:51:07,185 - PIL.Image - DEBUG - Importing EpsImagePlugin
2026-06-03 12:51:07,276 - PIL.Image - DEBUG - Importing FitsImagePlugin
2026-06-03 12:51:08,300 - PIL.Image - DEBUG - Importing FliImagePlugin
2026-06-03 12:51:08,808 - PIL.Image - DEBUG - Importing FpxImagePlugin
2026-06-03 12:51:09,490 - PIL.Image - DEBUG - Image: failed to import FpxImagePlugin: No module named 'olefile'
2026-06-03 12:51:09,490 - PIL.Image - DEBUG - Importing FtexImagePlugin
2026-06-03 12:51:09,992 - PIL.Image - DEBUG - Importing GbrImagePlugin
2026-06-03 12:51:10,010 - PIL.Image - DEBUG - Importing GifImagePlugin
2026-06-03 12:51:10,010 - PIL.Image - DEBUG - Importing GribStubImagePlugin
2026-06-03 12:51:10,446 - PIL.Image - DEBUG - Importing Hdf5StubImagePlugin
2026-06-03 12:51:10,822 - PIL.Image - DEBUG - Importing IcnsImagePlugin
2026-06-03 12:51:11,068 - PIL.Image - DEBUG - Importing IcoImagePlugin
2026-06-03 12:51:11,664 - PIL.Image - DEBUG - Importing ImImagePlugin
2026-06-03 12:51:12,087 - PIL.Image - DEBUG - Importing ImtImagePlugin
2026-06-03 12:51:12,685 - PIL.Image - DEBUG - Importing IptcImagePlugin
2026-06-03 12:51:12,872 - PIL.Image - DEBUG - Importing JpegImagePlugin
2026-06-03 12:51:12,872 - PIL.Image - DEBUG - Importing Jpeg2KImagePlugin
2026-06-03 12:51:12,872 - PIL.Image - DEBUG - Importing McIdasImagePlugin
2026-06-03 12:51:13,056 - PIL.Image - DEBUG - Importing MicImagePlugin
2026-06-03 12:51:13,329 - PIL.Image - DEBUG - Image: failed to import MicImagePlugin: No module named 'olefile'
2026-06-03 12:51:13,329 - PIL.Image - DEBUG - Importing MpegImagePlugin
2026-06-03 12:51:13,507 - PIL.Image - DEBUG - Importing MpoImagePlugin
2026-06-03 12:51:23,624 - PIL.Image - DEBUG - Importing MspImagePlugin
2026-06-03 12:51:26,245 - PIL.Image - DEBUG - Importing PalmImagePlugin
2026-06-03 12:51:27,346 - PIL.Image - DEBUG - Importing PcdImagePlugin
2026-06-03 12:51:27,546 - PIL.Image - DEBUG - Importing PcxImagePlugin
2026-06-03 12:51:27,546 - PIL.Image - DEBUG - Importing PdfImagePlugin
2026-06-03 12:51:27,595 - comtypes.client._code_cache - INFO - Imported existing <module 'comtypes.gen' from 'C:\\Users\\jashw\\AppData\\Local\\Packages\\PythonSoftwareFoundation.Python.3.12_qbz5n2kfra8p0\\LocalCache\\local-packages\\Python312\\site-packages\\comtypes\\gen\\__init__.py'>
2026-06-03 12:51:27,596 - comtypes.client._code_cache - INFO - Using writeable comtypes cache directory: 'C:\Users\jashw\AppData\Local\Packages\PythonSoftwareFoundation.Python.3.12_qbz5n2kfra8p0\LocalCache\local-packages\Python312\site-packages\comtypes\gen'
2026-06-03 12:51:29,025 - PIL.Image - DEBUG - Importing PixarImagePlugin
2026-06-03 12:51:29,129 - PIL.Image - DEBUG - Importing PngImagePlugin
2026-06-03 12:51:29,138 - PIL.Image - DEBUG - Importing PpmImagePlugin
2026-06-03 12:51:29,138 - PIL.Image - DEBUG - Importing PsdImagePlugin
2026-06-03 12:51:29,165 - PIL.Image - DEBUG - Importing QoiImagePlugin
2026-06-03 12:51:29,304 - PIL.Image - DEBUG - Importing SgiImagePlugin
2026-06-03 12:51:29,435 - PIL.Image - DEBUG - Importing SpiderImagePlugin
2026-06-03 12:51:29,610 - PIL.Image - DEBUG - Importing SunImagePlugin
2026-06-03 12:51:30,260 - PIL.Image - DEBUG - Importing TgaImagePlugin
2026-06-03 12:51:30,576 - PIL.Image - DEBUG - Importing TiffImagePlugin
2026-06-03 12:51:30,576 - PIL.Image - DEBUG - Importing WebPImagePlugin
2026-06-03 12:51:31,766 - PIL.Image - DEBUG - Importing WmfImagePlugin
2026-06-03 12:51:31,820 - PIL.Image - DEBUG - Importing XbmImagePlugin
2026-06-03 12:51:31,864 - comtypes.client._create - DEBUG - SAPI.SPVoice -> {96749377-3391-11D2-9EE3-00C04F797396}
2026-06-03 12:51:31,865 - comtypes.client._create - DEBUG - CoCreateInstance({96749377-3391-11D2-9EE3-00C04F797396}, clsctx=None, interface=None)
2026-06-03 12:51:31,885 - comtypes.client._managing - DEBUG - GetBestInterface(<POINTER(IUnknown) ptr=0x1d07ab27770 at 1d02818dc50>)
2026-06-03 12:51:31,885 - comtypes.client._managing - DEBUG - Does implement IProvideClassInfo
2026-06-03 12:51:32,417 - PIL.Image - DEBUG - Importing XpmImagePlugin
2026-06-03 12:51:32,493 - PIL.Image - DEBUG - Importing XVThumbImagePlugin
2026-06-03 12:51:32,744 - comtypes.client._managing - DEBUG - Default interface is {269316D8-57BD-11D2-9EEE-00C04F797396}
2026-06-03 12:51:32,744 - comtypes._post_coinit.unknwn - DEBUG - Release <POINTER(IUnknown) ptr=0x1d07ab277b0 at 1d02818e8d0>
2026-06-03 12:51:32,744 - comtypes.client._generate - DEBUG - GetModule(TLIBATTR(GUID={C866CA3A-32F7-11D2-9602-00C04F8EE628}, Version=5.4, LCID=0, FLags=0x8))
2026-06-03 12:51:32,745 - comtypes.client._managing - DEBUG - Implements default interface from typeinfo <class 'comtypes.gen._C866CA3A_32F7_11D2_9602_00C04F8EE628_0_5_4.ISpeechVoice'>
2026-06-03 12:51:32,745 - comtypes.client._managing - DEBUG - Final result is <POINTER(ISpeechVoice) ptr=0x1d07ab277b0 at 1d02818e850>
2026-06-03 12:51:32,745 - comtypes._post_coinit.unknwn - DEBUG - Release <POINTER(IProvideClassInfo) ptr=0x1d07ab277d0 at 1d02818dad0>
2026-06-03 12:51:32,745 - comtypes._post_coinit.unknwn - DEBUG - Release <POINTER(ITypeInfo) ptr=0x1d027e939d8 at 1d02818dcd0>
2026-06-03 12:51:32,746 - comtypes._post_coinit.unknwn - DEBUG - Release <POINTER(ITypeInfo) ptr=0x1d027e93a30 at 1d02818e650>
2026-06-03 12:51:32,746 - comtypes._post_coinit.unknwn - DEBUG - Release <POINTER(ITypeLib) ptr=0x1d07db65060 at 1d02818e8d0>
2026-06-03 12:51:32,746 - comtypes._post_coinit.unknwn - DEBUG - Release <POINTER(IUnknown) ptr=0x1d07ab27770 at 1d02818dc50>
2026-06-03 12:51:32,747 - comtypes.client._events - DEBUG - <POINTER(ISpeechVoice) ptr=0x1d07ab277b0 at 1d02818e850> using sinkinterface from clsid <class 'comtypes.gen._C866CA3A_32F7_11D2_9602_00C04F8EE628_0_5_4._ISpeechVoiceEvents'>
2026-06-03 12:51:32,747 - comtypes._post_coinit.unknwn - DEBUG - Release <POINTER(IProvideClassInfo2) ptr=0x1d07ab277d0 at 1d02818dc50>
2026-06-03 12:51:32,748 - comtypes._vtbl - DEBUG - <comtypes.client._events.CreateEventReceiver.<locals>.Sink object at 0x000001D0281EA8D0>: _ISpeechVoiceEvents.VoiceChange not implemented
2026-06-03 12:51:32,748 - comtypes._vtbl - DEBUG - <comtypes.client._events.CreateEventReceiver.<locals>.Sink object at 0x000001D0281EA8D0>: _ISpeechVoiceEvents.Bookmark not implemented
2026-06-03 12:51:32,748 - comtypes._vtbl - DEBUG - <comtypes.client._events.CreateEventReceiver.<locals>.Sink object at 0x000001D0281EA8D0>: _ISpeechVoiceEvents.Sentence not implemented
2026-06-03 12:51:32,748 - comtypes._vtbl - DEBUG - <comtypes.client._events.CreateEventReceiver.<locals>.Sink object at 0x000001D0281EA8D0>: _ISpeechVoiceEvents.Phoneme not implemented
2026-06-03 12:51:32,748 - comtypes._vtbl - DEBUG - <comtypes.client._events.CreateEventReceiver.<locals>.Sink object at 0x000001D0281EA8D0>: _ISpeechVoiceEvents.Viseme not implemented
2026-06-03 12:51:32,749 - comtypes._vtbl - DEBUG - <comtypes.client._events.CreateEventReceiver.<locals>.Sink object at 0x000001D0281EA8D0>: _ISpeechVoiceEvents.AudioLevel not implemented
2026-06-03 12:51:32,749 - comtypes._vtbl - DEBUG - <comtypes.client._events.CreateEventReceiver.<locals>.Sink object at 0x000001D0281EA8D0>: _ISpeechVoiceEvents.EnginePrivate not implemented
2026-06-03 12:51:32,749 - comtypes.client._events - DEBUG - Start advise <class 'comtypes.gen._C866CA3A_32F7_11D2_9602_00C04F8EE628_0_5_4._ISpeechVoiceEvents'>
2026-06-03 12:51:32,769 - comtypes._comobject - DEBUG - <comtypes.client._events.CreateEventReceiver.<locals>.Sink object at 0x000001D0281EA8D0>.QueryInterface({A372ACD1-3BEF-4BBD-8FFB-CB3E2B416AF8}) -> S_OK
2026-06-03 12:51:32,769 - comtypes._comobject - DEBUG - 1 active COM objects: Added   <comtypes.client._events.CreateEventReceiver.<locals>.Sink object at 0x000001D0281EA8D0>
2026-06-03 12:51:32,769 - comtypes._comobject - DEBUG - <comtypes.client._events.CreateEventReceiver.<locals>.Sink object at 0x000001D0281EA8D0>.AddRef() -> 1
2026-06-03 12:51:32,772 - comtypes._post_coinit.unknwn - DEBUG - Release <POINTER(IConnectionPointContainer) ptr=0x1d07ab277d8 at 1d02818ee50>
2026-06-03 12:52:06,028 - comtypes.client._managing - DEBUG - wrap_outparam(<POINTER(ISpeechObjectToken) ptr=0x1d07ab644d0 at 1d02818ee50>)
2026-06-03 12:52:06,510 - comtypes._post_coinit.unknwn - DEBUG - Release <POINTER(ISpeechObjectToken) ptr=0x1d07ab644d0 at 1d02818ee50>
2026-06-03 12:52:06,510 - comtypes.client._managing - DEBUG - wrap_outparam(<POINTER(ISpeechObjectTokens) ptr=0x1d02a3cd4d0 at 1d02818ee50>)
2026-06-03 12:52:06,511 - comtypes._post_coinit.unknwn - DEBUG - Release <POINTER(IUnknown) ptr=0x1d02a3ac280 at 1d028efb0d0>
2026-06-03 12:52:06,511 - comtypes.client._managing - DEBUG - wrap_outparam(<POINTER(IDispatch) ptr=0x1d0009fda70 at 1d028efb250>)
2026-06-03 12:52:06,511 - comtypes.client._managing - DEBUG - GetBestInterface(<POINTER(IDispatch) ptr=0x1d0009fda70 at 1d028efb250>)
2026-06-03 12:52:06,511 - comtypes.client._managing - DEBUG - Does NOT implement IProvideClassInfo, trying IProvideClassInfo2
2026-06-03 12:52:06,512 - comtypes.client._managing - DEBUG - Does NOT implement IProvideClassInfo/IProvideClassInfo2
2026-06-03 12:52:06,513 - comtypes._post_coinit.unknwn - DEBUG - Release <POINTER(IUnknown) ptr=0x1d027e93ae0 at 1d028efb450>
2026-06-03 12:52:06,513 - comtypes.client._managing - DEBUG - Default interface is {C74A3ADC-B727-4500-A84A-B526721C8B8C}
2026-06-03 12:52:06,513 - comtypes._post_coinit.unknwn - DEBUG - Release <POINTER(IUnknown) ptr=0x1d0009fda70 at 1d028efb550>
2026-06-03 12:52:06,513 - comtypes.client._generate - DEBUG - GetModule(TLIBATTR(GUID={C866CA3A-32F7-11D2-9602-00C04F8EE628}, Version=5.4, LCID=0, FLags=0x8))
2026-06-03 12:52:06,513 - comtypes.client._managing - DEBUG - Implements default interface from typeinfo <class 'comtypes.gen._C866CA3A_32F7_11D2_9602_00C04F8EE628_0_5_4.ISpeechObjectToken'>
2026-06-03 12:52:06,513 - comtypes.client._managing - DEBUG - Final result is <POINTER(ISpeechObjectToken) ptr=0x1d0009fda70 at 1d028efb450>
2026-06-03 12:52:06,514 - comtypes._post_coinit.unknwn - DEBUG - Release <POINTER(IDispatch) ptr=0x1d0009fda70 at 1d028efb3d0>
2026-06-03 12:52:06,514 - comtypes._post_coinit.unknwn - DEBUG - Release <POINTER(ITypeInfo) ptr=0x1d027e93ae0 at 1d028efb4d0>
2026-06-03 12:52:06,633 - comtypes._post_coinit.unknwn - DEBUG - Release <POINTER(ITypeLib) ptr=0x1d07db65060 at 1d028efb550>
2026-06-03 12:52:06,633 - comtypes._post_coinit.unknwn - DEBUG - Release <POINTER(IDispatch) ptr=0x1d0009fda70 at 1d028efb250>
2026-06-03 12:52:06,633 - comtypes._post_coinit.unknwn - DEBUG - Release <POINTER(IEnumVARIANT) ptr=0x1d02a3ac280 at 1d028efb150>
2026-06-03 12:52:06,633 - comtypes._post_coinit.unknwn - DEBUG - Release <POINTER(ISpeechObjectTokens) ptr=0x1d02a3cd4d0 at 1d02818ee50>
2026-06-03 12:52:06,634 - comtypes._post_coinit.unknwn - DEBUG - Release <POINTER(ISpeechObjectToken) ptr=0x1d0009fda70 at 1d028efb450>
2026-06-03 12:52:06,634 - comtypes.client._managing - DEBUG - wrap_outparam(<POINTER(ISpeechObjectTokens) ptr=0x1d02a3cd450 at 1d02818ee50>)
2026-06-03 12:52:06,634 - comtypes._post_coinit.unknwn - DEBUG - Release <POINTER(IUnknown) ptr=0x1d02a3ac140 at 1d028efb450>
2026-06-03 12:52:06,634 - comtypes._post_coinit.unknwn - DEBUG - Release <POINTER(ISpeechObjectTokens) ptr=0x1d02a3cd450 at 1d02818ee50>
2026-06-03 12:52:06,635 - comtypes.client._managing - DEBUG - wrap_outparam(<POINTER(IDispatch) ptr=0x1d0009fda70 at 1d028efb150>)
2026-06-03 12:52:06,635 - comtypes.client._managing - DEBUG - GetBestInterface(<POINTER(IDispatch) ptr=0x1d0009fda70 at 1d028efb150>)
2026-06-03 12:52:06,635 - comtypes.client._managing - DEBUG - Does NOT implement IProvideClassInfo, trying IProvideClassInfo2
2026-06-03 12:52:06,635 - comtypes.client._managing - DEBUG - Does NOT implement IProvideClassInfo/IProvideClassInfo2
2026-06-03 12:52:06,635 - comtypes._post_coinit.unknwn - DEBUG - Release <POINTER(IUnknown) ptr=0x1d027e93ae0 at 1d028efb550>
2026-06-03 12:52:06,636 - comtypes.client._managing - DEBUG - Default interface is {C74A3ADC-B727-4500-A84A-B526721C8B8C}
2026-06-03 12:52:06,636 - comtypes._post_coinit.unknwn - DEBUG - Release <POINTER(IUnknown) ptr=0x1d0009fda70 at 1d028efb2d0>
2026-06-03 12:52:06,636 - comtypes.client._generate - DEBUG - GetModule(TLIBATTR(GUID={C866CA3A-32F7-11D2-9602-00C04F8EE628}, Version=5.4, LCID=0, FLags=0x8))
2026-06-03 12:52:06,636 - comtypes.client._managing - DEBUG - Implements default interface from typeinfo <class 'comtypes.gen._C866CA3A_32F7_11D2_9602_00C04F8EE628_0_5_4.ISpeechObjectToken'>
2026-06-03 12:52:06,636 - comtypes.client._managing - DEBUG - Final result is <POINTER(ISpeechObjectToken) ptr=0x1d0009fda70 at 1d028efb550>
2026-06-03 12:52:06,636 - comtypes._post_coinit.unknwn - DEBUG - Release <POINTER(IDispatch) ptr=0x1d0009fda70 at 1d028efb250>
2026-06-03 12:52:06,636 - comtypes._post_coinit.unknwn - DEBUG - Release <POINTER(ITypeInfo) ptr=0x1d027e93ae0 at 1d028efb350>
2026-06-03 12:52:06,636 - comtypes._post_coinit.unknwn - DEBUG - Release <POINTER(ITypeLib) ptr=0x1d07db65060 at 1d028efb2d0>
2026-06-03 12:52:06,636 - comtypes._post_coinit.unknwn - DEBUG - Release <POINTER(IDispatch) ptr=0x1d0009fda70 at 1d028efb150>
2026-06-03 12:52:06,637 - comtypes.client._managing - DEBUG - wrap_outparam(<POINTER(IDispatch) ptr=0x1d0009fe010 at 1d028efb2d0>)
2026-06-03 12:52:06,637 - comtypes.client._managing - DEBUG - GetBestInterface(<POINTER(IDispatch) ptr=0x1d0009fe010 at 1d028efb2d0>)
2026-06-03 12:52:06,637 - comtypes.client._managing - DEBUG - Does NOT implement IProvideClassInfo, trying IProvideClassInfo2
2026-06-03 12:52:06,637 - comtypes.client._managing - DEBUG - Does NOT implement IProvideClassInfo/IProvideClassInfo2
2026-06-03 12:52:06,637 - comtypes._post_coinit.unknwn - DEBUG - Release <POINTER(IUnknown) ptr=0x1d027e93ae0 at 1d028efb250>
2026-06-03 12:52:06,637 - comtypes.client._managing - DEBUG - Default interface is {C74A3ADC-B727-4500-A84A-B526721C8B8C}
2026-06-03 12:52:06,638 - comtypes._post_coinit.unknwn - DEBUG - Release <POINTER(IUnknown) ptr=0x1d0009fe010 at 1d028efb4d0>
2026-06-03 12:52:06,638 - comtypes.client._generate - DEBUG - GetModule(TLIBATTR(GUID={C866CA3A-32F7-11D2-9602-00C04F8EE628}, Version=5.4, LCID=0, FLags=0x8))
2026-06-03 12:52:06,638 - comtypes.client._managing - DEBUG - Implements default interface from typeinfo <class 'comtypes.gen._C866CA3A_32F7_11D2_9602_00C04F8EE628_0_5_4.ISpeechObjectToken'>
2026-06-03 12:52:06,638 - comtypes.client._managing - DEBUG - Final result is <POINTER(ISpeechObjectToken) ptr=0x1d0009fe010 at 1d028efb250>
2026-06-03 12:52:06,638 - comtypes._post_coinit.unknwn - DEBUG - Release <POINTER(IDispatch) ptr=0x1d0009fe010 at 1d028efb350>
2026-06-03 12:52:06,638 - comtypes._post_coinit.unknwn - DEBUG - Release <POINTER(ITypeInfo) ptr=0x1d027e93ae0 at 1d028efb3d0>
2026-06-03 12:52:06,638 - comtypes._post_coinit.unknwn - DEBUG - Release <POINTER(ITypeLib) ptr=0x1d07db65060 at 1d028efb4d0>
2026-06-03 12:52:06,638 - comtypes._post_coinit.unknwn - DEBUG - Release <POINTER(IDispatch) ptr=0x1d0009fe010 at 1d028efb2d0>
2026-06-03 12:52:06,638 - comtypes._post_coinit.unknwn - DEBUG - Release <POINTER(ISpeechObjectToken) ptr=0x1d0009fda70 at 1d028efb550>
2026-06-03 12:52:06,639 - comtypes._post_coinit.unknwn - DEBUG - Release <POINTER(IEnumVARIANT) ptr=0x1d02a3ac140 at 1d028efb050>
2026-06-03 12:52:06,639 - comtypes._post_coinit.unknwn - DEBUG - Release <POINTER(ISpeechObjectToken) ptr=0x1d0009fe010 at 1d028efb250>
2026-06-03 12:52:06,639 - __main__ - INFO - Calling engine.runAndWait()
2026-06-03 12:52:06,640 - comtypes.client._managing - DEBUG - wrap_outparam(<POINTER(ISpeechObjectTokens) ptr=0x1d02a3cded0 at 1d02818ee50>)
2026-06-03 12:52:06,640 - comtypes._post_coinit.unknwn - DEBUG - Release <POINTER(IUnknown) ptr=0x1d02a3ac6e0 at 1d028efb250>
2026-06-03 12:52:06,640 - comtypes.client._managing - DEBUG - wrap_outparam(<POINTER(IDispatch) ptr=0x1d0009fdcb0 at 1d028efb2d0>)
2026-06-03 12:52:06,640 - comtypes.client._managing - DEBUG - GetBestInterface(<POINTER(IDispatch) ptr=0x1d0009fdcb0 at 1d028efb2d0>)
2026-06-03 12:52:06,640 - comtypes.client._managing - DEBUG - Does NOT implement IProvideClassInfo, trying IProvideClassInfo2
2026-06-03 12:52:06,641 - comtypes.client._managing - DEBUG - Does NOT implement IProvideClassInfo/IProvideClassInfo2
2026-06-03 12:52:06,641 - comtypes._post_coinit.unknwn - DEBUG - Release <POINTER(IUnknown) ptr=0x1d027e93ae0 at 1d028efb3d0>
2026-06-03 12:52:06,641 - comtypes.client._managing - DEBUG - Default interface is {C74A3ADC-B727-4500-A84A-B526721C8B8C}
2026-06-03 12:52:06,641 - comtypes._post_coinit.unknwn - DEBUG - Release <POINTER(IUnknown) ptr=0x1d0009fdcb0 at 1d028efb5d0>
2026-06-03 12:52:06,641 - comtypes.client._generate - DEBUG - GetModule(TLIBATTR(GUID={C866CA3A-32F7-11D2-9602-00C04F8EE628}, Version=5.4, LCID=0, FLags=0x8))
2026-06-03 12:52:06,641 - comtypes.client._managing - DEBUG - Implements default interface from typeinfo <class 'comtypes.gen._C866CA3A_32F7_11D2_9602_00C04F8EE628_0_5_4.ISpeechObjectToken'>
2026-06-03 12:52:06,641 - comtypes.client._managing - DEBUG - Final result is <POINTER(ISpeechObjectToken) ptr=0x1d0009fdcb0 at 1d028efb3d0>
2026-06-03 12:52:06,641 - comtypes._post_coinit.unknwn - DEBUG - Release <POINTER(IDispatch) ptr=0x1d0009fdcb0 at 1d028efb1d0>
2026-06-03 12:52:06,642 - comtypes._post_coinit.unknwn - DEBUG - Release <POINTER(ITypeInfo) ptr=0x1d027e93ae0 at 1d028efb350>
2026-06-03 12:52:06,642 - comtypes._post_coinit.unknwn - DEBUG - Release <POINTER(ITypeLib) ptr=0x1d07db65060 at 1d028efb5d0>
2026-06-03 12:52:06,642 - comtypes._post_coinit.unknwn - DEBUG - Release <POINTER(IDispatch) ptr=0x1d0009fdcb0 at 1d028efb2d0>
2026-06-03 12:52:06,642 - comtypes._post_coinit.unknwn - DEBUG - Release <POINTER(IEnumVARIANT) ptr=0x1d02a3ac6e0 at 1d028efb050>
2026-06-03 12:52:06,642 - comtypes._post_coinit.unknwn - DEBUG - Release <POINTER(ISpeechObjectTokens) ptr=0x1d02a3cded0 at 1d02818ee50>
2026-06-03 12:52:06,642 - comtypes._post_coinit.unknwn - DEBUG - Release <POINTER(ISpeechObjectToken) ptr=0x1d0009fdcb0 at 1d028efb3d0>
2026-06-03 12:52:06,673 - comtypes.client._managing - DEBUG - wrap_outparam(<POINTER(ISpeechObjectToken) ptr=0x1d07ab644d0 at 1d02818ee50>)
2026-06-03 12:52:06,674 - comtypes._post_coinit.unknwn - DEBUG - Release <POINTER(ISpeechObjectToken) ptr=0x1d07ab644d0 at 1d02818ee50>
2026-06-03 12:52:21,485 - comtypes._comobject - DEBUG - <comtypes.client._events.CreateEventReceiver.<locals>.Sink object at 0x000001D0281EA8D0>.AddRef() -> 2
2026-06-03 12:52:21,847 - comtypes._comobject - DEBUG - <comtypes.client._events.CreateEventReceiver.<locals>.Sink object at 0x000001D0281EA8D0>.Release() -> 1
2026-06-03 12:52:21,848 - comtypes._comobject - DEBUG - <comtypes.client._events.CreateEventReceiver.<locals>.Sink object at 0x000001D0281EA8D0>.AddRef() -> 2
2026-06-03 12:52:21,848 - comtypes.client._managing - DEBUG - wrap_outparam(<POINTER(IDispatch) ptr=0x1d07ab64dd0 at 1d02b14ced0>)
2026-06-03 12:52:21,848 - comtypes.client._managing - DEBUG - GetBestInterface(<POINTER(IDispatch) ptr=0x1d07ab64dd0 at 1d02b14ced0>)
2026-06-03 12:52:21,849 - comtypes.client._managing - DEBUG - Does NOT implement IProvideClassInfo, trying IProvideClassInfo2
2026-06-03 12:52:21,849 - comtypes.client._managing - DEBUG - Does NOT implement IProvideClassInfo/IProvideClassInfo2
2026-06-03 12:52:21,849 - comtypes._post_coinit.unknwn - DEBUG - Release <POINTER(IUnknown) ptr=0x1d027e93ae0 at 1d02b14d0d0>
2026-06-03 12:52:21,849 - comtypes.client._managing - DEBUG - Default interface is {C74A3ADC-B727-4500-A84A-B526721C8B8C}
2026-06-03 12:52:21,850 - comtypes._post_coinit.unknwn - DEBUG - Release <POINTER(IUnknown) ptr=0x1d07ab64dd0 at 1d02b14d1d0>
2026-06-03 12:52:21,850 - comtypes.client._generate - DEBUG - GetModule(TLIBATTR(GUID={C866CA3A-32F7-11D2-9602-00C04F8EE628}, Version=5.4, LCID=0, FLags=0x8))
2026-06-03 12:52:21,850 - comtypes.client._managing - DEBUG - Implements default interface from typeinfo <class 'comtypes.gen._C866CA3A_32F7_11D2_9602_00C04F8EE628_0_5_4.ISpeechObjectToken'>
2026-06-03 12:52:21,850 - comtypes.client._managing - DEBUG - Final result is <POINTER(ISpeechObjectToken) ptr=0x1d07ab64dd0 at 1d02b14d0d0>
2026-06-03 12:52:21,850 - comtypes._post_coinit.unknwn - DEBUG - Release <POINTER(IDispatch) ptr=0x1d07ab64dd0 at 1d02b14d050>
2026-06-03 12:52:21,850 - comtypes._post_coinit.unknwn - DEBUG - Release <POINTER(ITypeInfo) ptr=0x1d027e93ae0 at 1d02b14d150>
2026-06-03 12:52:21,850 - comtypes._post_coinit.unknwn - DEBUG - Release <POINTER(ITypeLib) ptr=0x1d07db65060 at 1d02b14d1d0>
2026-06-03 12:52:21,850 - comtypes._post_coinit.unknwn - DEBUG - Release <POINTER(IDispatch) ptr=0x1d07ab64dd0 at 1d02b14ced0>
2026-06-03 12:52:21,851 - comtypes._vtbl - DEBUG - unimplemented method _ISpeechVoiceEvents_VoiceChange called
2026-06-03 12:52:21,851 - comtypes._post_coinit.unknwn - DEBUG - Release <POINTER(ISpeechObjectToken) ptr=0x1d07ab64dd0 at 1d02b14d0d0>
2026-06-03 12:52:21,851 - comtypes._comobject - DEBUG - <comtypes.client._events.CreateEventReceiver.<locals>.Sink object at 0x000001D0281EA8D0>.Release() -> 1
2026-06-03 12:52:25,979 - comtypes._comobject - DEBUG - <comtypes.client._events.CreateEventReceiver.<locals>.Sink object at 0x000001D0281EA8D0>.AddRef() -> 2
2026-06-03 12:52:25,979 - comtypes._vtbl - DEBUG - unimplemented method _ISpeechVoiceEvents_Sentence called
2026-06-03 12:52:25,979 - comtypes._comobject - DEBUG - <comtypes.client._events.CreateEventReceiver.<locals>.Sink object at 0x000001D0281EA8D0>.Release() -> 1
2026-06-03 12:52:25,979 - comtypes._comobject - DEBUG - <comtypes.client._events.CreateEventReceiver.<locals>.Sink object at 0x000001D0281EA8D0>.AddRef() -> 2
2026-06-03 12:52:25,979 - comtypes._vtbl - DEBUG - unimplemented method _ISpeechVoiceEvents_Phoneme called
2026-06-03 12:52:25,979 - comtypes._comobject - DEBUG - <comtypes.client._events.CreateEventReceiver.<locals>.Sink object at 0x000001D0281EA8D0>.Release() -> 1
2026-06-03 12:52:25,979 - comtypes._comobject - DEBUG - <comtypes.client._events.CreateEventReceiver.<locals>.Sink object at 0x000001D0281EA8D0>.AddRef() -> 2
2026-06-03 12:52:25,979 - comtypes._vtbl - DEBUG - unimplemented method _ISpeechVoiceEvents_Viseme called
2026-06-03 12:52:25,979 - comtypes._comobject - DEBUG - <comtypes.client._events.CreateEventReceiver.<locals>.Sink object at 0x000001D0281EA8D0>.Release() -> 1
2026-06-03 12:52:28,961 - comtypes._comobject - DEBUG - <comtypes.client._events.CreateEventReceiver.<locals>.Sink object at 0x000001D0281EA8D0>.AddRef() -> 2
2026-06-03 12:52:28,964 - comtypes._comobject - DEBUG - <comtypes.client._events.CreateEventReceiver.<locals>.Sink object at 0x000001D0281EA8D0>.Release() -> 1
2026-06-03 12:52:28,998 - comtypes._comobject - DEBUG - <comtypes.client._events.CreateEventReceiver.<locals>.Sink object at 0x000001D0281EA8D0>.AddRef() -> 2
2026-06-03 12:52:29,001 - comtypes._vtbl - DEBUG - unimplemented method _ISpeechVoiceEvents_Phoneme called
2026-06-03 12:52:29,001 - comtypes._comobject - DEBUG - <comtypes.client._events.CreateEventReceiver.<locals>.Sink object at 0x000001D0281EA8D0>.Release() -> 1
2026-06-03 12:52:29,001 - comtypes._comobject - DEBUG - <comtypes.client._events.CreateEventReceiver.<locals>.Sink object at 0x000001D0281EA8D0>.AddRef() -> 2
2026-06-03 12:52:29,001 - comtypes._vtbl - DEBUG - unimplemented method _ISpeechVoiceEvents_Viseme called
2026-06-03 12:52:29,001 - comtypes._comobject - DEBUG - <comtypes.client._events.CreateEventReceiver.<locals>.Sink object at 0x000001D0281EA8D0>.Release() -> 1
2026-06-03 12:52:29,001 - comtypes._comobject - DEBUG - <comtypes.client._events.CreateEventReceiver.<locals>.Sink object at 0x000001D0281EA8D0>.AddRef() -> 2
2026-06-03 12:52:29,003 - comtypes._vtbl - DEBUG - unimplemented method _ISpeechVoiceEvents_Viseme called
2026-06-03 12:52:29,003 - comtypes._comobject - DEBUG - <comtypes.client._events.CreateEventReceiver.<locals>.Sink object at 0x000001D0281EA8D0>.Release() -> 1
2026-06-03 12:52:29,053 - comtypes._comobject - DEBUG - <comtypes.client._events.CreateEventReceiver.<locals>.Sink object at 0x000001D0281EA8D0>.AddRef() -> 2
2026-06-03 12:52:29,053 - comtypes._vtbl - DEBUG - unimplemented method _ISpeechVoiceEvents_Phoneme called
2026-06-03 12:52:29,053 - comtypes._comobject - DEBUG - <comtypes.client._events.CreateEventReceiver.<locals>.Sink object at 0x000001D0281EA8D0>.Release() -> 1
2026-06-03 12:52:29,053 - comtypes._comobject - DEBUG - <comtypes.client._events.CreateEventReceiver.<locals>.Sink object at 0x000001D0281EA8D0>.AddRef() -> 2
2026-06-03 12:52:29,053 - comtypes._vtbl - DEBUG - unimplemented method _ISpeechVoiceEvents_Viseme called
2026-06-03 12:52:29,053 - comtypes._comobject - DEBUG - <comtypes.client._events.CreateEventReceiver.<locals>.Sink object at 0x000001D0281EA8D0>.Release() -> 1
2026-06-03 12:52:29,155 - comtypes._comobject - DEBUG - <comtypes.client._events.CreateEventReceiver.<locals>.Sink object at 0x000001D0281EA8D0>.AddRef() -> 2
2026-06-03 12:52:29,155 - comtypes._vtbl - DEBUG - unimplemented method _ISpeechVoiceEvents_Phoneme called
2026-06-03 12:52:29,155 - comtypes._comobject - DEBUG - <comtypes.client._events.CreateEventReceiver.<locals>.Sink object at 0x000001D0281EA8D0>.Release() -> 1
2026-06-03 12:52:29,155 - comtypes._comobject - DEBUG - <comtypes.client._events.CreateEventReceiver.<locals>.Sink object at 0x000001D0281EA8D0>.AddRef() -> 2
2026-06-03 12:52:29,155 - comtypes._vtbl - DEBUG - unimplemented method _ISpeechVoiceEvents_Viseme called
2026-06-03 12:52:29,155 - comtypes._comobject - DEBUG - <comtypes.client._events.CreateEventReceiver.<locals>.Sink object at 0x000001D0281EA8D0>.Release() -> 1
2026-06-03 12:52:29,601 - comtypes._comobject - DEBUG - <comtypes.client._events.CreateEventReceiver.<locals>.Sink object at 0x000001D0281EA8D0>.AddRef() -> 2
2026-06-03 12:52:29,602 - comtypes._vtbl - DEBUG - unimplemented method _ISpeechVoiceEvents_Phoneme called
2026-06-03 12:52:29,602 - comtypes._comobject - DEBUG - <comtypes.client._events.CreateEventReceiver.<locals>.Sink object at 0x000001D0281EA8D0>.Release() -> 1
2026-06-03 12:52:29,602 - comtypes._comobject - DEBUG - <comtypes.client._events.CreateEventReceiver.<locals>.Sink object at 0x000001D0281EA8D0>.AddRef() -> 2
2026-06-03 12:52:29,602 - comtypes._vtbl - DEBUG - unimplemented method _ISpeechVoiceEvents_Viseme called
2026-06-03 12:52:29,602 - comtypes._comobject - DEBUG - <comtypes.client._events.CreateEventReceiver.<locals>.Sink object at 0x000001D0281EA8D0>.Release() -> 1
2026-06-03 12:52:29,602 - comtypes._comobject - DEBUG - <comtypes.client._events.CreateEventReceiver.<locals>.Sink object at 0x000001D0281EA8D0>.AddRef() -> 2
2026-06-03 12:52:29,602 - comtypes._vtbl - DEBUG - unimplemented method _ISpeechVoiceEvents_Phoneme called
2026-06-03 12:52:29,603 - comtypes._comobject - DEBUG - <comtypes.client._events.CreateEventReceiver.<locals>.Sink object at 0x000001D0281EA8D0>.Release() -> 1
2026-06-03 12:52:29,603 - comtypes._comobject - DEBUG - <comtypes.client._events.CreateEventReceiver.<locals>.Sink object at 0x000001D0281EA8D0>.AddRef() -> 2
2026-06-03 12:52:29,603 - comtypes._vtbl - DEBUG - unimplemented method _ISpeechVoiceEvents_Viseme called
2026-06-03 12:52:29,603 - comtypes._comobject - DEBUG - <comtypes.client._events.CreateEventReceiver.<locals>.Sink object at 0x000001D0281EA8D0>.Release() -> 1
2026-06-03 12:52:29,603 - comtypes._comobject - DEBUG - <comtypes.client._events.CreateEventReceiver.<locals>.Sink object at 0x000001D0281EA8D0>.AddRef() -> 2
2026-06-03 12:52:29,603 - comtypes._vtbl - DEBUG - unimplemented method _ISpeechVoiceEvents_Phoneme called
2026-06-03 12:52:29,603 - comtypes._comobject - DEBUG - <comtypes.client._events.CreateEventReceiver.<locals>.Sink object at 0x000001D0281EA8D0>.Release() -> 1
2026-06-03 12:52:29,603 - comtypes._comobject - DEBUG - <comtypes.client._events.CreateEventReceiver.<locals>.Sink object at 0x000001D0281EA8D0>.AddRef() -> 2
2026-06-03 12:52:29,603 - comtypes._vtbl - DEBUG - unimplemented method _ISpeechVoiceEvents_Viseme called
2026-06-03 12:52:29,603 - comtypes._comobject - DEBUG - <comtypes.client._events.CreateEventReceiver.<locals>.Sink object at 0x000001D0281EA8D0>.Release() -> 1
2026-06-03 12:52:29,604 - comtypes._comobject - DEBUG - <comtypes.client._events.CreateEventReceiver.<locals>.Sink object at 0x000001D0281EA8D0>.AddRef() -> 2
2026-06-03 12:52:29,604 - comtypes._comobject - DEBUG - <comtypes.client._events.CreateEventReceiver.<locals>.Sink object at 0x000001D0281EA8D0>.Release() -> 1
2026-06-03 12:52:29,604 - comtypes._comobject - DEBUG - <comtypes.client._events.CreateEventReceiver.<locals>.Sink object at 0x000001D0281EA8D0>.AddRef() -> 2
2026-06-03 12:52:29,604 - comtypes._vtbl - DEBUG - unimplemented method _ISpeechVoiceEvents_Phoneme called
2026-06-03 12:52:29,604 - comtypes._comobject - DEBUG - <comtypes.client._events.CreateEventReceiver.<locals>.Sink object at 0x000001D0281EA8D0>.Release() -> 1
2026-06-03 12:52:29,604 - comtypes._comobject - DEBUG - <comtypes.client._events.CreateEventReceiver.<locals>.Sink object at 0x000001D0281EA8D0>.AddRef() -> 2
2026-06-03 12:52:29,604 - comtypes._vtbl - DEBUG - unimplemented method _ISpeechVoiceEvents_Viseme called
2026-06-03 12:52:29,604 - comtypes._comobject - DEBUG - <comtypes.client._events.CreateEventReceiver.<locals>.Sink object at 0x000001D0281EA8D0>.Release() -> 1
2026-06-03 12:52:29,604 - comtypes._comobject - DEBUG - <comtypes.client._events.CreateEventReceiver.<locals>.Sink object at 0x000001D0281EA8D0>.AddRef() -> 2
2026-06-03 12:52:29,604 - comtypes._vtbl - DEBUG - unimplemented method _ISpeechVoiceEvents_Phoneme called
2026-06-03 12:52:29,604 - comtypes._comobject - DEBUG - <comtypes.client._events.CreateEventReceiver.<locals>.Sink object at 0x000001D0281EA8D0>.Release() -> 1
2026-06-03 12:52:29,605 - comtypes._comobject - DEBUG - <comtypes.client._events.CreateEventReceiver.<locals>.Sink object at 0x000001D0281EA8D0>.AddRef() -> 2
2026-06-03 12:52:29,605 - comtypes._vtbl - DEBUG - unimplemented method _ISpeechVoiceEvents_Viseme called
2026-06-03 12:52:29,605 - comtypes._comobject - DEBUG - <comtypes.client._events.CreateEventReceiver.<locals>.Sink object at 0x000001D0281EA8D0>.Release() -> 1
2026-06-03 12:52:29,605 - comtypes._comobject - DEBUG - <comtypes.client._events.CreateEventReceiver.<locals>.Sink object at 0x000001D0281EA8D0>.AddRef() -> 2
2026-06-03 12:52:29,605 - comtypes._vtbl - DEBUG - unimplemented method _ISpeechVoiceEvents_Phoneme called
2026-06-03 12:52:29,605 - comtypes._comobject - DEBUG - <comtypes.client._events.CreateEventReceiver.<locals>.Sink object at 0x000001D0281EA8D0>.Release() -> 1
2026-06-03 12:52:29,605 - comtypes._comobject - DEBUG - <comtypes.client._events.CreateEventReceiver.<locals>.Sink object at 0x000001D0281EA8D0>.AddRef() -> 2
2026-06-03 12:52:29,605 - comtypes._vtbl - DEBUG - unimplemented method _ISpeechVoiceEvents_Viseme called
2026-06-03 12:52:29,605 - comtypes._comobject - DEBUG - <comtypes.client._events.CreateEventReceiver.<locals>.Sink object at 0x000001D0281EA8D0>.Release() -> 1
2026-06-03 12:52:29,656 - comtypes._comobject - DEBUG - <comtypes.client._events.CreateEventReceiver.<locals>.Sink object at 0x000001D0281EA8D0>.AddRef() -> 2
2026-06-03 12:52:29,656 - comtypes._vtbl - DEBUG - unimplemented method _ISpeechVoiceEvents_Phoneme called
2026-06-03 12:52:29,656 - comtypes._comobject - DEBUG - <comtypes.client._events.CreateEventReceiver.<locals>.Sink object at 0x000001D0281EA8D0>.Release() -> 1
2026-06-03 12:52:29,656 - comtypes._comobject - DEBUG - <comtypes.client._events.CreateEventReceiver.<locals>.Sink object at 0x000001D0281EA8D0>.AddRef() -> 2
2026-06-03 12:52:29,656 - comtypes._vtbl - DEBUG - unimplemented method _ISpeechVoiceEvents_Viseme called
2026-06-03 12:52:29,656 - comtypes._comobject - DEBUG - <comtypes.client._events.CreateEventReceiver.<locals>.Sink object at 0x000001D0281EA8D0>.Release() -> 1
2026-06-03 12:52:29,757 - comtypes._comobject - DEBUG - <comtypes.client._events.CreateEventReceiver.<locals>.Sink object at 0x000001D0281EA8D0>.AddRef() -> 2
2026-06-03 12:52:29,757 - comtypes._vtbl - DEBUG - unimplemented method _ISpeechVoiceEvents_Viseme called
2026-06-03 12:52:29,757 - comtypes._comobject - DEBUG - <comtypes.client._events.CreateEventReceiver.<locals>.Sink object at 0x000001D0281EA8D0>.Release() -> 1
2026-06-03 12:52:29,808 - comtypes._comobject - DEBUG - <comtypes.client._events.CreateEventReceiver.<locals>.Sink object at 0x000001D0281EA8D0>.AddRef() -> 2
2026-06-03 12:52:29,808 - comtypes._vtbl - DEBUG - unimplemented method _ISpeechVoiceEvents_Phoneme called
2026-06-03 12:52:29,808 - comtypes._comobject - DEBUG - <comtypes.client._events.CreateEventReceiver.<locals>.Sink object at 0x000001D0281EA8D0>.Release() -> 1
2026-06-03 12:52:29,808 - comtypes._comobject - DEBUG - <comtypes.client._events.CreateEventReceiver.<locals>.Sink object at 0x000001D0281EA8D0>.AddRef() -> 2
2026-06-03 12:52:29,808 - comtypes._vtbl - DEBUG - unimplemented method _ISpeechVoiceEvents_Viseme called
2026-06-03 12:52:29,808 - comtypes._comobject - DEBUG - <comtypes.client._events.CreateEventReceiver.<locals>.Sink object at 0x000001D0281EA8D0>.Release() -> 1
2026-06-03 12:52:29,959 - comtypes._comobject - DEBUG - <comtypes.client._events.CreateEventReceiver.<locals>.Sink object at 0x000001D0281EA8D0>.AddRef() -> 2
2026-06-03 12:52:29,959 - comtypes._vtbl - DEBUG - unimplemented method _ISpeechVoiceEvents_Phoneme called
2026-06-03 12:52:29,959 - comtypes._comobject - DEBUG - <comtypes.client._events.CreateEventReceiver.<locals>.Sink object at 0x000001D0281EA8D0>.Release() -> 1
2026-06-03 12:52:29,959 - comtypes._comobject - DEBUG - <comtypes.client._events.CreateEventReceiver.<locals>.Sink object at 0x000001D0281EA8D0>.AddRef() -> 2
2026-06-03 12:52:29,959 - comtypes._vtbl - DEBUG - unimplemented method _ISpeechVoiceEvents_Viseme called
2026-06-03 12:52:29,959 - comtypes._comobject - DEBUG - <comtypes.client._events.CreateEventReceiver.<locals>.Sink object at 0x000001D0281EA8D0>.Release() -> 1
2026-06-03 12:52:30,882 - voice.tts_engines.piper_engine - ERROR - Piper TTS dependencies not installed: No module named 'piper.download'
2026-06-03 12:52:30,882 - voice.tts_engines.piper_engine - WARNING - To install Piper: pip install piper-tts sounddevice numpy
2026-06-03 12:52:30,883 - voice.tts_engines.engine_selector - WARNING - Failed to initialize piper, falling back...
2026-06-03 12:52:30,883 - voice.tts_engines.piper_engine - INFO - Initializing Piper TTS engine...
2026-06-03 12:52:30,883 - voice.tts_engines.piper_engine - ERROR - Piper TTS dependencies not installed: No module named 'piper.download'
2026-06-03 12:52:30,883 - voice.tts_engines.piper_engine - WARNING - To install Piper: pip install piper-tts sounddevice numpy
2026-06-03 12:52:30,883 - voice.tts_engines.pyttsx3_engine - INFO - Initializing pyttsx3 TTS engine...
2026-06-03 12:52:30,883 - voice.tts_engines.pyttsx3_engine - INFO - Set initial TTS speed to 150 WPM
2026-06-03 12:52:30,884 - comtypes.client._managing - DEBUG - wrap_outparam(<POINTER(ISpeechObjectTokens) ptr=0x1d02a3cd050 at 1d02b14fe50>)
2026-06-03 12:52:30,884 - comtypes._post_coinit.unknwn - DEBUG - Release <POINTER(IUnknown) ptr=0x1d02a3ad090 at 1d02b698950>
2026-06-03 12:52:30,884 - comtypes._post_coinit.unknwn - DEBUG - Release <POINTER(ISpeechObjectTokens) ptr=0x1d02a3cd050 at 1d02b14fe50>
2026-06-03 12:52:30,884 - comtypes.client._managing - DEBUG - wrap_outparam(<POINTER(IDispatch) ptr=0x1d0009fd320 at 1d02b6986d0>)
2026-06-03 12:52:30,884 - comtypes.client._managing - DEBUG - GetBestInterface(<POINTER(IDispatch) ptr=0x1d0009fd320 at 1d02b6986d0>)
2026-06-03 12:52:30,885 - comtypes.client._managing - DEBUG - Does NOT implement IProvideClassInfo, trying IProvideClassInfo2
2026-06-03 12:52:30,885 - comtypes.client._managing - DEBUG - Does NOT implement IProvideClassInfo/IProvideClassInfo2
2026-06-03 12:52:30,885 - comtypes._post_coinit.unknwn - DEBUG - Release <POINTER(IUnknown) ptr=0x1d027e93ae0 at 1d02b698a50>
2026-06-03 12:52:30,885 - comtypes.client._managing - DEBUG - Default interface is {C74A3ADC-B727-4500-A84A-B526721C8B8C}
2026-06-03 12:52:30,885 - comtypes._post_coinit.unknwn - DEBUG - Release <POINTER(IUnknown) ptr=0x1d0009fd320 at 1d02b698b50>
2026-06-03 12:52:30,886 - comtypes.client._generate - DEBUG - GetModule(TLIBATTR(GUID={C866CA3A-32F7-11D2-9602-00C04F8EE628}, Version=5.4, LCID=0, FLags=0x8))
2026-06-03 12:52:30,886 - comtypes.client._managing - DEBUG - Implements default interface from typeinfo <class 'comtypes.gen._C866CA3A_32F7_11D2_9602_00C04F8EE628_0_5_4.ISpeechObjectToken'>
2026-06-03 12:52:30,886 - comtypes.client._managing - DEBUG - Final result is <POINTER(ISpeechObjectToken) ptr=0x1d0009fd320 at 1d02b698a50>
2026-06-03 12:52:30,886 - comtypes._post_coinit.unknwn - DEBUG - Release <POINTER(IDispatch) ptr=0x1d0009fd320 at 1d02b698850>
2026-06-03 12:52:30,886 - comtypes._post_coinit.unknwn - DEBUG - Release <POINTER(ITypeInfo) ptr=0x1d027e93ae0 at 1d02b698ad0>
2026-06-03 12:52:30,886 - comtypes._post_coinit.unknwn - DEBUG - Release <POINTER(ITypeLib) ptr=0x1d07db65060 at 1d02b698b50>
2026-06-03 12:52:30,886 - comtypes._post_coinit.unknwn - DEBUG - Release <POINTER(IDispatch) ptr=0x1d0009fd320 at 1d02b6986d0>
2026-06-03 12:52:30,887 - comtypes.client._managing - DEBUG - wrap_outparam(<POINTER(IDispatch) ptr=0x1d0009fd8c0 at 1d02b698b50>)
2026-06-03 12:52:30,887 - comtypes.client._managing - DEBUG - GetBestInterface(<POINTER(IDispatch) ptr=0x1d0009fd8c0 at 1d02b698b50>)
2026-06-03 12:52:30,887 - comtypes.client._managing - DEBUG - Does NOT implement IProvideClassInfo, trying IProvideClassInfo2
2026-06-03 12:52:30,887 - comtypes.client._managing - DEBUG - Does NOT implement IProvideClassInfo/IProvideClassInfo2
2026-06-03 12:52:30,887 - comtypes._post_coinit.unknwn - DEBUG - Release <POINTER(IUnknown) ptr=0x1d027e93ae0 at 1d02b698850>
2026-06-03 12:52:30,888 - comtypes.client._managing - DEBUG - Default interface is {C74A3ADC-B727-4500-A84A-B526721C8B8C}
2026-06-03 12:52:30,888 - comtypes._post_coinit.unknwn - DEBUG - Release <POINTER(IUnknown) ptr=0x1d0009fd8c0 at 1d02b698bd0>
2026-06-03 12:52:30,888 - comtypes.client._generate - DEBUG - GetModule(TLIBATTR(GUID={C866CA3A-32F7-11D2-9602-00C04F8EE628}, Version=5.4, LCID=0, FLags=0x8))
2026-06-03 12:52:30,888 - comtypes.client._managing - DEBUG - Implements default interface from typeinfo <class 'comtypes.gen._C866CA3A_32F7_11D2_9602_00C04F8EE628_0_5_4.ISpeechObjectToken'>
2026-06-03 12:52:30,888 - comtypes.client._managing - DEBUG - Final result is <POINTER(ISpeechObjectToken) ptr=0x1d0009fd8c0 at 1d02b698850>
2026-06-03 12:52:30,888 - comtypes._post_coinit.unknwn - DEBUG - Release <POINTER(IDispatch) ptr=0x1d0009fd8c0 at 1d02b698ad0>
2026-06-03 12:52:30,888 - comtypes._post_coinit.unknwn - DEBUG - Release <POINTER(ITypeInfo) ptr=0x1d027e93ae0 at 1d02b698c50>
2026-06-03 12:52:30,888 - comtypes._post_coinit.unknwn - DEBUG - Release <POINTER(ITypeLib) ptr=0x1d07db65060 at 1d02b698bd0>
2026-06-03 12:52:30,888 - comtypes._post_coinit.unknwn - DEBUG - Release <POINTER(IDispatch) ptr=0x1d0009fd8c0 at 1d02b698b50>
2026-06-03 12:52:30,888 - comtypes._post_coinit.unknwn - DEBUG - Release <POINTER(ISpeechObjectToken) ptr=0x1d0009fd320 at 1d02b698a50>
2026-06-03 12:52:30,889 - comtypes._post_coinit.unknwn - DEBUG - Release <POINTER(IEnumVARIANT) ptr=0x1d02a3ad090 at 1d02b698650>
2026-06-03 12:52:30,889 - comtypes._post_coinit.unknwn - DEBUG - Release <POINTER(ISpeechObjectToken) ptr=0x1d0009fd8c0 at 1d02b698850>
2026-06-03 12:52:30,889 - voice.tts_engines.pyttsx3_engine - INFO - Available voices: 2 found
2026-06-03 12:52:30,889 - voice.tts_engines.pyttsx3_engine - INFO -   Voice 0: Microsoft David Desktop - English (United States)
2026-06-03 12:52:30,889 - voice.tts_engines.pyttsx3_engine - INFO - Found target voice: Microsoft David Desktop - English (United States)
2026-06-03 12:52:30,889 - voice.tts_engines.pyttsx3_engine - INFO - pyttsx3 TTS initialized successfully!
2026-06-03 12:52:30,889 - voice.tts_engines.engine_selector - INFO - Using TTS engine: pyttsx3
2026-06-03 12:52:30,889 - voice.tts_engines.pyttsx3_engine - INFO - Set TTS speed to 150 WPM (scale: 1.0)
2026-06-03 12:52:32,323 - comtypes._comobject - DEBUG - <comtypes.client._events.CreateEventReceiver.<locals>.Sink object at 0x000001D0281EA8D0>.AddRef() -> 2
2026-06-03 12:52:32,323 - comtypes._vtbl - DEBUG - unimplemented method _ISpeechVoiceEvents_Sentence called
2026-06-03 12:52:32,323 - comtypes._comobject - DEBUG - <comtypes.client._events.CreateEventReceiver.<locals>.Sink object at 0x000001D0281EA8D0>.Release() -> 1
2026-06-03 12:52:32,323 - comtypes._comobject - DEBUG - <comtypes.client._events.CreateEventReceiver.<locals>.Sink object at 0x000001D0281EA8D0>.AddRef() -> 2
2026-06-03 12:52:32,323 - comtypes._vtbl - DEBUG - unimplemented method _ISpeechVoiceEvents_Phoneme called
2026-06-03 12:52:32,323 - comtypes._comobject - DEBUG - <comtypes.client._events.CreateEventReceiver.<locals>.Sink object at 0x000001D0281EA8D0>.Release() -> 1
2026-06-03 12:52:32,324 - comtypes._comobject - DEBUG - <comtypes.client._events.CreateEventReceiver.<locals>.Sink object at 0x000001D0281EA8D0>.AddRef() -> 2
2026-06-03 12:52:32,324 - comtypes._vtbl - DEBUG - unimplemented method _ISpeechVoiceEvents_Viseme called
2026-06-03 12:52:32,324 - comtypes._comobject - DEBUG - <comtypes.client._events.CreateEventReceiver.<locals>.Sink object at 0x000001D0281EA8D0>.Release() -> 1
2026-06-03 12:52:32,475 - comtypes._comobject - DEBUG - <comtypes.client._events.CreateEventReceiver.<locals>.Sink object at 0x000001D0281EA8D0>.AddRef() -> 2
2026-06-03 12:52:32,475 - comtypes._comobject - DEBUG - <comtypes.client._events.CreateEventReceiver.<locals>.Sink object at 0x000001D0281EA8D0>.Release() -> 1
2026-06-03 12:52:32,475 - comtypes._comobject - DEBUG - <comtypes.client._events.CreateEventReceiver.<locals>.Sink object at 0x000001D0281EA8D0>.AddRef() -> 2
2026-06-03 12:52:32,475 - comtypes._vtbl - DEBUG - unimplemented method _ISpeechVoiceEvents_Phoneme called
2026-06-03 12:52:32,475 - comtypes._comobject - DEBUG - <comtypes.client._events.CreateEventReceiver.<locals>.Sink object at 0x000001D0281EA8D0>.Release() -> 1
2026-06-03 12:52:32,475 - comtypes._comobject - DEBUG - <comtypes.client._events.CreateEventReceiver.<locals>.Sink object at 0x000001D0281EA8D0>.AddRef() -> 2
2026-06-03 12:52:32,475 - comtypes._vtbl - DEBUG - unimplemented method _ISpeechVoiceEvents_Viseme called
2026-06-03 12:52:32,476 - comtypes._comobject - DEBUG - <comtypes.client._events.CreateEventReceiver.<locals>.Sink object at 0x000001D0281EA8D0>.Release() -> 1
2026-06-03 12:52:32,577 - comtypes._comobject - DEBUG - <comtypes.client._events.CreateEventReceiver.<locals>.Sink object at 0x000001D0281EA8D0>.AddRef() -> 2
2026-06-03 12:52:32,577 - comtypes._vtbl - DEBUG - unimplemented method _ISpeechVoiceEvents_Phoneme called
2026-06-03 12:52:32,577 - comtypes._comobject - DEBUG - <comtypes.client._events.CreateEventReceiver.<locals>.Sink object at 0x000001D0281EA8D0>.Release() -> 1
2026-06-03 12:52:32,577 - comtypes._comobject - DEBUG - <comtypes.client._events.CreateEventReceiver.<locals>.Sink object at 0x000001D0281EA8D0>.AddRef() -> 2
2026-06-03 12:52:32,577 - comtypes._vtbl - DEBUG - unimplemented method _ISpeechVoiceEvents_Viseme called
2026-06-03 12:52:32,577 - comtypes._comobject - DEBUG - <comtypes.client._events.CreateEventReceiver.<locals>.Sink object at 0x000001D0281EA8D0>.Release() -> 1
2026-06-03 12:52:32,628 - comtypes._comobject - DEBUG - <comtypes.client._events.CreateEventReceiver.<locals>.Sink object at 0x000001D0281EA8D0>.AddRef() -> 2
2026-06-03 12:52:32,628 - comtypes._comobject - DEBUG - <comtypes.client._events.CreateEventReceiver.<locals>.Sink object at 0x000001D0281EA8D0>.Release() -> 1
2026-06-03 12:52:32,628 - comtypes._comobject - DEBUG - <comtypes.client._events.CreateEventReceiver.<locals>.Sink object at 0x000001D0281EA8D0>.AddRef() -> 2
2026-06-03 12:52:32,628 - comtypes._vtbl - DEBUG - unimplemented method _ISpeechVoiceEvents_Phoneme called
2026-06-03 12:52:32,628 - comtypes._comobject - DEBUG - <comtypes.client._events.CreateEventReceiver.<locals>.Sink object at 0x000001D0281EA8D0>.Release() -> 1
2026-06-03 12:52:32,628 - comtypes._comobject - DEBUG - <comtypes.client._events.CreateEventReceiver.<locals>.Sink object at 0x000001D0281EA8D0>.AddRef() -> 2
2026-06-03 12:52:32,628 - comtypes._vtbl - DEBUG - unimplemented method _ISpeechVoiceEvents_Viseme called
2026-06-03 12:52:32,629 - comtypes._comobject - DEBUG - <comtypes.client._events.CreateEventReceiver.<locals>.Sink object at 0x000001D0281EA8D0>.Release() -> 1
2026-06-03 12:52:32,780 - comtypes._comobject - DEBUG - <comtypes.client._events.CreateEventReceiver.<locals>.Sink object at 0x000001D0281EA8D0>.AddRef() -> 2
2026-06-03 12:52:32,780 - comtypes._vtbl - DEBUG - unimplemented method _ISpeechVoiceEvents_Phoneme called
2026-06-03 12:52:32,780 - comtypes._comobject - DEBUG - <comtypes.client._events.CreateEventReceiver.<locals>.Sink object at 0x000001D0281EA8D0>.Release() -> 1
2026-06-03 12:52:32,780 - comtypes._comobject - DEBUG - <comtypes.client._events.CreateEventReceiver.<locals>.Sink object at 0x000001D0281EA8D0>.AddRef() -> 2
2026-06-03 12:52:32,780 - comtypes._vtbl - DEBUG - unimplemented method _ISpeechVoiceEvents_Viseme called
2026-06-03 12:52:32,780 - comtypes._comobject - DEBUG - <comtypes.client._events.CreateEventReceiver.<locals>.Sink object at 0x000001D0281EA8D0>.Release() -> 1
2026-06-03 12:52:32,831 - comtypes._comobject - DEBUG - <comtypes.client._events.CreateEventReceiver.<locals>.Sink object at 0x000001D0281EA8D0>.AddRef() -> 2
2026-06-03 12:52:32,831 - comtypes._vtbl - DEBUG - unimplemented method _ISpeechVoiceEvents_Phoneme called
2026-06-03 12:52:32,831 - comtypes._comobject - DEBUG - <comtypes.client._events.CreateEventReceiver.<locals>.Sink object at 0x000001D0281EA8D0>.Release() -> 1
2026-06-03 12:52:32,831 - comtypes._comobject - DEBUG - <comtypes.client._events.CreateEventReceiver.<locals>.Sink object at 0x000001D0281EA8D0>.AddRef() -> 2
2026-06-03 12:52:32,831 - comtypes._vtbl - DEBUG - unimplemented method _ISpeechVoiceEvents_Viseme called
2026-06-03 12:52:32,831 - comtypes._comobject - DEBUG - <comtypes.client._events.CreateEventReceiver.<locals>.Sink object at 0x000001D0281EA8D0>.Release() -> 1
2026-06-03 12:52:32,932 - comtypes._comobject - DEBUG - <comtypes.client._events.CreateEventReceiver.<locals>.Sink object at 0x000001D0281EA8D0>.AddRef() -> 2
2026-06-03 12:52:32,932 - comtypes._vtbl - DEBUG - unimplemented method _ISpeechVoiceEvents_Phoneme called
2026-06-03 12:52:32,932 - comtypes._comobject - DEBUG - <comtypes.client._events.CreateEventReceiver.<locals>.Sink object at 0x000001D0281EA8D0>.Release() -> 1
2026-06-03 12:52:32,932 - comtypes._comobject - DEBUG - <comtypes.client._events.CreateEventReceiver.<locals>.Sink object at 0x000001D0281EA8D0>.AddRef() -> 2
2026-06-03 12:52:32,932 - comtypes._vtbl - DEBUG - unimplemented method _ISpeechVoiceEvents_Viseme called
2026-06-03 12:52:32,932 - comtypes._comobject - DEBUG - <comtypes.client._events.CreateEventReceiver.<locals>.Sink object at 0x000001D0281EA8D0>.Release() -> 1
2026-06-03 12:52:32,983 - comtypes._comobject - DEBUG - <comtypes.client._events.CreateEventReceiver.<locals>.Sink object at 0x000001D0281EA8D0>.AddRef() -> 2
2026-06-03 12:52:32,983 - comtypes._vtbl - DEBUG - unimplemented method _ISpeechVoiceEvents_Phoneme called
2026-06-03 12:52:32,983 - comtypes._comobject - DEBUG - <comtypes.client._events.CreateEventReceiver.<locals>.Sink object at 0x000001D0281EA8D0>.Release() -> 1
2026-06-03 12:52:32,983 - comtypes._comobject - DEBUG - <comtypes.client._events.CreateEventReceiver.<locals>.Sink object at 0x000001D0281EA8D0>.AddRef() -> 2
2026-06-03 12:52:32,983 - comtypes._vtbl - DEBUG - unimplemented method _ISpeechVoiceEvents_Viseme called
2026-06-03 12:52:32,983 - comtypes._comobject - DEBUG - <comtypes.client._events.CreateEventReceiver.<locals>.Sink object at 0x000001D0281EA8D0>.Release() -> 1
2026-06-03 12:52:33,034 - comtypes._comobject - DEBUG - <comtypes.client._events.CreateEventReceiver.<locals>.Sink object at 0x000001D0281EA8D0>.AddRef() -> 2
2026-06-03 12:52:33,034 - comtypes._vtbl - DEBUG - unimplemented method _ISpeechVoiceEvents_Phoneme called
2026-06-03 12:52:33,034 - comtypes._comobject - DEBUG - <comtypes.client._events.CreateEventReceiver.<locals>.Sink object at 0x000001D0281EA8D0>.Release() -> 1
2026-06-03 12:52:33,034 - comtypes._comobject - DEBUG - <comtypes.client._events.CreateEventReceiver.<locals>.Sink object at 0x000001D0281EA8D0>.AddRef() -> 2
2026-06-03 12:52:33,034 - comtypes._vtbl - DEBUG - unimplemented method _ISpeechVoiceEvents_Viseme called
2026-06-03 12:52:33,034 - comtypes._comobject - DEBUG - <comtypes.client._events.CreateEventReceiver.<locals>.Sink object at 0x000001D0281EA8D0>.Release() -> 1
2026-06-03 12:52:33,085 - comtypes._comobject - DEBUG - <comtypes.client._events.CreateEventReceiver.<locals>.Sink object at 0x000001D0281EA8D0>.AddRef() -> 2
2026-06-03 12:52:33,085 - comtypes._vtbl - DEBUG - unimplemented method _ISpeechVoiceEvents_Phoneme called
2026-06-03 12:52:33,085 - comtypes._comobject - DEBUG - <comtypes.client._events.CreateEventReceiver.<locals>.Sink object at 0x000001D0281EA8D0>.Release() -> 1
2026-06-03 12:52:33,085 - comtypes._comobject - DEBUG - <comtypes.client._events.CreateEventReceiver.<locals>.Sink object at 0x000001D0281EA8D0>.AddRef() -> 2
2026-06-03 12:52:33,085 - comtypes._vtbl - DEBUG - unimplemented method _ISpeechVoiceEvents_Viseme called
2026-06-03 12:52:33,085 - comtypes._comobject - DEBUG - <comtypes.client._events.CreateEventReceiver.<locals>.Sink object at 0x000001D0281EA8D0>.Release() -> 1
2026-06-03 12:52:33,186 - comtypes._comobject - DEBUG - <comtypes.client._events.CreateEventReceiver.<locals>.Sink object at 0x000001D0281EA8D0>.AddRef() -> 2
2026-06-03 12:52:33,186 - comtypes._comobject - DEBUG - <comtypes.client._events.CreateEventReceiver.<locals>.Sink object at 0x000001D0281EA8D0>.Release() -> 1
2026-06-03 12:52:33,186 - comtypes._comobject - DEBUG - <comtypes.client._events.CreateEventReceiver.<locals>.Sink object at 0x000001D0281EA8D0>.AddRef() -> 2
2026-06-03 12:52:33,186 - comtypes._vtbl - DEBUG - unimplemented method _ISpeechVoiceEvents_Phoneme called
2026-06-03 12:52:33,186 - comtypes._comobject - DEBUG - <comtypes.client._events.CreateEventReceiver.<locals>.Sink object at 0x000001D0281EA8D0>.Release() -> 1
2026-06-03 12:52:33,186 - comtypes._comobject - DEBUG - <comtypes.client._events.CreateEventReceiver.<locals>.Sink object at 0x000001D0281EA8D0>.AddRef() -> 2
2026-06-03 12:52:33,186 - comtypes._vtbl - DEBUG - unimplemented method _ISpeechVoiceEvents_Viseme called
2026-06-03 12:52:33,187 - comtypes._comobject - DEBUG - <comtypes.client._events.CreateEventReceiver.<locals>.Sink object at 0x000001D0281EA8D0>.Release() -> 1
2026-06-03 12:52:33,238 - comtypes._comobject - DEBUG - <comtypes.client._events.CreateEventReceiver.<locals>.Sink object at 0x000001D0281EA8D0>.AddRef() -> 2
2026-06-03 12:52:33,238 - comtypes._vtbl - DEBUG - unimplemented method _ISpeechVoiceEvents_Phoneme called
2026-06-03 12:52:33,238 - comtypes._comobject - DEBUG - <comtypes.client._events.CreateEventReceiver.<locals>.Sink object at 0x000001D0281EA8D0>.Release() -> 1
2026-06-03 12:52:33,238 - comtypes._comobject - DEBUG - <comtypes.client._events.CreateEventReceiver.<locals>.Sink object at 0x000001D0281EA8D0>.AddRef() -> 2
2026-06-03 12:52:33,238 - comtypes._vtbl - DEBUG - unimplemented method _ISpeechVoiceEvents_Viseme called
2026-06-03 12:52:33,238 - comtypes._comobject - DEBUG - <comtypes.client._events.CreateEventReceiver.<locals>.Sink object at 0x000001D0281EA8D0>.Release() -> 1
2026-06-03 12:52:33,289 - comtypes._comobject - DEBUG - <comtypes.client._events.CreateEventReceiver.<locals>.Sink object at 0x000001D0281EA8D0>.AddRef() -> 2
2026-06-03 12:52:33,383 - comtypes._vtbl - DEBUG - unimplemented method _ISpeechVoiceEvents_Phoneme called
2026-06-03 12:52:33,383 - comtypes._comobject - DEBUG - <comtypes.client._events.CreateEventReceiver.<locals>.Sink object at 0x000001D0281EA8D0>.Release() -> 1
2026-06-03 12:52:33,383 - comtypes._comobject - DEBUG - <comtypes.client._events.CreateEventReceiver.<locals>.Sink object at 0x000001D0281EA8D0>.AddRef() -> 2
2026-06-03 12:52:33,383 - comtypes._vtbl - DEBUG - unimplemented method _ISpeechVoiceEvents_Viseme called
2026-06-03 12:52:33,383 - comtypes._comobject - DEBUG - <comtypes.client._events.CreateEventReceiver.<locals>.Sink object at 0x000001D0281EA8D0>.Release() -> 1
2026-06-03 12:52:33,383 - comtypes._comobject - DEBUG - <comtypes.client._events.CreateEventReceiver.<locals>.Sink object at 0x000001D0281EA8D0>.AddRef() -> 2
2026-06-03 12:52:33,383 - comtypes._vtbl - DEBUG - unimplemented method _ISpeechVoiceEvents_Phoneme called
2026-06-03 12:52:33,383 - comtypes._comobject - DEBUG - <comtypes.client._events.CreateEventReceiver.<locals>.Sink object at 0x000001D0281EA8D0>.Release() -> 1
2026-06-03 12:52:33,384 - comtypes._comobject - DEBUG - <comtypes.client._events.CreateEventReceiver.<locals>.Sink object at 0x000001D0281EA8D0>.AddRef() -> 2
2026-06-03 12:52:33,384 - comtypes._vtbl - DEBUG - unimplemented method _ISpeechVoiceEvents_Viseme called
2026-06-03 12:52:33,384 - comtypes._comobject - DEBUG - <comtypes.client._events.CreateEventReceiver.<locals>.Sink object at 0x000001D0281EA8D0>.Release() -> 1
2026-06-03 12:52:33,485 - comtypes._comobject - DEBUG - <comtypes.client._events.CreateEventReceiver.<locals>.Sink object at 0x000001D0281EA8D0>.AddRef() -> 2
2026-06-03 12:52:33,485 - comtypes._vtbl - DEBUG - unimplemented method _ISpeechVoiceEvents_Phoneme called
2026-06-03 12:52:33,485 - comtypes._comobject - DEBUG - <comtypes.client._events.CreateEventReceiver.<locals>.Sink object at 0x000001D0281EA8D0>.Release() -> 1
2026-06-03 12:52:33,485 - comtypes._comobject - DEBUG - <comtypes.client._events.CreateEventReceiver.<locals>.Sink object at 0x000001D0281EA8D0>.AddRef() -> 2
2026-06-03 12:52:33,485 - comtypes._vtbl - DEBUG - unimplemented method _ISpeechVoiceEvents_Viseme called
2026-06-03 12:52:33,485 - comtypes._comobject - DEBUG - <comtypes.client._events.CreateEventReceiver.<locals>.Sink object at 0x000001D0281EA8D0>.Release() -> 1
2026-06-03 12:52:33,536 - comtypes._comobject - DEBUG - <comtypes.client._events.CreateEventReceiver.<locals>.Sink object at 0x000001D0281EA8D0>.AddRef() -> 2
2026-06-03 12:52:33,536 - comtypes._vtbl - DEBUG - unimplemented method _ISpeechVoiceEvents_Phoneme called
2026-06-03 12:52:33,536 - comtypes._comobject - DEBUG - <comtypes.client._events.CreateEventReceiver.<locals>.Sink object at 0x000001D0281EA8D0>.Release() -> 1
2026-06-03 12:52:33,536 - comtypes._comobject - DEBUG - <comtypes.client._events.CreateEventReceiver.<locals>.Sink object at 0x000001D0281EA8D0>.AddRef() -> 2
2026-06-03 12:52:33,536 - comtypes._vtbl - DEBUG - unimplemented method _ISpeechVoiceEvents_Viseme called
2026-06-03 12:52:33,536 - comtypes._comobject - DEBUG - <comtypes.client._events.CreateEventReceiver.<locals>.Sink object at 0x000001D0281EA8D0>.Release() -> 1
2026-06-03 12:52:33,586 - comtypes._comobject - DEBUG - <comtypes.client._events.CreateEventReceiver.<locals>.Sink object at 0x000001D0281EA8D0>.AddRef() -> 2
2026-06-03 12:52:33,586 - comtypes._vtbl - DEBUG - unimplemented method _ISpeechVoiceEvents_Phoneme called
2026-06-03 12:52:33,586 - comtypes._comobject - DEBUG - <comtypes.client._events.CreateEventReceiver.<locals>.Sink object at 0x000001D0281EA8D0>.Release() -> 1
2026-06-03 12:52:33,586 - comtypes._comobject - DEBUG - <comtypes.client._events.CreateEventReceiver.<locals>.Sink object at 0x000001D0281EA8D0>.AddRef() -> 2
2026-06-03 12:52:33,586 - comtypes._vtbl - DEBUG - unimplemented method _ISpeechVoiceEvents_Viseme called
2026-06-03 12:52:33,586 - comtypes._comobject - DEBUG - <comtypes.client._events.CreateEventReceiver.<locals>.Sink object at 0x000001D0281EA8D0>.Release() -> 1
2026-06-03 12:52:33,989 - comtypes._comobject - DEBUG - <comtypes.client._events.CreateEventReceiver.<locals>.Sink object at 0x000001D0281EA8D0>.AddRef() -> 2
2026-06-03 12:52:33,989 - voice.voice_memory - INFO - Loaded 26 voice interactions
2026-06-03 12:52:33,990 - comtypes._vtbl - DEBUG - unimplemented method _ISpeechVoiceEvents_Viseme called
2026-06-03 12:52:34,064 - comtypes._comobject - DEBUG - <comtypes.client._events.CreateEventReceiver.<locals>.Sink object at 0x000001D0281EA8D0>.Release() -> 1
2026-06-03 12:52:34,064 - comtypes._comobject - DEBUG - <comtypes.client._events.CreateEventReceiver.<locals>.Sink object at 0x000001D0281EA8D0>.AddRef() -> 2
2026-06-03 12:52:34,065 - comtypes._vtbl - DEBUG - unimplemented method _ISpeechVoiceEvents_Phoneme called
2026-06-03 12:52:34,065 - comtypes._comobject - DEBUG - <comtypes.client._events.CreateEventReceiver.<locals>.Sink object at 0x000001D0281EA8D0>.Release() -> 1
2026-06-03 12:52:34,065 - comtypes._comobject - DEBUG - <comtypes.client._events.CreateEventReceiver.<locals>.Sink object at 0x000001D0281EA8D0>.AddRef() -> 2
2026-06-03 12:52:34,065 - comtypes._vtbl - DEBUG - unimplemented method _ISpeechVoiceEvents_Viseme called
2026-06-03 12:52:34,065 - comtypes._comobject - DEBUG - <comtypes.client._events.CreateEventReceiver.<locals>.Sink object at 0x000001D0281EA8D0>.Release() -> 1
2026-06-03 12:52:34,065 - comtypes._comobject - DEBUG - <comtypes.client._events.CreateEventReceiver.<locals>.Sink object at 0x000001D0281EA8D0>.AddRef() -> 2
2026-06-03 12:52:34,065 - comtypes._vtbl - DEBUG - unimplemented method _ISpeechVoiceEvents_Phoneme called
2026-06-03 12:52:34,065 - comtypes._comobject - DEBUG - <comtypes.client._events.CreateEventReceiver.<locals>.Sink object at 0x000001D0281EA8D0>.Release() -> 1
2026-06-03 12:52:34,066 - comtypes._comobject - DEBUG - <comtypes.client._events.CreateEventReceiver.<locals>.Sink object at 0x000001D0281EA8D0>.AddRef() -> 2
2026-06-03 12:52:34,066 - comtypes._vtbl - DEBUG - unimplemented method _ISpeechVoiceEvents_Viseme called
2026-06-03 12:52:34,066 - comtypes._comobject - DEBUG - <comtypes.client._events.CreateEventReceiver.<locals>.Sink object at 0x000001D0281EA8D0>.Release() -> 1
2026-06-03 12:52:34,066 - comtypes._comobject - DEBUG - <comtypes.client._events.CreateEventReceiver.<locals>.Sink object at 0x000001D0281EA8D0>.AddRef() -> 2
2026-06-03 12:52:34,066 - comtypes._comobject - DEBUG - <comtypes.client._events.CreateEventReceiver.<locals>.Sink object at 0x000001D0281EA8D0>.Release() -> 1
2026-06-03 12:52:34,066 - comtypes._comobject - DEBUG - <comtypes.client._events.CreateEventReceiver.<locals>.Sink object at 0x000001D0281EA8D0>.AddRef() -> 2
2026-06-03 12:52:34,066 - comtypes._vtbl - DEBUG - unimplemented method _ISpeechVoiceEvents_Phoneme called
2026-06-03 12:52:34,066 - comtypes._comobject - DEBUG - <comtypes.client._events.CreateEventReceiver.<locals>.Sink object at 0x000001D0281EA8D0>.Release() -> 1
2026-06-03 12:52:34,067 - comtypes._comobject - DEBUG - <comtypes.client._events.CreateEventReceiver.<locals>.Sink object at 0x000001D0281EA8D0>.AddRef() -> 2
2026-06-03 12:52:34,067 - comtypes._vtbl - DEBUG - unimplemented method _ISpeechVoiceEvents_Viseme called
2026-06-03 12:52:34,067 - comtypes._comobject - DEBUG - <comtypes.client._events.CreateEventReceiver.<locals>.Sink object at 0x000001D0281EA8D0>.Release() -> 1
2026-06-03 12:52:34,067 - comtypes._comobject - DEBUG - <comtypes.client._events.CreateEventReceiver.<locals>.Sink object at 0x000001D0281EA8D0>.AddRef() -> 2
2026-06-03 12:52:34,067 - comtypes._vtbl - DEBUG - unimplemented method _ISpeechVoiceEvents_Phoneme called
2026-06-03 12:52:34,067 - comtypes._comobject - DEBUG - <comtypes.client._events.CreateEventReceiver.<locals>.Sink object at 0x000001D0281EA8D0>.Release() -> 1
2026-06-03 12:52:34,067 - comtypes._comobject - DEBUG - <comtypes.client._events.CreateEventReceiver.<locals>.Sink object at 0x000001D0281EA8D0>.AddRef() -> 2
2026-06-03 12:52:34,067 - comtypes._vtbl - DEBUG - unimplemented method _ISpeechVoiceEvents_Viseme called
2026-06-03 12:52:34,068 - comtypes._comobject - DEBUG - <comtypes.client._events.CreateEventReceiver.<locals>.Sink object at 0x000001D0281EA8D0>.Release() -> 1
2026-06-03 12:52:34,118 - comtypes._comobject - DEBUG - <comtypes.client._events.CreateEventReceiver.<locals>.Sink object at 0x000001D0281EA8D0>.AddRef() -> 2
2026-06-03 12:52:34,118 - comtypes._comobject - DEBUG - <comtypes.client._events.CreateEventReceiver.<locals>.Sink object at 0x000001D0281EA8D0>.Release() -> 1
2026-06-03 12:52:34,118 - comtypes._comobject - DEBUG - <comtypes.client._events.CreateEventReceiver.<locals>.Sink object at 0x000001D0281EA8D0>.AddRef() -> 2
2026-06-03 12:52:34,118 - comtypes._vtbl - DEBUG - unimplemented method _ISpeechVoiceEvents_Phoneme called
2026-06-03 12:52:34,118 - comtypes._comobject - DEBUG - <comtypes.client._events.CreateEventReceiver.<locals>.Sink object at 0x000001D0281EA8D0>.Release() -> 1
2026-06-03 12:52:34,118 - comtypes._comobject - DEBUG - <comtypes.client._events.CreateEventReceiver.<locals>.Sink object at 0x000001D0281EA8D0>.AddRef() -> 2
2026-06-03 12:52:34,118 - comtypes._vtbl - DEBUG - unimplemented method _ISpeechVoiceEvents_Viseme called
2026-06-03 12:52:34,119 - comtypes._comobject - DEBUG - <comtypes.client._events.CreateEventReceiver.<locals>.Sink object at 0x000001D0281EA8D0>.Release() -> 1
2026-06-03 12:52:34,170 - comtypes._comobject - DEBUG - <comtypes.client._events.CreateEventReceiver.<locals>.Sink object at 0x000001D0281EA8D0>.AddRef() -> 2
2026-06-03 12:52:34,170 - comtypes._vtbl - DEBUG - unimplemented method _ISpeechVoiceEvents_Phoneme called
2026-06-03 12:52:34,170 - comtypes._comobject - DEBUG - <comtypes.client._events.CreateEventReceiver.<locals>.Sink object at 0x000001D0281EA8D0>.Release() -> 1
2026-06-03 12:52:34,170 - comtypes._comobject - DEBUG - <comtypes.client._events.CreateEventReceiver.<locals>.Sink object at 0x000001D0281EA8D0>.AddRef() -> 2
2026-06-03 12:52:34,170 - comtypes._vtbl - DEBUG - unimplemented method _ISpeechVoiceEvents_Viseme called
2026-06-03 12:52:34,170 - comtypes._comobject - DEBUG - <comtypes.client._events.CreateEventReceiver.<locals>.Sink object at 0x000001D0281EA8D0>.Release() -> 1
2026-06-03 12:52:34,170 - comtypes._comobject - DEBUG - <comtypes.client._events.CreateEventReceiver.<locals>.Sink object at 0x000001D0281EA8D0>.AddRef() -> 2
2026-06-03 12:52:34,170 - comtypes._vtbl - DEBUG - unimplemented method _ISpeechVoiceEvents_Phoneme called
2026-06-03 12:52:34,170 - comtypes._comobject - DEBUG - <comtypes.client._events.CreateEventReceiver.<locals>.Sink object at 0x000001D0281EA8D0>.Release() -> 1
2026-06-03 12:52:34,171 - comtypes._comobject - DEBUG - <comtypes.client._events.CreateEventReceiver.<locals>.Sink object at 0x000001D0281EA8D0>.AddRef() -> 2
2026-06-03 12:52:34,171 - comtypes._vtbl - DEBUG - unimplemented method _ISpeechVoiceEvents_Viseme called
2026-06-03 12:52:34,171 - comtypes._comobject - DEBUG - <comtypes.client._events.CreateEventReceiver.<locals>.Sink object at 0x000001D0281EA8D0>.Release() -> 1
2026-06-03 12:52:34,272 - comtypes._comobject - DEBUG - <comtypes.client._events.CreateEventReceiver.<locals>.Sink object at 0x000001D0281EA8D0>.AddRef() -> 2
2026-06-03 12:52:34,272 - comtypes._vtbl - DEBUG - unimplemented method _ISpeechVoiceEvents_Phoneme called
2026-06-03 12:52:34,272 - comtypes._comobject - DEBUG - <comtypes.client._events.CreateEventReceiver.<locals>.Sink object at 0x000001D0281EA8D0>.Release() -> 1
2026-06-03 12:52:34,272 - comtypes._comobject - DEBUG - <comtypes.client._events.CreateEventReceiver.<locals>.Sink object at 0x000001D0281EA8D0>.AddRef() -> 2
2026-06-03 12:52:34,272 - comtypes._vtbl - DEBUG - unimplemented method _ISpeechVoiceEvents_Viseme called
2026-06-03 12:52:34,272 - comtypes._comobject - DEBUG - <comtypes.client._events.CreateEventReceiver.<locals>.Sink object at 0x000001D0281EA8D0>.Release() -> 1
2026-06-03 12:52:34,424 - comtypes._comobject - DEBUG - <comtypes.client._events.CreateEventReceiver.<locals>.Sink object at 0x000001D0281EA8D0>.AddRef() -> 2
2026-06-03 12:52:34,424 - comtypes._vtbl - DEBUG - unimplemented method _ISpeechVoiceEvents_Phoneme called
2026-06-03 12:52:34,424 - comtypes._comobject - DEBUG - <comtypes.client._events.CreateEventReceiver.<locals>.Sink object at 0x000001D0281EA8D0>.Release() -> 1
2026-06-03 12:52:34,424 - comtypes._comobject - DEBUG - <comtypes.client._events.CreateEventReceiver.<locals>.Sink object at 0x000001D0281EA8D0>.AddRef() -> 2
2026-06-03 12:52:34,424 - comtypes._vtbl - DEBUG - unimplemented method _ISpeechVoiceEvents_Viseme called
2026-06-03 12:52:34,424 - comtypes._comobject - DEBUG - <comtypes.client._events.CreateEventReceiver.<locals>.Sink object at 0x000001D0281EA8D0>.Release() -> 1
2026-06-03 12:52:35,177 - comtypes._comobject - DEBUG - <comtypes.client._events.CreateEventReceiver.<locals>.Sink object at 0x000001D0281EA8D0>.AddRef() -> 2
2026-06-03 12:52:35,177 - comtypes._comobject - DEBUG - <comtypes.client._events.CreateEventReceiver.<locals>.Sink object at 0x000001D0281EA8D0>.Release() -> 1
2026-06-03 12:52:35,228 - __main__ - INFO - TTS FINISHED SPEAKING (SUCCESS!)
2026-06-03 12:52:36,615 - voice.audio_router - INFO - Found 2 input devices, 2 output devices
2026-06-03 12:52:36,615 - runtime.runtime_manager - INFO - Initializing JARVIS runtime system
2026-06-03 12:52:36,615 - runtime_core.event_bus - DEBUG - Subscribed to PAUSE
2026-06-03 12:52:36,616 - runtime_core.event_bus - DEBUG - Subscribed to RESUME
2026-06-03 12:52:36,616 - runtime.hotkey_manager - INFO - Initializing hotkey manager
2026-06-03 12:52:37,093 - runtime.hotkey_manager - DEBUG - Keyboard library imported successfully
2026-06-03 12:52:37,093 - runtime.idle_controller - INFO - Initializing idle controller
2026-06-03 12:52:37,093 - runtime.wake_listener - INFO - Initializing wake listener
2026-06-03 12:52:51,380 - runtime.wake_listener - INFO - SpeechRecognition version: 3.16.1
2026-06-03 12:52:52,430 - runtime.wake_listener - INFO - Speech recognition and microphone initialized successfully
2026-06-03 12:52:52,430 - runtime.wake_listener - INFO - Fixed energy threshold set to: 200
2026-06-03 12:52:52,431 - runtime.runtime_manager - INFO - Runtime manager initialized successfully
2026-06-03 12:52:52,431 - runtime.hotkey_manager - INFO - Initializing hotkey manager
2026-06-03 12:52:52,431 - runtime.hotkey_manager - DEBUG - Keyboard library imported successfully
2026-06-03 12:52:52,431 - runtime.wake_listener - INFO - Wake listener started (active)
2026-06-03 12:52:52,431 - runtime.wake_listener - DEBUG - Listening for wake word...
2026-06-03 12:52:52,431 - runtime.idle_controller - DEBUG - Idle controller: idle state - optimizing resources
2026-06-03 12:52:52,431 - runtime.runtime_manager - INFO - Starting JARVIS runtime service
2026-06-03 12:52:52,432 - runtime.background_service - INFO - Starting background service
2026-06-03 12:52:52,432 - asyncio - DEBUG - Using proactor: IocpProactor
2026-06-03 12:52:52,433 - runtime.background_service - INFO - Entering idle loop
2026-06-03 12:52:52,550 - runtime.hotkey_manager - INFO - Hotkey listener started (CTRL+P registered)
2026-06-03 12:52:53,432 - runtime.idle_controller - DEBUG - Idle controller: idle state - optimizing resources
2026-06-03 12:52:54,433 - runtime.idle_controller - DEBUG - Idle controller: idle state - optimizing resources
2026-06-03 12:52:55,434 - runtime.idle_controller - DEBUG - Idle controller: idle state - optimizing resources
2026-06-03 12:52:56,435 - runtime.idle_controller - DEBUG - Idle controller: idle state - optimizing resources
2026-06-03 12:52:57,436 - runtime.idle_controller - DEBUG - Idle controller: idle state - optimizing resources
2026-06-03 12:52:58,436 - runtime.idle_controller - DEBUG - Idle controller: idle state - optimizing resources
2026-06-03 12:52:59,527 - runtime.idle_controller - DEBUG - Idle controller: idle state - optimizing resources
2026-06-03 12:53:01,457 - runtime.idle_controller - DEBUG - Idle controller: idle state - optimizing resources
2026-06-03 12:53:02,578 - runtime.idle_controller - DEBUG - Idle controller: idle state - optimizing resources
2026-06-03 12:53:02,681 - runtime.wake_listener - DEBUG - Could not understand audio
2026-06-03 12:53:02,682 - runtime.wake_listener - DEBUG - Listening for wake word...
2026-06-03 12:53:03,579 - runtime.idle_controller - DEBUG - Idle controller: idle state - optimizing resources
2026-06-03 12:53:04,589 - runtime.idle_controller - DEBUG - Idle controller: idle state - optimizing resources
2026-06-03 12:53:05,589 - runtime.idle_controller - DEBUG - Idle controller: idle state - optimizing resources
2026-06-03 12:53:06,318 - runtime.wake_listener - DEBUG - Could not understand audio
2026-06-03 12:53:06,320 - runtime.wake_listener - DEBUG - Listening for wake word...
2026-06-03 12:53:06,590 - runtime.idle_controller - DEBUG - Idle controller: idle state - optimizing resources
2026-06-03 12:53:07,590 - runtime.idle_controller - DEBUG - Idle controller: idle state - optimizing resources
2026-06-03 12:53:08,591 - runtime.idle_controller - DEBUG - Idle controller: idle state - optimizing resources
2026-06-03 12:53:09,591 - runtime.idle_controller - DEBUG - Idle controller: idle state - optimizing resources
2026-06-03 12:53:10,201 - runtime.wake_listener - INFO - Heard: open brave hey jarvis open
2026-06-03 12:53:10,202 - runtime.wake_listener - INFO - Wake word detected!
2026-06-03 12:53:10,202 - runtime_core.event_bus - INFO - Publishing event: WAKE_WORD_DETECTED from wake_listener
2026-06-03 12:53:10,202 - runtime_core.runtime_state_machine - INFO - State transition: IDLE -> LISTENING
2026-06-03 12:53:10,202 - runtime_core.event_bus - INFO - Publishing event: STATE_CHANGE from state_machine
2026-06-03 12:53:10,202 - runtime.wake_listener - INFO - Capturing command...
2026-06-03 12:53:10,592 - runtime.idle_controller - DEBUG - Idle controller: idle state - optimizing resources
2026-06-03 12:53:11,592 - runtime.idle_controller - DEBUG - Idle controller: idle state - optimizing resources
2026-06-03 12:53:11,971 - runtime.wake_listener - WARNING - Could not understand command
2026-06-03 12:53:11,971 - runtime_core.runtime_state_machine - INFO - State transition: LISTENING -> IDLE
2026-06-03 12:53:11,971 - runtime_core.event_bus - INFO - Publishing event: STATE_CHANGE from state_machine
2026-06-03 12:53:11,971 - runtime.wake_listener - DEBUG - Listening for wake word...
2026-06-03 12:53:12,593 - runtime.idle_controller - DEBUG - Idle controller: idle state - optimizing resources
2026-06-03 12:53:13,594 - runtime.idle_controller - DEBUG - Idle controller: idle state - optimizing resources
2026-06-03 12:53:13,908 - runtime.wake_listener - DEBUG - Could not understand audio
2026-06-03 12:53:13,908 - runtime.wake_listener - DEBUG - Listening for wake word...
2026-06-03 12:53:14,594 - runtime.idle_controller - DEBUG - Idle controller: idle state - optimizing resources
2026-06-03 12:53:15,595 - runtime.idle_controller - DEBUG - Idle controller: idle state - optimizing resources
2026-06-03 12:53:16,595 - runtime.idle_controller - DEBUG - Idle controller: idle state - optimizing resources
2026-06-03 12:53:17,545 - runtime.wake_listener - DEBUG - Could not understand audio
2026-06-03 12:53:17,545 - runtime.wake_listener - DEBUG - Listening for wake word...
2026-06-03 12:53:17,596 - runtime.idle_controller - DEBUG - Idle controller: idle state - optimizing resources
2026-06-03 12:53:18,596 - runtime.idle_controller - DEBUG - Idle controller: idle state - optimizing resources
2026-06-03 12:53:19,597 - runtime.idle_controller - DEBUG - Idle controller: idle state - optimizing resources
2026-06-03 12:53:20,598 - runtime.idle_controller - DEBUG - Idle controller: idle state - optimizing resources
2026-06-03 12:53:21,412 - runtime.wake_listener - DEBUG - Could not understand audio
2026-06-03 12:53:21,412 - runtime.wake_listener - DEBUG - Listening for wake word...
2026-06-03 12:53:21,598 - runtime.idle_controller - DEBUG - Idle controller: idle state - optimizing resources
2026-06-03 12:53:22,598 - runtime.idle_controller - DEBUG - Idle controller: idle state - optimizing resources
2026-06-03 12:53:23,598 - runtime.idle_controller - DEBUG - Idle controller: idle state - optimizing resources
2026-06-03 12:53:24,599 - runtime.idle_controller - DEBUG - Idle controller: idle state - optimizing resources
2026-06-03 12:53:25,000 - runtime.wake_listener - DEBUG - Could not understand audio
2026-06-03 12:53:25,000 - runtime.wake_listener - DEBUG - Listening for wake word...
2026-06-03 12:53:25,599 - runtime.idle_controller - DEBUG - Idle controller: idle state - optimizing resources
2026-06-03 12:53:26,600 - runtime.idle_controller - DEBUG - Idle controller: idle state - optimizing resources
2026-06-03 12:53:27,601 - runtime.idle_controller - DEBUG - Idle controller: idle state - optimizing resources
2026-06-03 12:53:28,601 - runtime.idle_controller - DEBUG - Idle controller: idle state - optimizing resources
2026-06-03 12:53:28,628 - runtime.wake_listener - DEBUG - Could not understand audio
2026-06-03 12:53:28,628 - runtime.wake_listener - DEBUG - Listening for wake word...
2026-06-03 12:53:29,601 - runtime.idle_controller - DEBUG - Idle controller: idle state - optimizing resources
2026-06-03 12:53:30,602 - runtime.idle_controller - DEBUG - Idle controller: idle state - optimizing resources
2026-06-03 12:53:31,602 - runtime.idle_controller - DEBUG - Idle controller: idle state - optimizing resources
2026-06-03 12:53:32,272 - runtime.wake_listener - DEBUG - Could not understand audio
2026-06-03 12:53:32,272 - runtime.wake_listener - DEBUG - Listening for wake word...
2026-06-03 12:53:32,603 - runtime.idle_controller - DEBUG - Idle controller: idle state - optimizing resources
2026-06-03 12:53:33,603 - runtime.idle_controller - DEBUG - Idle controller: idle state - optimizing resources
2026-06-03 12:53:34,603 - runtime.idle_controller - DEBUG - Idle controller: idle state - optimizing resources
2026-06-03 12:53:35,604 - runtime.idle_controller - DEBUG - Idle controller: idle state - optimizing resources
2026-06-03 12:53:35,861 - runtime.wake_listener - DEBUG - Could not understand audio
2026-06-03 12:53:35,861 - runtime.wake_listener - DEBUG - Listening for wake word...
2026-06-03 12:53:36,604 - runtime.idle_controller - DEBUG - Idle controller: idle state - optimizing resources
2026-06-03 12:53:37,605 - runtime.idle_controller - DEBUG - Idle controller: idle state - optimizing resources
2026-06-03 12:53:38,605 - runtime.idle_controller - DEBUG - Idle controller: idle state - optimizing resources
2026-06-03 12:53:39,532 - runtime.wake_listener - DEBUG - Could not understand audio
2026-06-03 12:53:39,532 - runtime.wake_listener - DEBUG - Listening for wake word...
2026-06-03 12:53:39,606 - runtime.idle_controller - DEBUG - Idle controller: idle state - optimizing resources
2026-06-03 12:53:40,606 - runtime.idle_controller - DEBUG - Idle controller: idle state - optimizing resources
2026-06-03 12:53:41,606 - runtime.idle_controller - DEBUG - Idle controller: idle state - optimizing resources
2026-06-03 12:53:42,607 - runtime.idle_controller - DEBUG - Idle controller: idle state - optimizing resources
2026-06-03 12:53:43,607 - runtime.idle_controller - DEBUG - Idle controller: idle state - optimizing resources
2026-06-03 12:53:44,503 - runtime.wake_listener - DEBUG - Could not understand audio
2026-06-03 12:53:44,504 - runtime.wake_listener - DEBUG - Listening for wake word...
2026-06-03 12:53:44,608 - runtime.idle_controller - DEBUG - Idle controller: idle state - optimizing resources
2026-06-03 12:53:45,609 - runtime.idle_controller - DEBUG - Idle controller: idle state - optimizing resources
2026-06-03 12:53:46,609 - runtime.idle_controller - DEBUG - Idle controller: idle state - optimizing resources
2026-06-03 12:53:47,610 - runtime.idle_controller - DEBUG - Idle controller: idle state - optimizing resources
2026-06-03 12:53:48,231 - runtime.wake_listener - DEBUG - Could not understand audio
2026-06-03 12:53:48,231 - runtime.wake_listener - DEBUG - Listening for wake word...
2026-06-03 12:53:48,610 - runtime.idle_controller - DEBUG - Idle controller: idle state - optimizing resources
2026-06-03 12:53:49,611 - runtime.idle_controller - DEBUG - Idle controller: idle state - optimizing resources
2026-06-03 12:53:50,611 - runtime.idle_controller - DEBUG - Idle controller: idle state - optimizing resources
2026-06-03 12:53:51,611 - runtime.idle_controller - DEBUG - Idle controller: idle state - optimizing resources
2026-06-03 12:53:51,786 - runtime.wake_listener - DEBUG - Could not understand audio
2026-06-03 12:53:51,786 - runtime.wake_listener - DEBUG - Listening for wake word...
2026-06-03 12:53:52,612 - runtime.idle_controller - DEBUG - Idle controller: idle state - optimizing resources
2026-06-03 12:53:53,613 - runtime.idle_controller - DEBUG - Idle controller: idle state - optimizing resources
2026-06-03 12:53:54,613 - runtime.idle_controller - DEBUG - Idle controller: idle state - optimizing resources
2026-06-03 12:53:55,411 - runtime.wake_listener - DEBUG - Could not understand audio
2026-06-03 12:53:55,411 - runtime.wake_listener - DEBUG - Listening for wake word...
2026-06-03 12:53:55,613 - runtime.idle_controller - DEBUG - Idle controller: idle state - optimizing resources
2026-06-03 12:53:56,614 - runtime.idle_controller - DEBUG - Idle controller: idle state - optimizing resources
2026-06-03 12:53:57,615 - runtime.idle_controller - DEBUG - Idle controller: idle state - optimizing resources
2026-06-03 12:53:58,615 - runtime.idle_controller - DEBUG - Idle controller: idle state - optimizing resources
2026-06-03 12:53:59,049 - runtime.wake_listener - DEBUG - Could not understand audio
2026-06-03 12:53:59,049 - runtime.wake_listener - DEBUG - Listening for wake word...
2026-06-03 12:53:59,616 - runtime.idle_controller - DEBUG - Idle controller: idle state - optimizing resources
2026-06-03 12:54:00,616 - runtime.idle_controller - DEBUG - Idle controller: idle state - optimizing resources
2026-06-03 12:54:01,616 - runtime.idle_controller - DEBUG - Idle controller: idle state - optimizing resources
2026-06-03 12:54:02,612 - runtime.wake_listener - DEBUG - Could not understand audio
2026-06-03 12:54:02,612 - runtime.wake_listener - DEBUG - Listening for wake word...
2026-06-03 12:54:02,617 - runtime.idle_controller - DEBUG - Idle controller: idle state - optimizing resources
2026-06-03 12:54:03,617 - runtime.idle_controller - DEBUG - Idle controller: idle state - optimizing resources
2026-06-03 12:54:04,618 - runtime.idle_controller - DEBUG - Idle controller: idle state - optimizing resources
2026-06-03 12:54:05,618 - runtime.idle_controller - DEBUG - Idle controller: idle state - optimizing resources
2026-06-03 12:54:06,195 - runtime.wake_listener - DEBUG - Could not understand audio
2026-06-03 12:54:06,195 - runtime.wake_listener - DEBUG - Listening for wake word...
2026-06-03 12:54:06,619 - runtime.idle_controller - DEBUG - Idle controller: idle state - optimizing resources
2026-06-03 12:54:07,619 - runtime.idle_controller - DEBUG - Idle controller: idle state - optimizing resources
2026-06-03 12:54:08,620 - runtime.idle_controller - DEBUG - Idle controller: idle state - optimizing resources
2026-06-03 12:54:09,620 - runtime.idle_controller - DEBUG - Idle controller: idle state - optimizing resources
2026-06-03 12:54:09,899 - runtime.wake_listener - DEBUG - Could not understand audio
2026-06-03 12:54:09,900 - runtime.wake_listener - DEBUG - Listening for wake word...
2026-06-03 12:54:10,621 - runtime.idle_controller - DEBUG - Idle controller: idle state - optimizing resources
2026-06-03 12:54:11,621 - runtime.idle_controller - DEBUG - Idle controller: idle state - optimizing resources
2026-06-03 12:54:12,622 - runtime.idle_controller - DEBUG - Idle controller: idle state - optimizing resources
2026-06-03 12:54:13,488 - runtime.wake_listener - DEBUG - Could not understand audio
2026-06-03 12:54:13,488 - runtime.wake_listener - DEBUG - Listening for wake word...
2026-06-03 12:54:13,623 - runtime.idle_controller - DEBUG - Idle controller: idle state - optimizing resources
2026-06-03 12:54:14,623 - runtime.idle_controller - DEBUG - Idle controller: idle state - optimizing resources
2026-06-03 12:54:15,624 - runtime.idle_controller - DEBUG - Idle controller: idle state - optimizing resources
2026-06-03 12:54:16,624 - runtime.idle_controller - DEBUG - Idle controller: idle state - optimizing resources
2026-06-03 12:54:17,075 - runtime.wake_listener - DEBUG - Could not understand audio
2026-06-03 12:54:17,075 - runtime.wake_listener - DEBUG - Listening for wake word...
2026-06-03 12:54:17,625 - runtime.idle_controller - DEBUG - Idle controller: idle state - optimizing resources
2026-06-03 12:54:18,625 - runtime.idle_controller - DEBUG - Idle controller: idle state - optimizing resources
2026-06-03 12:54:19,626 - runtime.idle_controller - DEBUG - Idle controller: idle state - optimizing resources
2026-06-03 12:54:20,627 - runtime.idle_controller - DEBUG - Idle controller: idle state - optimizing resources
2026-06-03 12:54:20,672 - runtime.wake_listener - DEBUG - Could not understand audio
2026-06-03 12:54:20,673 - runtime.wake_listener - DEBUG - Listening for wake word...
2026-06-03 12:54:21,627 - runtime.idle_controller - DEBUG - Idle controller: idle state - optimizing resources
2026-06-03 12:54:22,628 - runtime.idle_controller - DEBUG - Idle controller: idle state - optimizing resources
2026-06-03 12:54:23,628 - runtime.idle_controller - DEBUG - Idle controller: idle state - optimizing resources
2026-06-03 12:54:24,325 - runtime.wake_listener - DEBUG - Could not understand audio
2026-06-03 12:54:24,325 - runtime.wake_listener - DEBUG - Listening for wake word...
2026-06-03 12:54:24,629 - runtime.idle_controller - DEBUG - Idle controller: idle state - optimizing resources
2026-06-03 12:54:25,629 - runtime.idle_controller - DEBUG - Idle controller: idle state - optimizing resources
2026-06-03 12:54:26,630 - runtime.idle_controller - DEBUG - Idle controller: idle state - optimizing resources
2026-06-03 12:54:27,630 - runtime.idle_controller - DEBUG - Idle controller: idle state - optimizing resources
2026-06-03 12:54:27,968 - runtime.wake_listener - DEBUG - Could not understand audio
2026-06-03 12:54:27,969 - runtime.wake_listener - DEBUG - Listening for wake word...
2026-06-03 12:54:28,631 - runtime.idle_controller - DEBUG - Idle controller: idle state - optimizing resources
2026-06-03 12:54:29,632 - runtime.idle_controller - DEBUG - Idle controller: idle state - optimizing resources
2026-06-03 12:54:30,632 - runtime.idle_controller - DEBUG - Idle controller: idle state - optimizing resources
2026-06-03 12:54:31,633 - runtime.idle_controller - DEBUG - Idle controller: idle state - optimizing resources
2026-06-03 12:54:32,634 - runtime.idle_controller - DEBUG - Idle controller: idle state - optimizing resources
2026-06-03 12:54:33,635 - runtime.idle_controller - DEBUG - Idle controller: idle state - optimizing resources
2026-06-03 12:54:34,636 - runtime.idle_controller - DEBUG - Idle controller: idle state - optimizing resources
2026-06-03 12:54:34,750 - runtime.wake_listener - DEBUG - Could not understand audio
2026-06-03 12:54:34,750 - runtime.wake_listener - DEBUG - Listening for wake word...
2026-06-03 12:54:35,636 - runtime.idle_controller - DEBUG - Idle controller: idle state - optimizing resources
2026-06-03 12:54:36,638 - runtime.idle_controller - DEBUG - Idle controller: idle state - optimizing resources
2026-06-03 12:54:36,732 - runtime.wake_listener - DEBUG - Could not understand audio
2026-06-03 12:54:36,732 - runtime.wake_listener - DEBUG - Listening for wake word...
2026-06-03 12:54:37,638 - runtime.idle_controller - DEBUG - Idle controller: idle state - optimizing resources
2026-06-03 12:54:38,184 - runtime.wake_listener - DEBUG - Could not understand audio
2026-06-03 12:54:38,184 - runtime.wake_listener - DEBUG - Listening for wake word...
2026-06-03 12:54:38,639 - runtime.idle_controller - DEBUG - Idle controller: idle state - optimizing resources
2026-06-03 12:54:39,639 - runtime.idle_controller - DEBUG - Idle controller: idle state - optimizing resources
2026-06-03 12:54:40,640 - runtime.idle_controller - DEBUG - Idle controller: idle state - optimizing resources
2026-06-03 12:54:41,442 - runtime.wake_listener - DEBUG - Could not understand audio
2026-06-03 12:54:41,442 - runtime.wake_listener - DEBUG - Listening for wake word...
2026-06-03 12:54:41,640 - runtime.idle_controller - DEBUG - Idle controller: idle state - optimizing resources
2026-06-03 12:54:42,641 - runtime.idle_controller - DEBUG - Idle controller: idle state - optimizing resources
2026-06-03 12:54:43,641 - runtime.idle_controller - DEBUG - Idle controller: idle state - optimizing resources
2026-06-03 12:54:44,641 - runtime.idle_controller - DEBUG - Idle controller: idle state - optimizing resources
2026-06-03 12:54:45,030 - runtime.wake_listener - DEBUG - Could not understand audio
2026-06-03 12:54:45,030 - runtime.wake_listener - DEBUG - Listening for wake word...
2026-06-03 12:54:45,642 - runtime.idle_controller - DEBUG - Idle controller: idle state - optimizing resources
2026-06-03 12:54:46,642 - runtime.idle_controller - DEBUG - Idle controller: idle state - optimizing resources
2026-06-03 12:54:47,079 - runtime.wake_listener - DEBUG - Could not understand audio
2026-06-03 12:54:47,079 - runtime.wake_listener - DEBUG - Listening for wake word...
2026-06-03 12:54:47,643 - runtime.idle_controller - DEBUG - Idle controller: idle state - optimizing resources
2026-06-03 12:54:48,643 - runtime.idle_controller - DEBUG - Idle controller: idle state - optimizing resources
2026-06-03 12:54:49,644 - runtime.idle_controller - DEBUG - Idle controller: idle state - optimizing resources
2026-06-03 12:54:50,644 - runtime.idle_controller - DEBUG - Idle controller: idle state - optimizing resources
2026-06-03 12:54:51,645 - runtime.idle_controller - DEBUG - Idle controller: idle state - optimizing resources
2026-06-03 12:54:51,802 - runtime.wake_listener - DEBUG - Could not understand audio
2026-06-03 12:54:51,803 - runtime.wake_listener - DEBUG - Listening for wake word...
2026-06-03 12:54:52,646 - runtime.idle_controller - DEBUG - Idle controller: idle state - optimizing resources
2026-06-03 12:54:53,647 - runtime.idle_controller - DEBUG - Idle controller: idle state - optimizing resources
2026-06-03 12:54:54,648 - runtime.idle_controller - DEBUG - Idle controller: idle state - optimizing resources
2026-06-03 12:54:55,413 - runtime.wake_listener - DEBUG - Could not understand audio
2026-06-03 12:54:55,413 - runtime.wake_listener - DEBUG - Listening for wake word...
2026-06-03 12:54:55,648 - runtime.idle_controller - DEBUG - Idle controller: idle state - optimizing resources
2026-06-03 12:54:56,649 - runtime.idle_controller - DEBUG - Idle controller: idle state - optimizing resources
2026-06-03 12:54:57,650 - runtime.idle_controller - DEBUG - Idle controller: idle state - optimizing resources
2026-06-03 12:54:58,650 - runtime.idle_controller - DEBUG - Idle controller: idle state - optimizing resources
2026-06-03 12:54:59,021 - runtime.wake_listener - DEBUG - Could not understand audio
2026-06-03 12:54:59,021 - runtime.wake_listener - DEBUG - Listening for wake word...
2026-06-03 12:54:59,661 - runtime.idle_controller - DEBUG - Idle controller: idle state - optimizing resources
2026-06-03 12:55:00,675 - runtime.idle_controller - DEBUG - Idle controller: idle state - optimizing resources
2026-06-03 12:55:01,675 - runtime.idle_controller - DEBUG - Idle controller: idle state - optimizing resources
2026-06-03 12:55:02,616 - runtime.wake_listener - DEBUG - Could not understand audio
2026-06-03 12:55:02,616 - runtime.wake_listener - DEBUG - Listening for wake word...
2026-06-03 12:55:02,676 - runtime.idle_controller - DEBUG - Idle controller: idle state - optimizing resources
2026-06-03 12:55:03,677 - runtime.idle_controller - DEBUG - Idle controller: idle state - optimizing resources
2026-06-03 12:55:04,677 - runtime.idle_controller - DEBUG - Idle controller: idle state - optimizing resources
2026-06-03 12:55:05,678 - runtime.idle_controller - DEBUG - Idle controller: idle state - optimizing resources
2026-06-03 12:55:06,230 - runtime.wake_listener - DEBUG - Could not understand audio
2026-06-03 12:55:06,230 - runtime.wake_listener - DEBUG - Listening for wake word...
2026-06-03 12:55:06,679 - runtime.idle_controller - DEBUG - Idle controller: idle state - optimizing resources
2026-06-03 12:55:07,679 - runtime.idle_controller - DEBUG - Idle controller: idle state - optimizing resources
2026-06-03 12:55:08,680 - runtime.idle_controller - DEBUG - Idle controller: idle state - optimizing resources
2026-06-03 12:55:09,680 - runtime.idle_controller - DEBUG - Idle controller: idle state - optimizing resources
2026-06-03 12:55:09,829 - runtime.wake_listener - DEBUG - Could not understand audio
2026-06-03 12:55:09,829 - runtime.wake_listener - DEBUG - Listening for wake word...
2026-06-03 12:55:10,681 - runtime.idle_controller - DEBUG - Idle controller: idle state - optimizing resources
2026-06-03 12:55:11,682 - runtime.idle_controller - DEBUG - Idle controller: idle state - optimizing resources
2026-06-03 12:55:12,683 - runtime.idle_controller - DEBUG - Idle controller: idle state - optimizing resources
2026-06-03 12:55:13,456 - runtime.wake_listener - DEBUG - Could not understand audio
2026-06-03 12:55:13,457 - runtime.wake_listener - DEBUG - Listening for wake word...
2026-06-03 12:55:13,683 - runtime.idle_controller - DEBUG - Idle controller: idle state - optimizing resources
2026-06-03 12:55:14,684 - runtime.idle_controller - DEBUG - Idle controller: idle state - optimizing resources
2026-06-03 12:55:15,684 - runtime.idle_controller - DEBUG - Idle controller: idle state - optimizing resources
2026-06-03 12:55:16,685 - runtime.idle_controller - DEBUG - Idle controller: idle state - optimizing resources
2026-06-03 12:55:17,201 - runtime.wake_listener - DEBUG - Could not understand audio
2026-06-03 12:55:17,201 - runtime.wake_listener - DEBUG - Listening for wake word...
2026-06-03 12:55:17,686 - runtime.idle_controller - DEBUG - Idle controller: idle state - optimizing resources
2026-06-03 12:55:18,686 - runtime.idle_controller - DEBUG - Idle controller: idle state - optimizing resources
2026-06-03 12:55:19,687 - runtime.idle_controller - DEBUG - Idle controller: idle state - optimizing resources
2026-06-03 12:55:20,687 - runtime.idle_controller - DEBUG - Idle controller: idle state - optimizing resources
2026-06-03 12:55:20,841 - runtime.wake_listener - DEBUG - Could not understand audio
2026-06-03 12:55:20,841 - runtime.wake_listener - DEBUG - Listening for wake word...
2026-06-03 12:55:21,688 - runtime.idle_controller - DEBUG - Idle controller: idle state - optimizing resources
2026-06-03 12:55:22,351 - runtime.wake_listener - DEBUG - Could not understand audio
2026-06-03 12:55:22,351 - runtime.wake_listener - DEBUG - Listening for wake word...
2026-06-03 12:55:22,689 - runtime.idle_controller - DEBUG - Idle controller: idle state - optimizing resources
2026-06-03 12:55:23,689 - runtime.idle_controller - DEBUG - Idle controller: idle state - optimizing resources
2026-06-03 12:55:24,452 - runtime.wake_listener - DEBUG - Could not understand audio
2026-06-03 12:55:24,452 - runtime.wake_listener - DEBUG - Listening for wake word...
2026-06-03 12:55:24,690 - runtime.idle_controller - DEBUG - Idle controller: idle state - optimizing resources
2026-06-03 12:55:25,690 - runtime.idle_controller - DEBUG - Idle controller: idle state - optimizing resources
2026-06-03 12:55:26,691 - runtime.idle_controller - DEBUG - Idle controller: idle state - optimizing resources
2026-06-03 12:55:27,692 - runtime.idle_controller - DEBUG - Idle controller: idle state - optimizing resources
2026-06-03 12:55:28,073 - runtime.wake_listener - DEBUG - Could not understand audio
2026-06-03 12:55:28,073 - runtime.wake_listener - DEBUG - Listening for wake word...
2026-06-03 12:55:28,692 - runtime.idle_controller - DEBUG - Idle controller: idle state - optimizing resources
2026-06-03 12:55:29,693 - runtime.idle_controller - DEBUG - Idle controller: idle state - optimizing resources
2026-06-03 12:55:30,693 - runtime.idle_controller - DEBUG - Idle controller: idle state - optimizing resources
2026-06-03 12:55:31,694 - runtime.idle_controller - DEBUG - Idle controller: idle state - optimizing resources
2026-06-03 12:55:31,718 - runtime.wake_listener - DEBUG - Could not understand audio
2026-06-03 12:55:31,719 - runtime.wake_listener - DEBUG - Listening for wake word...
2026-06-03 12:55:32,695 - runtime.idle_controller - DEBUG - Idle controller: idle state - optimizing resources
2026-06-03 12:55:33,708 - runtime.idle_controller - DEBUG - Idle controller: idle state - optimizing resources
2026-06-03 12:55:34,712 - runtime.idle_controller - DEBUG - Idle controller: idle state - optimizing resources
2026-06-03 12:55:35,317 - runtime.wake_listener - DEBUG - Could not understand audio
2026-06-03 12:55:35,317 - runtime.wake_listener - DEBUG - Listening for wake word...
2026-06-03 12:55:35,713 - runtime.idle_controller - DEBUG - Idle controller: idle state - optimizing resources
2026-06-03 12:55:36,714 - runtime.idle_controller - DEBUG - Idle controller: idle state - optimizing resources
2026-06-03 12:55:37,665 - runtime.wake_listener - DEBUG - Could not understand audio
2026-06-03 12:55:37,666 - runtime.wake_listener - DEBUG - Listening for wake word...
2026-06-03 12:55:37,714 - runtime.idle_controller - DEBUG - Idle controller: idle state - optimizing resources
2026-06-03 12:55:38,716 - runtime.idle_controller - DEBUG - Idle controller: idle state - optimizing resources
2026-06-03 12:55:39,555 - runtime.wake_listener - DEBUG - Could not understand audio
2026-06-03 12:55:39,555 - runtime.wake_listener - DEBUG - Listening for wake word...
2026-06-03 12:55:39,716 - runtime.idle_controller - DEBUG - Idle controller: idle state - optimizing resources
2026-06-03 12:55:40,717 - runtime.idle_controller - DEBUG - Idle controller: idle state - optimizing resources
2026-06-03 12:55:41,718 - runtime.idle_controller - DEBUG - Idle controller: idle state - optimizing resources
2026-06-03 12:55:42,718 - runtime.idle_controller - DEBUG - Idle controller: idle state - optimizing resources
2026-06-03 12:55:43,202 - runtime.wake_listener - DEBUG - Could not understand audio
2026-06-03 12:55:43,202 - runtime.wake_listener - DEBUG - Listening for wake word...
2026-06-03 12:55:43,719 - runtime.idle_controller - DEBUG - Idle controller: idle state - optimizing resources
2026-06-03 12:55:44,719 - runtime.idle_controller - DEBUG - Idle controller: idle state - optimizing resources
2026-06-03 12:55:45,720 - runtime.idle_controller - DEBUG - Idle controller: idle state - optimizing resources
2026-06-03 12:55:46,777 - runtime.idle_controller - DEBUG - Idle controller: idle state - optimizing resources
2026-06-03 12:55:46,805 - runtime.wake_listener - DEBUG - Could not understand audio
2026-06-03 12:55:46,910 - runtime.wake_listener - DEBUG - Listening for wake word...
2026-06-03 12:55:47,872 - runtime.idle_controller - DEBUG - Idle controller: idle state - optimizing resources
2026-06-03 12:55:48,908 - runtime.idle_controller - DEBUG - Idle controller: idle state - optimizing resources
2026-06-03 12:55:49,942 - runtime.idle_controller - DEBUG - Idle controller: idle state - optimizing resources
2026-06-03 12:55:50,729 - runtime.wake_listener - DEBUG - Could not understand audio
2026-06-03 12:55:50,729 - runtime.wake_listener - DEBUG - Listening for wake word...
2026-06-03 12:55:50,943 - runtime.idle_controller - DEBUG - Idle controller: idle state - optimizing resources
2026-06-03 12:55:51,943 - runtime.idle_controller - DEBUG - Idle controller: idle state - optimizing resources
2026-06-03 12:55:52,944 - runtime.idle_controller - DEBUG - Idle controller: idle state - optimizing resources
2026-06-03 12:55:53,189 - runtime.wake_listener - DEBUG - Could not understand audio
2026-06-03 12:55:53,190 - runtime.wake_listener - DEBUG - Listening for wake word...
2026-06-03 12:55:53,944 - runtime.idle_controller - DEBUG - Idle controller: idle state - optimizing resources
2026-06-03 12:55:54,945 - runtime.idle_controller - DEBUG - Idle controller: idle state - optimizing resources
2026-06-03 12:55:55,945 - runtime.idle_controller - DEBUG - Idle controller: idle state - optimizing resources
2026-06-03 12:55:56,766 - runtime.wake_listener - DEBUG - Could not understand audio
2026-06-03 12:55:56,774 - runtime.wake_listener - DEBUG - Listening for wake word...
2026-06-03 12:55:56,946 - runtime.idle_controller - DEBUG - Idle controller: idle state - optimizing resources
2026-06-03 12:55:57,946 - runtime.idle_controller - DEBUG - Idle controller: idle state - optimizing resources
2026-06-03 12:55:58,946 - runtime.idle_controller - DEBUG - Idle controller: idle state - optimizing resources
2026-06-03 12:55:59,947 - runtime.idle_controller - DEBUG - Idle controller: idle state - optimizing resources
2026-06-03 12:56:00,947 - runtime.idle_controller - DEBUG - Idle controller: idle state - optimizing resources
2026-06-03 12:56:01,948 - runtime.idle_controller - DEBUG - Idle controller: idle state - optimizing resources
2026-06-03 12:56:03,004 - runtime.idle_controller - DEBUG - Idle controller: idle state - optimizing resources
2026-06-03 12:56:04,005 - runtime.idle_controller - DEBUG - Idle controller: idle state - optimizing resources
2026-06-03 12:56:05,006 - runtime.idle_controller - DEBUG - Idle controller: idle state - optimizing resources
2026-06-03 12:56:05,300 - runtime.wake_listener - DEBUG - Could not understand audio
2026-06-03 12:56:05,300 - runtime.wake_listener - DEBUG - Listening for wake word...
2026-06-03 12:56:06,006 - runtime.idle_controller - DEBUG - Idle controller: idle state - optimizing resources
2026-06-03 12:56:07,011 - runtime.idle_controller - DEBUG - Idle controller: idle state - optimizing resources
2026-06-03 12:56:07,147 - runtime.wake_listener - DEBUG - Could not understand audio
2026-06-03 12:56:07,147 - runtime.wake_listener - DEBUG - Listening for wake word...
2026-06-03 12:56:08,015 - runtime.idle_controller - DEBUG - Idle controller: idle state - optimizing resources
2026-06-03 12:56:09,016 - runtime.idle_controller - DEBUG - Idle controller: idle state - optimizing resources
2026-06-03 12:56:10,017 - runtime.idle_controller - DEBUG - Idle controller: idle state - optimizing resources
2026-06-03 12:56:11,017 - runtime.idle_controller - DEBUG - Idle controller: idle state - optimizing resources
2026-06-03 12:56:11,159 - runtime.wake_listener - INFO - Heard: hey jarvis
2026-06-03 12:56:11,164 - runtime.wake_listener - INFO - Wake word detected!
2026-06-03 12:56:11,164 - runtime_core.event_bus - INFO - Publishing event: WAKE_WORD_DETECTED from wake_listener
2026-06-03 12:56:11,164 - runtime_core.runtime_state_machine - INFO - State transition: IDLE -> LISTENING
2026-06-03 12:56:11,164 - runtime_core.event_bus - INFO - Publishing event: STATE_CHANGE from state_machine
2026-06-03 12:56:11,164 - runtime.wake_listener - INFO - Capturing command...
2026-06-03 12:56:12,018 - runtime.idle_controller - DEBUG - Idle controller: idle state - optimizing resources
2026-06-03 12:56:13,018 - runtime.idle_controller - DEBUG - Idle controller: idle state - optimizing resources
2026-06-03 12:56:14,019 - runtime.idle_controller - DEBUG - Idle controller: idle state - optimizing resources
2026-06-03 12:56:15,019 - runtime.idle_controller - DEBUG - Idle controller: idle state - optimizing resources
2026-06-03 12:56:16,026 - runtime.idle_controller - DEBUG - Idle controller: idle state - optimizing resources
2026-06-03 12:56:17,027 - runtime.idle_controller - DEBUG - Idle controller: idle state - optimizing resources
2026-06-03 12:56:18,027 - runtime.idle_controller - DEBUG - Idle controller: idle state - optimizing resources
2026-06-03 12:56:19,028 - runtime.idle_controller - DEBUG - Idle controller: idle state - optimizing resources
2026-06-03 12:56:19,914 - runtime.wake_listener - INFO - Command received: open brave
2026-06-03 12:56:19,914 - runtime_core.event_bus - INFO - Publishing event: COMMAND_RECEIVED from wake_listener
2026-06-03 12:56:19,915 - runtime_core.runtime_state_machine - INFO - State transition: LISTENING -> THINKING
2026-06-03 12:56:19,915 - runtime_core.event_bus - INFO - Publishing event: STATE_CHANGE from state_machine
2026-06-03 12:56:20,028 - runtime.idle_controller - DEBUG - Idle controller: idle state - optimizing resources
2026-06-03 12:56:21,029 - runtime.idle_controller - DEBUG - Idle controller: idle state - optimizing resources
2026-06-03 12:56:22,029 - runtime.idle_controller - DEBUG - Idle controller: idle state - optimizing resources
2026-06-03 12:56:23,030 - runtime.idle_controller - DEBUG - Idle controller: idle state - optimizing resources
2026-06-03 12:56:24,031 - runtime.idle_controller - DEBUG - Idle controller: idle state - optimizing resources
2026-06-03 12:56:25,031 - runtime.idle_controller - DEBUG - Idle controller: idle state - optimizing resources
2026-06-03 12:56:26,032 - runtime.idle_controller - DEBUG - Idle controller: idle state - optimizing resources
2026-06-03 12:56:27,032 - runtime.idle_controller - DEBUG - Idle controller: idle state - optimizing resources
2026-06-03 12:56:28,033 - runtime.idle_controller - DEBUG - Idle controller: idle state - optimizing resources
2026-06-03 12:56:29,038 - runtime.idle_controller - DEBUG - Idle controller: idle state - optimizing resources
2026-06-03 12:56:30,039 - runtime.idle_controller - DEBUG - Idle controller: idle state - optimizing resources
2026-06-03 12:56:31,039 - runtime.idle_controller - DEBUG - Idle controller: idle state - optimizing resources
2026-06-03 12:56:32,040 - runtime.idle_controller - DEBUG - Idle controller: idle state - optimizing resources
2026-06-03 12:56:33,040 - runtime.idle_controller - DEBUG - Idle controller: idle state - optimizing resources
2026-06-03 12:56:34,040 - runtime.idle_controller - DEBUG - Idle controller: idle state - optimizing resources
2026-06-03 12:56:35,041 - runtime.idle_controller - DEBUG - Idle controller: idle state - optimizing resources
2026-06-03 12:56:36,042 - runtime.idle_controller - DEBUG - Idle controller: idle state - optimizing resources
2026-06-03 12:56:37,042 - runtime.idle_controller - DEBUG - Idle controller: idle state - optimizing resources
2026-06-03 12:56:38,043 - runtime.idle_controller - DEBUG - Idle controller: idle state - optimizing resources
2026-06-03 12:56:39,043 - runtime.idle_controller - DEBUG - Idle controller: idle state - optimizing resources
2026-06-03 12:56:40,043 - runtime.idle_controller - DEBUG - Idle controller: idle state - optimizing resources
2026-06-03 12:56:41,044 - runtime.idle_controller - DEBUG - Idle controller: idle state - optimizing resources
2026-06-03 12:56:42,044 - runtime.idle_controller - DEBUG - Idle controller: idle state - optimizing resources
2026-06-03 12:56:43,045 - runtime.idle_controller - DEBUG - Idle controller: idle state - optimizing resources
2026-06-03 12:56:44,046 - runtime.idle_controller - DEBUG - Idle controller: idle state - optimizing resources
2026-06-03 12:56:45,046 - runtime.idle_controller - DEBUG - Idle controller: idle state - optimizing resources
2026-06-03 12:56:46,047 - runtime.idle_controller - DEBUG - Idle controller: idle state - optimizing resources
2026-06-03 13:01:41,203 - __main__ - INFO - ======================================================================
2026-06-03 13:01:41,203 - __main__ - INFO - JARVIS AI Operating System - Persistent Runtime Starting
2026-06-03 13:01:41,203 - __main__ - INFO - ======================================================================
2026-06-03 13:01:41,311 - runtime_core.event_bus - INFO - Event Bus initialized
2026-06-03 13:01:41,311 - runtime_core.runtime_state_machine - INFO - Runtime State Machine initialized at IDLE
2026-06-03 13:01:41,325 - runtime_ui.animation_engine - INFO - Animation engine initialized
2026-06-03 13:01:41,325 - runtime_ui.overlay_manager - INFO - Overlay Manager initialized
2026-06-03 13:01:41,427 - runtime_ui.tray_manager - INFO - Tray Manager (UI) initialized
2026-06-03 13:01:41,428 - runtime_ui.status_controller - INFO - Status Controller initialized
2026-06-03 13:01:41,428 - runtime_ui.presence_manager - INFO - Presence Manager initialized
2026-06-03 13:01:41,431 - runtime_ui.ui_theme_manager - INFO - UI Theme Manager initialized with theme: cinematic_blue
2026-06-03 13:01:41,432 - runtime_ui.state_visualizer - INFO - State Visualizer initialized
2026-06-03 13:01:41,433 - runtime_ui.notification_manager - INFO - Notification Manager initialized
2026-06-03 13:01:41,434 - runtime_ui.overlay_renderer - INFO - Overlay Renderer initialized
2026-06-03 13:01:41,458 - runtime_ui.tray_manager - INFO - Initializing tray manager
2026-06-03 13:01:42,263 - runtime_ui.tray_manager - DEBUG - Tray libraries imported successfully
2026-06-03 13:01:42,263 - runtime_ui.overlay_manager - INFO - Initializing overlay manager
2026-06-03 13:01:42,263 - runtime_core.event_bus - DEBUG - Subscribed to STATE_CHANGE
2026-06-03 13:01:42,263 - runtime_core.event_bus - DEBUG - Subscribed to PAUSE
2026-06-03 13:01:42,263 - runtime_core.event_bus - DEBUG - Subscribed to RESUME
2026-06-03 13:01:42,263 - runtime_core.event_bus - DEBUG - Subscribed to WAKE_WORD_DETECTED
2026-06-03 13:01:42,263 - runtime_core.event_bus - DEBUG - Subscribed to COMMAND_RECEIVED
2026-06-03 13:01:42,263 - runtime_core.event_bus - DEBUG - Subscribed to THINKING_STARTED
2026-06-03 13:01:42,264 - runtime_core.event_bus - DEBUG - Subscribed to EXECUTION_STARTED
2026-06-03 13:01:42,264 - runtime_core.event_bus - DEBUG - Subscribed to SPEAK_START
2026-06-03 13:01:42,264 - runtime_core.event_bus - DEBUG - Subscribed to SPEAK_END
2026-06-03 13:01:42,264 - runtime_ui.presence_manager - INFO - Initializing presence manager
2026-06-03 13:01:42,265 - runtime_ui.tray_manager - INFO - Tray manager started
2026-06-03 13:01:42,265 - asyncio - DEBUG - Using proactor: IocpProactor
2026-06-03 13:01:42,266 - runtime_ui.overlay_manager - INFO - Creating AIIndicator instance
2026-06-03 13:01:42,290 - runtime_ui.ai_indicator - INFO - Glassmorphism AI Indicator initialized
2026-06-03 13:01:42,290 - runtime_ui.overlay_manager - INFO - AIIndicator created
2026-06-03 13:01:42,290 - runtime_ui.animation_engine - DEBUG - Animation target widget set: <runtime_ui.ai_indicator.AIIndicator object at 0x000002631C4C28F0>
2026-06-03 13:01:42,290 - runtime_ui.ai_indicator - INFO - Setting status to RuntimeState.IDLE with details: None
2026-06-03 13:01:42,290 - runtime_ui.overlay_manager - INFO - Overlay updated to IDLE
2026-06-03 13:01:42,698 - runtime_core.lifecycle_manager - INFO - Lifecycle Manager initialized
2026-06-03 13:01:42,701 - runtime_ui.overlay_manager - INFO - Overlay watchdog started
2026-06-03 13:01:42,701 - runtime_core.persistent_runtime - INFO - Persistent Runtime initialized
2026-06-03 13:01:42,701 - runtime_ui.overlay_manager - INFO - Overlay started completely
2026-06-03 13:01:42,701 - runtime_core.lifecycle_manager - INFO - ======================================================================
2026-06-03 13:01:42,702 - runtime_core.lifecycle_manager - INFO - JARVIS AI Operating System - Boot Sequence Starting
2026-06-03 13:01:42,702 - runtime_core.lifecycle_manager - INFO - ======================================================================
2026-06-03 13:01:42,702 - runtime_core.lifecycle_manager - DEBUG - Setting up Windows signal handlers
2026-06-03 13:01:42,702 - runtime_core.lifecycle_manager - DEBUG - Signal handlers set up
2026-06-03 13:01:42,702 - runtime_core.event_bus - DEBUG - Subscribed to PAUSE
2026-06-03 13:01:42,703 - runtime_core.event_bus - DEBUG - Subscribed to RESUME
2026-06-03 13:01:42,703 - runtime_core.event_bus - DEBUG - Subscribed to SHUTDOWN
2026-06-03 13:01:42,703 - runtime_core.lifecycle_manager - INFO - Initializing core subsystems...
2026-06-03 13:01:42,703 - runtime_core.runtime_state_machine - DEBUG - Already in state IDLE
2026-06-03 13:01:42,703 - runtime_core.lifecycle_manager - INFO - ======================================================================
2026-06-03 13:01:42,709 - runtime_core.lifecycle_manager - INFO - JARVIS AI Operating System - Boot Complete
2026-06-03 13:01:42,712 - runtime_core.lifecycle_manager - INFO - ======================================================================
2026-06-03 13:01:42,712 - runtime_core.persistent_runtime - INFO - Starting infinite runtime loop...
2026-06-03 13:01:43,140 - PIL.Image - DEBUG - Importing BlpImagePlugin
2026-06-03 13:01:43,143 - PIL.Image - DEBUG - Importing BmpImagePlugin
2026-06-03 13:01:43,143 - PIL.Image - DEBUG - Importing BufrStubImagePlugin
2026-06-03 13:01:43,148 - PIL.Image - DEBUG - Importing CurImagePlugin
2026-06-03 13:01:43,150 - PIL.Image - DEBUG - Importing DcxImagePlugin
2026-06-03 13:01:43,155 - PIL.Image - DEBUG - Importing DdsImagePlugin
2026-06-03 13:01:43,160 - PIL.Image - DEBUG - Importing EpsImagePlugin
2026-06-03 13:01:43,163 - PIL.Image - DEBUG - Importing FitsImagePlugin
2026-06-03 13:01:43,168 - PIL.Image - DEBUG - Importing FliImagePlugin
2026-06-03 13:01:43,170 - PIL.Image - DEBUG - Importing FpxImagePlugin
2026-06-03 13:01:43,176 - PIL.Image - DEBUG - Image: failed to import FpxImagePlugin: No module named 'olefile'
2026-06-03 13:01:43,177 - PIL.Image - DEBUG - Importing FtexImagePlugin
2026-06-03 13:01:43,180 - PIL.Image - DEBUG - Importing GbrImagePlugin
2026-06-03 13:01:43,183 - PIL.Image - DEBUG - Importing GifImagePlugin
2026-06-03 13:01:43,183 - PIL.Image - DEBUG - Importing GribStubImagePlugin
2026-06-03 13:01:43,187 - PIL.Image - DEBUG - Importing Hdf5StubImagePlugin
2026-06-03 13:01:43,190 - PIL.Image - DEBUG - Importing IcnsImagePlugin
2026-06-03 13:01:43,230 - PIL.Image - DEBUG - Importing IcoImagePlugin
2026-06-03 13:01:43,232 - PIL.Image - DEBUG - Importing ImImagePlugin
2026-06-03 13:01:43,235 - PIL.Image - DEBUG - Importing ImtImagePlugin
2026-06-03 13:01:43,245 - PIL.Image - DEBUG - Importing IptcImagePlugin
2026-06-03 13:01:43,248 - PIL.Image - DEBUG - Importing JpegImagePlugin
2026-06-03 13:01:43,248 - PIL.Image - DEBUG - Importing Jpeg2KImagePlugin
2026-06-03 13:01:43,248 - PIL.Image - DEBUG - Importing McIdasImagePlugin
2026-06-03 13:01:43,274 - PIL.Image - DEBUG - Importing MicImagePlugin
2026-06-03 13:01:43,315 - PIL.Image - DEBUG - Image: failed to import MicImagePlugin: No module named 'olefile'
2026-06-03 13:01:43,315 - PIL.Image - DEBUG - Importing MpegImagePlugin
2026-06-03 13:01:43,377 - PIL.Image - DEBUG - Importing MpoImagePlugin
2026-06-03 13:01:43,501 - PIL.Image - DEBUG - Importing MspImagePlugin
2026-06-03 13:01:43,541 - PIL.Image - DEBUG - Importing PalmImagePlugin
2026-06-03 13:01:43,545 - PIL.Image - DEBUG - Importing PcdImagePlugin
2026-06-03 13:01:43,577 - PIL.Image - DEBUG - Importing PcxImagePlugin
2026-06-03 13:01:43,577 - PIL.Image - DEBUG - Importing PdfImagePlugin
2026-06-03 13:01:43,614 - PIL.Image - DEBUG - Importing PixarImagePlugin
2026-06-03 13:01:43,618 - PIL.Image - DEBUG - Importing PngImagePlugin
2026-06-03 13:01:43,618 - PIL.Image - DEBUG - Importing PpmImagePlugin
2026-06-03 13:01:43,618 - PIL.Image - DEBUG - Importing PsdImagePlugin
2026-06-03 13:01:43,619 - PIL.Image - DEBUG - Importing QoiImagePlugin
2026-06-03 13:01:43,621 - PIL.Image - DEBUG - Importing SgiImagePlugin
2026-06-03 13:01:43,623 - PIL.Image - DEBUG - Importing SpiderImagePlugin
2026-06-03 13:01:43,625 - PIL.Image - DEBUG - Importing SunImagePlugin
2026-06-03 13:01:43,627 - PIL.Image - DEBUG - Importing TgaImagePlugin
2026-06-03 13:01:43,628 - voice.voice_profile_manager - INFO - Loaded 4 voice profiles
2026-06-03 13:01:43,628 - PIL.Image - DEBUG - Importing TiffImagePlugin
2026-06-03 13:01:43,629 - PIL.Image - DEBUG - Importing WebPImagePlugin
2026-06-03 13:01:43,633 - PIL.Image - DEBUG - Importing WmfImagePlugin
2026-06-03 13:01:43,635 - PIL.Image - DEBUG - Importing XbmImagePlugin
2026-06-03 13:01:43,637 - PIL.Image - DEBUG - Importing XpmImagePlugin
2026-06-03 13:01:43,638 - voice.text_to_speech - INFO - Loading voice profile: jarvis_classic
2026-06-03 13:01:43,638 - voice.tts_engines.piper_engine - INFO - Initializing Piper TTS engine...
2026-06-03 13:01:43,649 - PIL.Image - DEBUG - Importing XVThumbImagePlugin
2026-06-03 13:01:43,703 - __main__ - INFO - Playing startup greeting (in main thread) - using DIRECT pyttsx3!
2026-06-03 13:01:44,001 - comtypes - DEBUG - CoInitializeEx(None, 2)
2026-06-03 13:01:48,031 - comtypes.client._code_cache - INFO - Imported existing <module 'comtypes.gen' from 'C:\\Users\\jashw\\AppData\\Local\\Packages\\PythonSoftwareFoundation.Python.3.12_qbz5n2kfra8p0\\LocalCache\\local-packages\\Python312\\site-packages\\comtypes\\gen\\__init__.py'>
2026-06-03 13:01:48,032 - comtypes.client._code_cache - INFO - Using writeable comtypes cache directory: 'C:\Users\jashw\AppData\Local\Packages\PythonSoftwareFoundation.Python.3.12_qbz5n2kfra8p0\LocalCache\local-packages\Python312\site-packages\comtypes\gen'
2026-06-03 13:01:48,540 - comtypes.client._create - DEBUG - SAPI.SPVoice -> {96749377-3391-11D2-9EE3-00C04F797396}
2026-06-03 13:01:48,540 - comtypes.client._create - DEBUG - CoCreateInstance({96749377-3391-11D2-9EE3-00C04F797396}, clsctx=None, interface=None)
2026-06-03 13:01:48,574 - comtypes.client._managing - DEBUG - GetBestInterface(<POINTER(IUnknown) ptr=0x26318927e20 at 26348199950>)
2026-06-03 13:01:48,574 - comtypes.client._managing - DEBUG - Does implement IProvideClassInfo
2026-06-03 13:01:48,576 - comtypes.client._managing - DEBUG - Default interface is {269316D8-57BD-11D2-9EEE-00C04F797396}
2026-06-03 13:01:48,577 - comtypes._post_coinit.unknwn - DEBUG - Release <POINTER(IUnknown) ptr=0x26318927e60 at 26348148a50>
2026-06-03 13:01:48,577 - comtypes.client._generate - DEBUG - GetModule(TLIBATTR(GUID={C866CA3A-32F7-11D2-9602-00C04F8EE628}, Version=5.4, LCID=0, FLags=0x8))
2026-06-03 13:01:48,577 - comtypes.client._managing - DEBUG - Implements default interface from typeinfo <class 'comtypes.gen._C866CA3A_32F7_11D2_9602_00C04F8EE628_0_5_4.ISpeechVoice'>
2026-06-03 13:01:48,577 - comtypes.client._managing - DEBUG - Final result is <POINTER(ISpeechVoice) ptr=0x26318927e60 at 26348148ad0>
2026-06-03 13:01:48,577 - comtypes._post_coinit.unknwn - DEBUG - Release <POINTER(IProvideClassInfo) ptr=0x26318927e80 at 263480cfe50>
2026-06-03 13:01:48,577 - comtypes._post_coinit.unknwn - DEBUG - Release <POINTER(ITypeInfo) ptr=0x2633cfcf848 at 26348148350>
2026-06-03 13:01:48,577 - comtypes._post_coinit.unknwn - DEBUG - Release <POINTER(ITypeInfo) ptr=0x2633cfcf8a0 at 26348148850>
2026-06-03 13:01:48,578 - comtypes._post_coinit.unknwn - DEBUG - Release <POINTER(ITypeLib) ptr=0x2633cfe95e0 at 26348148a50>
2026-06-03 13:01:48,578 - comtypes._post_coinit.unknwn - DEBUG - Release <POINTER(IUnknown) ptr=0x26318927e20 at 26348199950>
2026-06-03 13:01:48,578 - comtypes.client._events - DEBUG - <POINTER(ISpeechVoice) ptr=0x26318927e60 at 26348148ad0> using sinkinterface from clsid <class 'comtypes.gen._C866CA3A_32F7_11D2_9602_00C04F8EE628_0_5_4._ISpeechVoiceEvents'>
2026-06-03 13:01:48,578 - comtypes._post_coinit.unknwn - DEBUG - Release <POINTER(IProvideClassInfo2) ptr=0x26318927e80 at 263480cfe50>
2026-06-03 13:01:48,579 - comtypes._vtbl - DEBUG - <comtypes.client._events.CreateEventReceiver.<locals>.Sink object at 0x00000263481B7C20>: _ISpeechVoiceEvents.VoiceChange not implemented
2026-06-03 13:01:48,579 - comtypes._vtbl - DEBUG - <comtypes.client._events.CreateEventReceiver.<locals>.Sink object at 0x00000263481B7C20>: _ISpeechVoiceEvents.Bookmark not implemented
2026-06-03 13:01:48,579 - comtypes._vtbl - DEBUG - <comtypes.client._events.CreateEventReceiver.<locals>.Sink object at 0x00000263481B7C20>: _ISpeechVoiceEvents.Sentence not implemented
2026-06-03 13:01:48,581 - comtypes._vtbl - DEBUG - <comtypes.client._events.CreateEventReceiver.<locals>.Sink object at 0x00000263481B7C20>: _ISpeechVoiceEvents.Phoneme not implemented
2026-06-03 13:01:48,581 - comtypes._vtbl - DEBUG - <comtypes.client._events.CreateEventReceiver.<locals>.Sink object at 0x00000263481B7C20>: _ISpeechVoiceEvents.Viseme not implemented
2026-06-03 13:01:48,581 - comtypes._vtbl - DEBUG - <comtypes.client._events.CreateEventReceiver.<locals>.Sink object at 0x00000263481B7C20>: _ISpeechVoiceEvents.AudioLevel not implemented
2026-06-03 13:01:48,581 - comtypes._vtbl - DEBUG - <comtypes.client._events.CreateEventReceiver.<locals>.Sink object at 0x00000263481B7C20>: _ISpeechVoiceEvents.EnginePrivate not implemented
2026-06-03 13:01:48,582 - comtypes.client._events - DEBUG - Start advise <class 'comtypes.gen._C866CA3A_32F7_11D2_9602_00C04F8EE628_0_5_4._ISpeechVoiceEvents'>
2026-06-03 13:01:48,582 - comtypes._comobject - DEBUG - <comtypes.client._events.CreateEventReceiver.<locals>.Sink object at 0x00000263481B7C20>.QueryInterface({A372ACD1-3BEF-4BBD-8FFB-CB3E2B416AF8}) -> S_OK
2026-06-03 13:01:48,582 - comtypes._comobject - DEBUG - 1 active COM objects: Added   <comtypes.client._events.CreateEventReceiver.<locals>.Sink object at 0x00000263481B7C20>
2026-06-03 13:01:48,582 - comtypes._comobject - DEBUG - <comtypes.client._events.CreateEventReceiver.<locals>.Sink object at 0x00000263481B7C20>.AddRef() -> 1
2026-06-03 13:01:48,584 - comtypes._post_coinit.unknwn - DEBUG - Release <POINTER(IConnectionPointContainer) ptr=0x26318927e88 at 2634814afd0>
2026-06-03 13:01:48,678 - comtypes.client._managing - DEBUG - wrap_outparam(<POINTER(ISpeechObjectToken) ptr=0x263189620a0 at 2634814afd0>)
2026-06-03 13:01:48,678 - comtypes._post_coinit.unknwn - DEBUG - Release <POINTER(ISpeechObjectToken) ptr=0x263189620a0 at 2634814afd0>
2026-06-03 13:01:48,679 - comtypes.client._managing - DEBUG - wrap_outparam(<POINTER(ISpeechObjectTokens) ptr=0x2631c7f1a50 at 2634814afd0>)
2026-06-03 13:01:48,679 - comtypes._post_coinit.unknwn - DEBUG - Release <POINTER(IUnknown) ptr=0x263492bc3c0 at 263484ce250>
2026-06-03 13:01:48,679 - comtypes.client._managing - DEBUG - wrap_outparam(<POINTER(IDispatch) ptr=0x2631c7fa9e0 at 263484cdb50>)
2026-06-03 13:01:48,679 - comtypes.client._managing - DEBUG - GetBestInterface(<POINTER(IDispatch) ptr=0x2631c7fa9e0 at 263484cdb50>)
2026-06-03 13:01:48,680 - comtypes.client._managing - DEBUG - Does NOT implement IProvideClassInfo, trying IProvideClassInfo2
2026-06-03 13:01:48,680 - comtypes.client._managing - DEBUG - Does NOT implement IProvideClassInfo/IProvideClassInfo2
2026-06-03 13:01:48,681 - comtypes._post_coinit.unknwn - DEBUG - Release <POINTER(IUnknown) ptr=0x2633cfcf950 at 263484cdfd0>
2026-06-03 13:01:48,681 - comtypes.client._managing - DEBUG - Default interface is {C74A3ADC-B727-4500-A84A-B526721C8B8C}
2026-06-03 13:01:48,681 - comtypes._post_coinit.unknwn - DEBUG - Release <POINTER(IUnknown) ptr=0x2631c7fa9e0 at 263484cdd50>
2026-06-03 13:01:48,681 - comtypes.client._generate - DEBUG - GetModule(TLIBATTR(GUID={C866CA3A-32F7-11D2-9602-00C04F8EE628}, Version=5.4, LCID=0, FLags=0x8))
2026-06-03 13:01:48,681 - comtypes.client._managing - DEBUG - Implements default interface from typeinfo <class 'comtypes.gen._C866CA3A_32F7_11D2_9602_00C04F8EE628_0_5_4.ISpeechObjectToken'>
2026-06-03 13:01:48,682 - comtypes.client._managing - DEBUG - Final result is <POINTER(ISpeechObjectToken) ptr=0x2631c7fa9e0 at 263484cdfd0>
2026-06-03 13:01:48,682 - comtypes._post_coinit.unknwn - DEBUG - Release <POINTER(IDispatch) ptr=0x2631c7fa9e0 at 263484cdad0>
2026-06-03 13:01:48,682 - comtypes._post_coinit.unknwn - DEBUG - Release <POINTER(ITypeInfo) ptr=0x2633cfcf950 at 263484cddd0>
2026-06-03 13:01:48,682 - comtypes._post_coinit.unknwn - DEBUG - Release <POINTER(ITypeLib) ptr=0x2633cfe95e0 at 263484cdd50>
2026-06-03 13:01:48,682 - comtypes._post_coinit.unknwn - DEBUG - Release <POINTER(IDispatch) ptr=0x2631c7fa9e0 at 263484cdb50>
2026-06-03 13:01:48,682 - comtypes._post_coinit.unknwn - DEBUG - Release <POINTER(IEnumVARIANT) ptr=0x263492bc3c0 at 263484ce0d0>
2026-06-03 13:01:48,682 - comtypes._post_coinit.unknwn - DEBUG - Release <POINTER(ISpeechObjectTokens) ptr=0x2631c7f1a50 at 2634814afd0>
2026-06-03 13:01:48,682 - comtypes._post_coinit.unknwn - DEBUG - Release <POINTER(ISpeechObjectToken) ptr=0x2631c7fa9e0 at 263484cdfd0>
2026-06-03 13:01:48,683 - comtypes.client._managing - DEBUG - wrap_outparam(<POINTER(ISpeechObjectTokens) ptr=0x2631c7f1550 at 2634814afd0>)
2026-06-03 13:01:48,683 - comtypes._post_coinit.unknwn - DEBUG - Release <POINTER(IUnknown) ptr=0x263492bbe70 at 263484cdfd0>
2026-06-03 13:01:48,683 - comtypes._post_coinit.unknwn - DEBUG - Release <POINTER(ISpeechObjectTokens) ptr=0x2631c7f1550 at 2634814afd0>
2026-06-03 13:01:48,683 - comtypes.client._managing - DEBUG - wrap_outparam(<POINTER(IDispatch) ptr=0x2631c7faef0 at 263484ce0d0>)
2026-06-03 13:01:48,683 - comtypes.client._managing - DEBUG - GetBestInterface(<POINTER(IDispatch) ptr=0x2631c7faef0 at 263484ce0d0>)
2026-06-03 13:01:48,685 - comtypes.client._managing - DEBUG - Does NOT implement IProvideClassInfo, trying IProvideClassInfo2
2026-06-03 13:01:48,685 - comtypes.client._managing - DEBUG - Does NOT implement IProvideClassInfo/IProvideClassInfo2
2026-06-03 13:01:48,685 - comtypes._post_coinit.unknwn - DEBUG - Release <POINTER(IUnknown) ptr=0x2633cfcf950 at 263484cdd50>
2026-06-03 13:01:48,685 - comtypes.client._managing - DEBUG - Default interface is {C74A3ADC-B727-4500-A84A-B526721C8B8C}
2026-06-03 13:01:48,685 - comtypes._post_coinit.unknwn - DEBUG - Release <POINTER(IUnknown) ptr=0x2631c7faef0 at 263484cde50>
2026-06-03 13:01:48,686 - comtypes.client._generate - DEBUG - GetModule(TLIBATTR(GUID={C866CA3A-32F7-11D2-9602-00C04F8EE628}, Version=5.4, LCID=0, FLags=0x8))
2026-06-03 13:01:48,686 - comtypes.client._managing - DEBUG - Implements default interface from typeinfo <class 'comtypes.gen._C866CA3A_32F7_11D2_9602_00C04F8EE628_0_5_4.ISpeechObjectToken'>
2026-06-03 13:01:48,686 - comtypes.client._managing - DEBUG - Final result is <POINTER(ISpeechObjectToken) ptr=0x2631c7faef0 at 263484cdd50>
2026-06-03 13:01:48,686 - comtypes._post_coinit.unknwn - DEBUG - Release <POINTER(IDispatch) ptr=0x2631c7faef0 at 263484cdb50>
2026-06-03 13:01:48,686 - comtypes._post_coinit.unknwn - DEBUG - Release <POINTER(ITypeInfo) ptr=0x2633cfcf950 at 263484cda50>
2026-06-03 13:01:48,686 - comtypes._post_coinit.unknwn - DEBUG - Release <POINTER(ITypeLib) ptr=0x2633cfe95e0 at 263484cde50>
2026-06-03 13:01:48,686 - comtypes._post_coinit.unknwn - DEBUG - Release <POINTER(IDispatch) ptr=0x2631c7faef0 at 263484ce0d0>
2026-06-03 13:01:48,687 - comtypes.client._managing - DEBUG - wrap_outparam(<POINTER(IDispatch) ptr=0x2631c7faa70 at 263484cde50>)
2026-06-03 13:01:48,687 - comtypes.client._managing - DEBUG - GetBestInterface(<POINTER(IDispatch) ptr=0x2631c7faa70 at 263484cde50>)
2026-06-03 13:01:48,687 - comtypes.client._managing - DEBUG - Does NOT implement IProvideClassInfo, trying IProvideClassInfo2
2026-06-03 13:01:48,687 - comtypes.client._managing - DEBUG - Does NOT implement IProvideClassInfo/IProvideClassInfo2
2026-06-03 13:01:48,687 - comtypes._post_coinit.unknwn - DEBUG - Release <POINTER(IUnknown) ptr=0x2633cfcf950 at 263484cdb50>
2026-06-03 13:01:48,687 - comtypes.client._managing - DEBUG - Default interface is {C74A3ADC-B727-4500-A84A-B526721C8B8C}
2026-06-03 13:01:48,687 - comtypes._post_coinit.unknwn - DEBUG - Release <POINTER(IUnknown) ptr=0x2631c7faa70 at 263484cddd0>
2026-06-03 13:01:48,688 - comtypes.client._generate - DEBUG - GetModule(TLIBATTR(GUID={C866CA3A-32F7-11D2-9602-00C04F8EE628}, Version=5.4, LCID=0, FLags=0x8))
2026-06-03 13:01:48,688 - comtypes.client._managing - DEBUG - Implements default interface from typeinfo <class 'comtypes.gen._C866CA3A_32F7_11D2_9602_00C04F8EE628_0_5_4.ISpeechObjectToken'>
2026-06-03 13:01:48,688 - comtypes.client._managing - DEBUG - Final result is <POINTER(ISpeechObjectToken) ptr=0x2631c7faa70 at 263484cdb50>
2026-06-03 13:01:48,688 - comtypes._post_coinit.unknwn - DEBUG - Release <POINTER(IDispatch) ptr=0x2631c7faa70 at 263484cda50>
2026-06-03 13:01:48,689 - comtypes._post_coinit.unknwn - DEBUG - Release <POINTER(ITypeInfo) ptr=0x2633cfcf950 at 263484cdad0>
2026-06-03 13:01:48,689 - comtypes._post_coinit.unknwn - DEBUG - Release <POINTER(ITypeLib) ptr=0x2633cfe95e0 at 263484cddd0>
2026-06-03 13:01:48,690 - comtypes._post_coinit.unknwn - DEBUG - Release <POINTER(IDispatch) ptr=0x2631c7faa70 at 263484cde50>
2026-06-03 13:01:48,690 - comtypes._post_coinit.unknwn - DEBUG - Release <POINTER(ISpeechObjectToken) ptr=0x2631c7faef0 at 263484cdd50>
2026-06-03 13:01:48,690 - comtypes._post_coinit.unknwn - DEBUG - Release <POINTER(IEnumVARIANT) ptr=0x263492bbe70 at 263484ce1d0>
2026-06-03 13:01:48,690 - comtypes._post_coinit.unknwn - DEBUG - Release <POINTER(ISpeechObjectToken) ptr=0x2631c7faa70 at 263484cdb50>
2026-06-03 13:01:48,691 - __main__ - INFO - Calling engine.runAndWait()
2026-06-03 13:01:48,691 - comtypes.client._managing - DEBUG - wrap_outparam(<POINTER(ISpeechObjectTokens) ptr=0x2631c7f1a50 at 2634814afd0>)
2026-06-03 13:01:48,692 - comtypes._post_coinit.unknwn - DEBUG - Release <POINTER(IUnknown) ptr=0x263492bc0a0 at 263484cdb50>
2026-06-03 13:01:48,692 - comtypes.client._managing - DEBUG - wrap_outparam(<POINTER(IDispatch) ptr=0x2631c7faef0 at 263484cde50>)
2026-06-03 13:01:48,692 - comtypes.client._managing - DEBUG - GetBestInterface(<POINTER(IDispatch) ptr=0x2631c7faef0 at 263484cde50>)
2026-06-03 13:01:48,693 - comtypes.client._managing - DEBUG - Does NOT implement IProvideClassInfo, trying IProvideClassInfo2
2026-06-03 13:01:48,694 - comtypes.client._managing - DEBUG - Does NOT implement IProvideClassInfo/IProvideClassInfo2
2026-06-03 13:01:48,695 - comtypes._post_coinit.unknwn - DEBUG - Release <POINTER(IUnknown) ptr=0x2633cfcf950 at 263484cdad0>
2026-06-03 13:01:48,695 - comtypes.client._managing - DEBUG - Default interface is {C74A3ADC-B727-4500-A84A-B526721C8B8C}
2026-06-03 13:01:48,695 - comtypes._post_coinit.unknwn - DEBUG - Release <POINTER(IUnknown) ptr=0x2631c7faef0 at 263484cdbd0>
2026-06-03 13:01:48,695 - comtypes.client._generate - DEBUG - GetModule(TLIBATTR(GUID={C866CA3A-32F7-11D2-9602-00C04F8EE628}, Version=5.4, LCID=0, FLags=0x8))
2026-06-03 13:01:48,695 - comtypes.client._managing - DEBUG - Implements default interface from typeinfo <class 'comtypes.gen._C866CA3A_32F7_11D2_9602_00C04F8EE628_0_5_4.ISpeechObjectToken'>
2026-06-03 13:01:48,695 - comtypes.client._managing - DEBUG - Final result is <POINTER(ISpeechObjectToken) ptr=0x2631c7faef0 at 263484cdad0>
2026-06-03 13:01:48,695 - comtypes._post_coinit.unknwn - DEBUG - Release <POINTER(IDispatch) ptr=0x2631c7faef0 at 263484ce050>
2026-06-03 13:01:48,695 - comtypes._post_coinit.unknwn - DEBUG - Release <POINTER(ITypeInfo) ptr=0x2633cfcf950 at 263484cda50>
2026-06-03 13:01:48,695 - comtypes._post_coinit.unknwn - DEBUG - Release <POINTER(ITypeLib) ptr=0x2633cfe95e0 at 263484cdbd0>
2026-06-03 13:01:48,697 - comtypes._post_coinit.unknwn - DEBUG - Release <POINTER(IDispatch) ptr=0x2631c7faef0 at 263484cde50>
2026-06-03 13:01:48,697 - comtypes._post_coinit.unknwn - DEBUG - Release <POINTER(IEnumVARIANT) ptr=0x263492bc0a0 at 263484ce1d0>
2026-06-03 13:01:48,697 - comtypes._post_coinit.unknwn - DEBUG - Release <POINTER(ISpeechObjectTokens) ptr=0x2631c7f1a50 at 2634814afd0>
2026-06-03 13:01:48,697 - comtypes._post_coinit.unknwn - DEBUG - Release <POINTER(ISpeechObjectToken) ptr=0x2631c7faef0 at 263484cdad0>
2026-06-03 13:01:48,698 - comtypes.client._managing - DEBUG - wrap_outparam(<POINTER(ISpeechObjectToken) ptr=0x263189620a0 at 2634814afd0>)
2026-06-03 13:01:48,698 - comtypes._post_coinit.unknwn - DEBUG - Release <POINTER(ISpeechObjectToken) ptr=0x263189620a0 at 2634814afd0>
2026-06-03 13:01:48,879 - comtypes._comobject - DEBUG - <comtypes.client._events.CreateEventReceiver.<locals>.Sink object at 0x00000263481B7C20>.AddRef() -> 2
2026-06-03 13:01:48,879 - comtypes._comobject - DEBUG - <comtypes.client._events.CreateEventReceiver.<locals>.Sink object at 0x00000263481B7C20>.Release() -> 1
2026-06-03 13:01:48,881 - comtypes._comobject - DEBUG - <comtypes.client._events.CreateEventReceiver.<locals>.Sink object at 0x00000263481B7C20>.AddRef() -> 2
2026-06-03 13:01:48,881 - comtypes.client._managing - DEBUG - wrap_outparam(<POINTER(IDispatch) ptr=0x26318961050 at 2634aa3c450>)
2026-06-03 13:01:48,881 - comtypes.client._managing - DEBUG - GetBestInterface(<POINTER(IDispatch) ptr=0x26318961050 at 2634aa3c450>)
2026-06-03 13:01:48,881 - comtypes.client._managing - DEBUG - Does NOT implement IProvideClassInfo, trying IProvideClassInfo2
2026-06-03 13:01:48,882 - comtypes.client._managing - DEBUG - Does NOT implement IProvideClassInfo/IProvideClassInfo2
2026-06-03 13:01:48,882 - comtypes._post_coinit.unknwn - DEBUG - Release <POINTER(IUnknown) ptr=0x2633cfcf950 at 2634aa3c650>
2026-06-03 13:01:48,882 - comtypes.client._managing - DEBUG - Default interface is {C74A3ADC-B727-4500-A84A-B526721C8B8C}
2026-06-03 13:01:48,882 - comtypes._post_coinit.unknwn - DEBUG - Release <POINTER(IUnknown) ptr=0x26318961050 at 2634aa3c750>
2026-06-03 13:01:48,882 - comtypes.client._generate - DEBUG - GetModule(TLIBATTR(GUID={C866CA3A-32F7-11D2-9602-00C04F8EE628}, Version=5.4, LCID=0, FLags=0x8))
2026-06-03 13:01:48,882 - comtypes.client._managing - DEBUG - Implements default interface from typeinfo <class 'comtypes.gen._C866CA3A_32F7_11D2_9602_00C04F8EE628_0_5_4.ISpeechObjectToken'>
2026-06-03 13:01:48,882 - comtypes.client._managing - DEBUG - Final result is <POINTER(ISpeechObjectToken) ptr=0x26318961050 at 2634aa3c650>
2026-06-03 13:01:48,882 - comtypes._post_coinit.unknwn - DEBUG - Release <POINTER(IDispatch) ptr=0x26318961050 at 2634aa3c5d0>
2026-06-03 13:01:48,882 - comtypes._post_coinit.unknwn - DEBUG - Release <POINTER(ITypeInfo) ptr=0x2633cfcf950 at 2634aa3c6d0>
2026-06-03 13:01:48,882 - comtypes._post_coinit.unknwn - DEBUG - Release <POINTER(ITypeLib) ptr=0x2633cfe95e0 at 2634aa3c750>
2026-06-03 13:01:48,882 - comtypes._post_coinit.unknwn - DEBUG - Release <POINTER(IDispatch) ptr=0x26318961050 at 2634aa3c450>
2026-06-03 13:01:48,882 - comtypes._vtbl - DEBUG - unimplemented method _ISpeechVoiceEvents_VoiceChange called
2026-06-03 13:01:48,882 - comtypes._post_coinit.unknwn - DEBUG - Release <POINTER(ISpeechObjectToken) ptr=0x26318961050 at 2634aa3c650>
2026-06-03 13:01:48,882 - comtypes._comobject - DEBUG - <comtypes.client._events.CreateEventReceiver.<locals>.Sink object at 0x00000263481B7C20>.Release() -> 1
2026-06-03 13:01:48,882 - comtypes._comobject - DEBUG - <comtypes.client._events.CreateEventReceiver.<locals>.Sink object at 0x00000263481B7C20>.AddRef() -> 2
2026-06-03 13:01:48,883 - comtypes._vtbl - DEBUG - unimplemented method _ISpeechVoiceEvents_Sentence called
2026-06-03 13:01:48,883 - comtypes._comobject - DEBUG - <comtypes.client._events.CreateEventReceiver.<locals>.Sink object at 0x00000263481B7C20>.Release() -> 1
2026-06-03 13:01:48,883 - comtypes._comobject - DEBUG - <comtypes.client._events.CreateEventReceiver.<locals>.Sink object at 0x00000263481B7C20>.AddRef() -> 2
2026-06-03 13:01:48,883 - comtypes._vtbl - DEBUG - unimplemented method _ISpeechVoiceEvents_Phoneme called
2026-06-03 13:01:48,883 - comtypes._comobject - DEBUG - <comtypes.client._events.CreateEventReceiver.<locals>.Sink object at 0x00000263481B7C20>.Release() -> 1
2026-06-03 13:01:48,883 - comtypes._comobject - DEBUG - <comtypes.client._events.CreateEventReceiver.<locals>.Sink object at 0x00000263481B7C20>.AddRef() -> 2
2026-06-03 13:01:48,883 - comtypes._vtbl - DEBUG - unimplemented method _ISpeechVoiceEvents_Viseme called
2026-06-03 13:01:48,883 - comtypes._comobject - DEBUG - <comtypes.client._events.CreateEventReceiver.<locals>.Sink object at 0x00000263481B7C20>.Release() -> 1
2026-06-03 13:01:48,985 - comtypes._comobject - DEBUG - <comtypes.client._events.CreateEventReceiver.<locals>.Sink object at 0x00000263481B7C20>.AddRef() -> 2
2026-06-03 13:01:48,985 - comtypes._comobject - DEBUG - <comtypes.client._events.CreateEventReceiver.<locals>.Sink object at 0x00000263481B7C20>.Release() -> 1
2026-06-03 13:01:48,985 - comtypes._comobject - DEBUG - <comtypes.client._events.CreateEventReceiver.<locals>.Sink object at 0x00000263481B7C20>.AddRef() -> 2
2026-06-03 13:01:48,985 - comtypes._vtbl - DEBUG - unimplemented method _ISpeechVoiceEvents_Phoneme called
2026-06-03 13:01:48,985 - comtypes._comobject - DEBUG - <comtypes.client._events.CreateEventReceiver.<locals>.Sink object at 0x00000263481B7C20>.Release() -> 1
2026-06-03 13:01:48,985 - comtypes._comobject - DEBUG - <comtypes.client._events.CreateEventReceiver.<locals>.Sink object at 0x00000263481B7C20>.AddRef() -> 2
2026-06-03 13:01:48,985 - comtypes._vtbl - DEBUG - unimplemented method _ISpeechVoiceEvents_Viseme called
2026-06-03 13:01:48,985 - comtypes._comobject - DEBUG - <comtypes.client._events.CreateEventReceiver.<locals>.Sink object at 0x00000263481B7C20>.Release() -> 1
2026-06-03 13:01:49,036 - comtypes._comobject - DEBUG - <comtypes.client._events.CreateEventReceiver.<locals>.Sink object at 0x00000263481B7C20>.AddRef() -> 2
2026-06-03 13:01:49,036 - comtypes._vtbl - DEBUG - unimplemented method _ISpeechVoiceEvents_Viseme called
2026-06-03 13:01:49,036 - comtypes._comobject - DEBUG - <comtypes.client._events.CreateEventReceiver.<locals>.Sink object at 0x00000263481B7C20>.Release() -> 1
2026-06-03 13:01:49,045 - voice.tts_engines.piper_engine - ERROR - Piper TTS dependencies not installed: No module named 'piper.download'
2026-06-03 13:01:49,046 - voice.tts_engines.piper_engine - WARNING - To install Piper: pip install piper-tts sounddevice numpy
2026-06-03 13:01:49,046 - voice.tts_engines.engine_selector - WARNING - Failed to initialize piper, falling back...
2026-06-03 13:01:49,046 - voice.tts_engines.piper_engine - INFO - Initializing Piper TTS engine...
2026-06-03 13:01:49,046 - voice.tts_engines.piper_engine - ERROR - Piper TTS dependencies not installed: No module named 'piper.download'
2026-06-03 13:01:49,046 - voice.tts_engines.piper_engine - WARNING - To install Piper: pip install piper-tts sounddevice numpy
2026-06-03 13:01:49,046 - voice.tts_engines.pyttsx3_engine - INFO - Initializing pyttsx3 TTS engine...
2026-06-03 13:01:49,046 - voice.tts_engines.pyttsx3_engine - INFO - Set initial TTS speed to 150 WPM
2026-06-03 13:01:49,047 - comtypes.client._managing - DEBUG - wrap_outparam(<POINTER(ISpeechObjectTokens) ptr=0x2634a0af650 at 2634aa3e250>)
2026-06-03 13:01:49,047 - comtypes._post_coinit.unknwn - DEBUG - Release <POINTER(IUnknown) ptr=0x263492bc0f0 at 2634aa3e850>
2026-06-03 13:01:49,047 - comtypes._post_coinit.unknwn - DEBUG - Release <POINTER(ISpeechObjectTokens) ptr=0x2634a0af650 at 2634aa3e250>
2026-06-03 13:01:49,047 - comtypes.client._managing - DEBUG - wrap_outparam(<POINTER(IDispatch) ptr=0x2631c7fab90 at 2634aa3e5d0>)
2026-06-03 13:01:49,048 - comtypes.client._managing - DEBUG - GetBestInterface(<POINTER(IDispatch) ptr=0x2631c7fab90 at 2634aa3e5d0>)
2026-06-03 13:01:49,048 - comtypes.client._managing - DEBUG - Does NOT implement IProvideClassInfo, trying IProvideClassInfo2
2026-06-03 13:01:49,049 - comtypes.client._managing - DEBUG - Does NOT implement IProvideClassInfo/IProvideClassInfo2
2026-06-03 13:01:49,049 - comtypes._post_coinit.unknwn - DEBUG - Release <POINTER(IUnknown) ptr=0x2633cfcf950 at 2634aa3e950>
2026-06-03 13:01:49,049 - comtypes.client._managing - DEBUG - Default interface is {C74A3ADC-B727-4500-A84A-B526721C8B8C}
2026-06-03 13:01:49,049 - comtypes._post_coinit.unknwn - DEBUG - Release <POINTER(IUnknown) ptr=0x2631c7fab90 at 2634aa3ea50>
2026-06-03 13:01:49,049 - comtypes.client._generate - DEBUG - GetModule(TLIBATTR(GUID={C866CA3A-32F7-11D2-9602-00C04F8EE628}, Version=5.4, LCID=0, FLags=0x8))
2026-06-03 13:01:49,050 - comtypes.client._managing - DEBUG - Implements default interface from typeinfo <class 'comtypes.gen._C866CA3A_32F7_11D2_9602_00C04F8EE628_0_5_4.ISpeechObjectToken'>
2026-06-03 13:01:49,050 - comtypes.client._managing - DEBUG - Final result is <POINTER(ISpeechObjectToken) ptr=0x2631c7fab90 at 2634aa3e950>
2026-06-03 13:01:49,050 - comtypes._post_coinit.unknwn - DEBUG - Release <POINTER(IDispatch) ptr=0x2631c7fab90 at 2634aa3e750>
2026-06-03 13:01:49,050 - comtypes._post_coinit.unknwn - DEBUG - Release <POINTER(ITypeInfo) ptr=0x2633cfcf950 at 2634aa3e9d0>
2026-06-03 13:01:49,051 - comtypes._post_coinit.unknwn - DEBUG - Release <POINTER(ITypeLib) ptr=0x2633cfe95e0 at 2634aa3ea50>
2026-06-03 13:01:49,051 - comtypes._post_coinit.unknwn - DEBUG - Release <POINTER(IDispatch) ptr=0x2631c7fab90 at 2634aa3e5d0>
2026-06-03 13:01:49,052 - comtypes.client._managing - DEBUG - wrap_outparam(<POINTER(IDispatch) ptr=0x2631c7faef0 at 2634aa3ea50>)
2026-06-03 13:01:49,052 - comtypes.client._managing - DEBUG - GetBestInterface(<POINTER(IDispatch) ptr=0x2631c7faef0 at 2634aa3ea50>)
2026-06-03 13:01:49,052 - comtypes.client._managing - DEBUG - Does NOT implement IProvideClassInfo, trying IProvideClassInfo2
2026-06-03 13:01:49,053 - comtypes.client._managing - DEBUG - Does NOT implement IProvideClassInfo/IProvideClassInfo2
2026-06-03 13:01:49,053 - comtypes._post_coinit.unknwn - DEBUG - Release <POINTER(IUnknown) ptr=0x2633cfcf950 at 2634aa3e750>
2026-06-03 13:01:49,053 - comtypes.client._managing - DEBUG - Default interface is {C74A3ADC-B727-4500-A84A-B526721C8B8C}
2026-06-03 13:01:49,053 - comtypes._post_coinit.unknwn - DEBUG - Release <POINTER(IUnknown) ptr=0x2631c7faef0 at 2634aa3ead0>
2026-06-03 13:01:49,053 - comtypes.client._generate - DEBUG - GetModule(TLIBATTR(GUID={C866CA3A-32F7-11D2-9602-00C04F8EE628}, Version=5.4, LCID=0, FLags=0x8))
2026-06-03 13:01:49,053 - comtypes.client._managing - DEBUG - Implements default interface from typeinfo <class 'comtypes.gen._C866CA3A_32F7_11D2_9602_00C04F8EE628_0_5_4.ISpeechObjectToken'>
2026-06-03 13:01:49,053 - comtypes.client._managing - DEBUG - Final result is <POINTER(ISpeechObjectToken) ptr=0x2631c7faef0 at 2634aa3e750>
2026-06-03 13:01:49,054 - comtypes._post_coinit.unknwn - DEBUG - Release <POINTER(IDispatch) ptr=0x2631c7faef0 at 2634aa3e9d0>
2026-06-03 13:01:49,054 - comtypes._post_coinit.unknwn - DEBUG - Release <POINTER(ITypeInfo) ptr=0x2633cfcf950 at 2634aa3eb50>
2026-06-03 13:01:49,054 - comtypes._post_coinit.unknwn - DEBUG - Release <POINTER(ITypeLib) ptr=0x2633cfe95e0 at 2634aa3ead0>
2026-06-03 13:01:49,054 - comtypes._post_coinit.unknwn - DEBUG - Release <POINTER(IDispatch) ptr=0x2631c7faef0 at 2634aa3ea50>
2026-06-03 13:01:49,054 - comtypes._post_coinit.unknwn - DEBUG - Release <POINTER(ISpeechObjectToken) ptr=0x2631c7fab90 at 2634aa3e950>
2026-06-03 13:01:49,054 - comtypes._post_coinit.unknwn - DEBUG - Release <POINTER(IEnumVARIANT) ptr=0x263492bc0f0 at 2634aa3e550>
2026-06-03 13:01:49,054 - comtypes._post_coinit.unknwn - DEBUG - Release <POINTER(ISpeechObjectToken) ptr=0x2631c7faef0 at 2634aa3e750>
2026-06-03 13:01:49,055 - voice.tts_engines.pyttsx3_engine - INFO - Available voices: 2 found
2026-06-03 13:01:49,055 - voice.tts_engines.pyttsx3_engine - INFO -   Voice 0: Microsoft David Desktop - English (United States)
2026-06-03 13:01:49,055 - voice.tts_engines.pyttsx3_engine - INFO - Found target voice: Microsoft David Desktop - English (United States)
2026-06-03 13:01:49,055 - voice.tts_engines.pyttsx3_engine - INFO - pyttsx3 TTS initialized successfully!
2026-06-03 13:01:49,055 - voice.tts_engines.engine_selector - INFO - Using TTS engine: pyttsx3
2026-06-03 13:01:49,055 - voice.tts_engines.pyttsx3_engine - INFO - Set TTS speed to 150 WPM (scale: 1.0)
2026-06-03 13:01:49,076 - voice.voice_memory - INFO - Loaded 26 voice interactions
2026-06-03 13:01:49,087 - comtypes._comobject - DEBUG - <comtypes.client._events.CreateEventReceiver.<locals>.Sink object at 0x00000263481B7C20>.AddRef() -> 2
2026-06-03 13:01:49,087 - comtypes._vtbl - DEBUG - unimplemented method _ISpeechVoiceEvents_Phoneme called
2026-06-03 13:01:49,087 - comtypes._comobject - DEBUG - <comtypes.client._events.CreateEventReceiver.<locals>.Sink object at 0x00000263481B7C20>.Release() -> 1
2026-06-03 13:01:49,087 - comtypes._comobject - DEBUG - <comtypes.client._events.CreateEventReceiver.<locals>.Sink object at 0x00000263481B7C20>.AddRef() -> 2
2026-06-03 13:01:49,087 - comtypes._vtbl - DEBUG - unimplemented method _ISpeechVoiceEvents_Viseme called
2026-06-03 13:01:49,087 - comtypes._comobject - DEBUG - <comtypes.client._events.CreateEventReceiver.<locals>.Sink object at 0x00000263481B7C20>.Release() -> 1
2026-06-03 13:01:49,101 - voice.audio_router - INFO - Found 2 input devices, 2 output devices
2026-06-03 13:01:49,101 - runtime.runtime_manager - INFO - Initializing JARVIS runtime system
2026-06-03 13:01:49,102 - runtime_core.event_bus - DEBUG - Subscribed to PAUSE
2026-06-03 13:01:49,102 - runtime_core.event_bus - DEBUG - Subscribed to RESUME
2026-06-03 13:01:49,102 - runtime.hotkey_manager - INFO - Initializing hotkey manager
2026-06-03 13:01:49,188 - comtypes._comobject - DEBUG - <comtypes.client._events.CreateEventReceiver.<locals>.Sink object at 0x00000263481B7C20>.AddRef() -> 2
2026-06-03 13:01:49,188 - comtypes._vtbl - DEBUG - unimplemented method _ISpeechVoiceEvents_Phoneme called
2026-06-03 13:01:49,188 - comtypes._comobject - DEBUG - <comtypes.client._events.CreateEventReceiver.<locals>.Sink object at 0x00000263481B7C20>.Release() -> 1
2026-06-03 13:01:49,189 - comtypes._comobject - DEBUG - <comtypes.client._events.CreateEventReceiver.<locals>.Sink object at 0x00000263481B7C20>.AddRef() -> 2
2026-06-03 13:01:49,189 - comtypes._vtbl - DEBUG - unimplemented method _ISpeechVoiceEvents_Viseme called
2026-06-03 13:01:49,189 - comtypes._comobject - DEBUG - <comtypes.client._events.CreateEventReceiver.<locals>.Sink object at 0x00000263481B7C20>.Release() -> 1
2026-06-03 13:01:49,240 - comtypes._comobject - DEBUG - <comtypes.client._events.CreateEventReceiver.<locals>.Sink object at 0x00000263481B7C20>.AddRef() -> 2
2026-06-03 13:01:49,240 - comtypes._vtbl - DEBUG - unimplemented method _ISpeechVoiceEvents_Phoneme called
2026-06-03 13:01:49,240 - comtypes._comobject - DEBUG - <comtypes.client._events.CreateEventReceiver.<locals>.Sink object at 0x00000263481B7C20>.Release() -> 1
2026-06-03 13:01:49,240 - comtypes._comobject - DEBUG - <comtypes.client._events.CreateEventReceiver.<locals>.Sink object at 0x00000263481B7C20>.AddRef() -> 2
2026-06-03 13:01:49,240 - comtypes._vtbl - DEBUG - unimplemented method _ISpeechVoiceEvents_Viseme called
2026-06-03 13:01:49,240 - comtypes._comobject - DEBUG - <comtypes.client._events.CreateEventReceiver.<locals>.Sink object at 0x00000263481B7C20>.Release() -> 1
2026-06-03 13:01:49,291 - comtypes._comobject - DEBUG - <comtypes.client._events.CreateEventReceiver.<locals>.Sink object at 0x00000263481B7C20>.AddRef() -> 2
2026-06-03 13:01:49,291 - comtypes._vtbl - DEBUG - unimplemented method _ISpeechVoiceEvents_Phoneme called
2026-06-03 13:01:49,291 - comtypes._comobject - DEBUG - <comtypes.client._events.CreateEventReceiver.<locals>.Sink object at 0x00000263481B7C20>.Release() -> 1
2026-06-03 13:01:49,291 - comtypes._comobject - DEBUG - <comtypes.client._events.CreateEventReceiver.<locals>.Sink object at 0x00000263481B7C20>.AddRef() -> 2
2026-06-03 13:01:49,291 - comtypes._vtbl - DEBUG - unimplemented method _ISpeechVoiceEvents_Viseme called
2026-06-03 13:01:49,291 - comtypes._comobject - DEBUG - <comtypes.client._events.CreateEventReceiver.<locals>.Sink object at 0x00000263481B7C20>.Release() -> 1
2026-06-03 13:01:49,342 - comtypes._comobject - DEBUG - <comtypes.client._events.CreateEventReceiver.<locals>.Sink object at 0x00000263481B7C20>.AddRef() -> 2
2026-06-03 13:01:49,342 - comtypes._vtbl - DEBUG - unimplemented method _ISpeechVoiceEvents_Phoneme called
2026-06-03 13:01:49,342 - comtypes._comobject - DEBUG - <comtypes.client._events.CreateEventReceiver.<locals>.Sink object at 0x00000263481B7C20>.Release() -> 1
2026-06-03 13:01:49,342 - comtypes._comobject - DEBUG - <comtypes.client._events.CreateEventReceiver.<locals>.Sink object at 0x00000263481B7C20>.AddRef() -> 2
2026-06-03 13:01:49,342 - comtypes._vtbl - DEBUG - unimplemented method _ISpeechVoiceEvents_Viseme called
2026-06-03 13:01:49,342 - comtypes._comobject - DEBUG - <comtypes.client._events.CreateEventReceiver.<locals>.Sink object at 0x00000263481B7C20>.Release() -> 1
2026-06-03 13:01:49,433 - runtime.hotkey_manager - DEBUG - Keyboard library imported successfully
2026-06-03 13:01:49,433 - runtime.idle_controller - INFO - Initializing idle controller
2026-06-03 13:01:49,433 - runtime.wake_listener - INFO - Initializing wake listener
2026-06-03 13:01:49,433 - runtime.wake_listener - INFO - SpeechRecognition version: 3.16.1
2026-06-03 13:01:49,443 - comtypes._comobject - DEBUG - <comtypes.client._events.CreateEventReceiver.<locals>.Sink object at 0x00000263481B7C20>.AddRef() -> 2
2026-06-03 13:01:49,443 - comtypes._comobject - DEBUG - <comtypes.client._events.CreateEventReceiver.<locals>.Sink object at 0x00000263481B7C20>.Release() -> 1
2026-06-03 13:01:49,443 - comtypes._comobject - DEBUG - <comtypes.client._events.CreateEventReceiver.<locals>.Sink object at 0x00000263481B7C20>.AddRef() -> 2
2026-06-03 13:01:49,443 - comtypes._vtbl - DEBUG - unimplemented method _ISpeechVoiceEvents_Phoneme called
2026-06-03 13:01:49,443 - comtypes._comobject - DEBUG - <comtypes.client._events.CreateEventReceiver.<locals>.Sink object at 0x00000263481B7C20>.Release() -> 1
2026-06-03 13:01:49,443 - comtypes._comobject - DEBUG - <comtypes.client._events.CreateEventReceiver.<locals>.Sink object at 0x00000263481B7C20>.AddRef() -> 2
2026-06-03 13:01:49,443 - comtypes._vtbl - DEBUG - unimplemented method _ISpeechVoiceEvents_Viseme called
2026-06-03 13:01:49,443 - comtypes._comobject - DEBUG - <comtypes.client._events.CreateEventReceiver.<locals>.Sink object at 0x00000263481B7C20>.Release() -> 1
2026-06-03 13:01:49,534 - runtime.wake_listener - INFO - Speech recognition and microphone initialized successfully
2026-06-03 13:01:49,534 - runtime.wake_listener - INFO - Fixed energy threshold set to: 200
2026-06-03 13:01:49,534 - runtime.runtime_manager - INFO - Runtime manager initialized successfully
2026-06-03 13:01:49,534 - runtime.hotkey_manager - INFO - Initializing hotkey manager
2026-06-03 13:01:49,534 - runtime.hotkey_manager - DEBUG - Keyboard library imported successfully
2026-06-03 13:01:49,544 - comtypes._comobject - DEBUG - <comtypes.client._events.CreateEventReceiver.<locals>.Sink object at 0x00000263481B7C20>.AddRef() -> 2
2026-06-03 13:01:49,544 - comtypes._vtbl - DEBUG - unimplemented method _ISpeechVoiceEvents_Phoneme called
2026-06-03 13:01:49,544 - comtypes._comobject - DEBUG - <comtypes.client._events.CreateEventReceiver.<locals>.Sink object at 0x00000263481B7C20>.Release() -> 1
2026-06-03 13:01:49,544 - comtypes._comobject - DEBUG - <comtypes.client._events.CreateEventReceiver.<locals>.Sink object at 0x00000263481B7C20>.AddRef() -> 2
2026-06-03 13:01:49,544 - comtypes._vtbl - DEBUG - unimplemented method _ISpeechVoiceEvents_Viseme called
2026-06-03 13:01:49,545 - comtypes._comobject - DEBUG - <comtypes.client._events.CreateEventReceiver.<locals>.Sink object at 0x00000263481B7C20>.Release() -> 1
2026-06-03 13:01:49,591 - integration.speech_listener - INFO - Microphone initialized successfully!
2026-06-03 13:01:49,634 - runtime.hotkey_manager - INFO - Hotkey listener started (CTRL+P registered)
2026-06-03 13:01:49,646 - comtypes._comobject - DEBUG - <comtypes.client._events.CreateEventReceiver.<locals>.Sink object at 0x00000263481B7C20>.AddRef() -> 2
2026-06-03 13:01:49,646 - comtypes._vtbl - DEBUG - unimplemented method _ISpeechVoiceEvents_Phoneme called
2026-06-03 13:01:49,646 - comtypes._comobject - DEBUG - <comtypes.client._events.CreateEventReceiver.<locals>.Sink object at 0x00000263481B7C20>.Release() -> 1
2026-06-03 13:01:49,646 - comtypes._comobject - DEBUG - <comtypes.client._events.CreateEventReceiver.<locals>.Sink object at 0x00000263481B7C20>.AddRef() -> 2
2026-06-03 13:01:49,646 - comtypes._vtbl - DEBUG - unimplemented method _ISpeechVoiceEvents_Viseme called
2026-06-03 13:01:49,646 - comtypes._comobject - DEBUG - <comtypes.client._events.CreateEventReceiver.<locals>.Sink object at 0x00000263481B7C20>.Release() -> 1
2026-06-03 13:01:49,667 - integration.speech_listener - INFO - Adjusting for ambient noise...
2026-06-03 13:01:49,697 - comtypes._comobject - DEBUG - <comtypes.client._events.CreateEventReceiver.<locals>.Sink object at 0x00000263481B7C20>.AddRef() -> 2
2026-06-03 13:01:49,697 - comtypes._vtbl - DEBUG - unimplemented method _ISpeechVoiceEvents_Phoneme called
2026-06-03 13:01:49,697 - comtypes._comobject - DEBUG - <comtypes.client._events.CreateEventReceiver.<locals>.Sink object at 0x00000263481B7C20>.Release() -> 1
2026-06-03 13:01:49,697 - comtypes._comobject - DEBUG - <comtypes.client._events.CreateEventReceiver.<locals>.Sink object at 0x00000263481B7C20>.AddRef() -> 2
2026-06-03 13:01:49,697 - comtypes._vtbl - DEBUG - unimplemented method _ISpeechVoiceEvents_Viseme called
2026-06-03 13:01:49,697 - comtypes._comobject - DEBUG - <comtypes.client._events.CreateEventReceiver.<locals>.Sink object at 0x00000263481B7C20>.Release() -> 1
2026-06-03 13:01:49,799 - comtypes._comobject - DEBUG - <comtypes.client._events.CreateEventReceiver.<locals>.Sink object at 0x00000263481B7C20>.AddRef() -> 2
2026-06-03 13:01:49,799 - comtypes._vtbl - DEBUG - unimplemented method _ISpeechVoiceEvents_Viseme called
2026-06-03 13:01:49,799 - comtypes._comobject - DEBUG - <comtypes.client._events.CreateEventReceiver.<locals>.Sink object at 0x00000263481B7C20>.Release() -> 1
2026-06-03 13:01:49,849 - comtypes._comobject - DEBUG - <comtypes.client._events.CreateEventReceiver.<locals>.Sink object at 0x00000263481B7C20>.AddRef() -> 2
2026-06-03 13:01:49,849 - comtypes._vtbl - DEBUG - unimplemented method _ISpeechVoiceEvents_Phoneme called
2026-06-03 13:01:49,849 - comtypes._comobject - DEBUG - <comtypes.client._events.CreateEventReceiver.<locals>.Sink object at 0x00000263481B7C20>.Release() -> 1
2026-06-03 13:01:49,849 - comtypes._comobject - DEBUG - <comtypes.client._events.CreateEventReceiver.<locals>.Sink object at 0x00000263481B7C20>.AddRef() -> 2
2026-06-03 13:01:49,850 - comtypes._vtbl - DEBUG - unimplemented method _ISpeechVoiceEvents_Viseme called
2026-06-03 13:01:49,850 - comtypes._comobject - DEBUG - <comtypes.client._events.CreateEventReceiver.<locals>.Sink object at 0x00000263481B7C20>.Release() -> 1
2026-06-03 13:01:50,001 - comtypes._comobject - DEBUG - <comtypes.client._events.CreateEventReceiver.<locals>.Sink object at 0x00000263481B7C20>.AddRef() -> 2
2026-06-03 13:01:50,001 - comtypes._vtbl - DEBUG - unimplemented method _ISpeechVoiceEvents_Phoneme called
2026-06-03 13:01:50,001 - comtypes._comobject - DEBUG - <comtypes.client._events.CreateEventReceiver.<locals>.Sink object at 0x00000263481B7C20>.Release() -> 1
2026-06-03 13:01:50,001 - comtypes._comobject - DEBUG - <comtypes.client._events.CreateEventReceiver.<locals>.Sink object at 0x00000263481B7C20>.AddRef() -> 2
2026-06-03 13:01:50,001 - comtypes._vtbl - DEBUG - unimplemented method _ISpeechVoiceEvents_Viseme called
2026-06-03 13:01:50,001 - comtypes._comobject - DEBUG - <comtypes.client._events.CreateEventReceiver.<locals>.Sink object at 0x00000263481B7C20>.Release() -> 1
2026-06-03 13:01:50,683 - integration.speech_listener - INFO - Energy threshold set to: 418.130454157812
2026-06-03 13:01:50,699 - integration.speech_listener - INFO - Speech listener started!
2026-06-03 13:01:50,699 - integration.speech_listener - DEBUG - Listening for wake word...
2026-06-03 13:01:50,701 - runtime.idle_controller - DEBUG - Idle controller: idle state - optimizing resources
2026-06-03 13:01:50,701 - runtime.runtime_manager - INFO - Starting JARVIS runtime service
2026-06-03 13:01:50,701 - runtime.background_service - INFO - Starting background service
2026-06-03 13:01:50,701 - asyncio - DEBUG - Using proactor: IocpProactor
2026-06-03 13:01:50,702 - runtime.background_service - INFO - Entering idle loop
2026-06-03 13:01:50,755 - comtypes._comobject - DEBUG - <comtypes.client._events.CreateEventReceiver.<locals>.Sink object at 0x00000263481B7C20>.AddRef() -> 2
2026-06-03 13:01:50,755 - comtypes._vtbl - DEBUG - unimplemented method _ISpeechVoiceEvents_Sentence called
2026-06-03 13:01:50,755 - comtypes._comobject - DEBUG - <comtypes.client._events.CreateEventReceiver.<locals>.Sink object at 0x00000263481B7C20>.Release() -> 1
2026-06-03 13:01:50,755 - comtypes._comobject - DEBUG - <comtypes.client._events.CreateEventReceiver.<locals>.Sink object at 0x00000263481B7C20>.AddRef() -> 2
2026-06-03 13:01:50,755 - comtypes._vtbl - DEBUG - unimplemented method _ISpeechVoiceEvents_Phoneme called
2026-06-03 13:01:50,755 - comtypes._comobject - DEBUG - <comtypes.client._events.CreateEventReceiver.<locals>.Sink object at 0x00000263481B7C20>.Release() -> 1
2026-06-03 13:01:50,755 - comtypes._comobject - DEBUG - <comtypes.client._events.CreateEventReceiver.<locals>.Sink object at 0x00000263481B7C20>.AddRef() -> 2
2026-06-03 13:01:50,755 - comtypes._vtbl - DEBUG - unimplemented method _ISpeechVoiceEvents_Viseme called
2026-06-03 13:01:50,756 - comtypes._comobject - DEBUG - <comtypes.client._events.CreateEventReceiver.<locals>.Sink object at 0x00000263481B7C20>.Release() -> 1
2026-06-03 13:01:50,857 - comtypes._comobject - DEBUG - <comtypes.client._events.CreateEventReceiver.<locals>.Sink object at 0x00000263481B7C20>.AddRef() -> 2
2026-06-03 13:01:50,857 - comtypes._comobject - DEBUG - <comtypes.client._events.CreateEventReceiver.<locals>.Sink object at 0x00000263481B7C20>.Release() -> 1
2026-06-03 13:01:50,857 - comtypes._comobject - DEBUG - <comtypes.client._events.CreateEventReceiver.<locals>.Sink object at 0x00000263481B7C20>.AddRef() -> 2
2026-06-03 13:01:50,857 - comtypes._vtbl - DEBUG - unimplemented method _ISpeechVoiceEvents_Phoneme called
2026-06-03 13:01:50,857 - comtypes._comobject - DEBUG - <comtypes.client._events.CreateEventReceiver.<locals>.Sink object at 0x00000263481B7C20>.Release() -> 1
2026-06-03 13:01:50,857 - comtypes._comobject - DEBUG - <comtypes.client._events.CreateEventReceiver.<locals>.Sink object at 0x00000263481B7C20>.AddRef() -> 2
2026-06-03 13:01:50,857 - comtypes._vtbl - DEBUG - unimplemented method _ISpeechVoiceEvents_Viseme called
2026-06-03 13:01:50,857 - comtypes._comobject - DEBUG - <comtypes.client._events.CreateEventReceiver.<locals>.Sink object at 0x00000263481B7C20>.Release() -> 1
2026-06-03 13:01:50,958 - comtypes._comobject - DEBUG - <comtypes.client._events.CreateEventReceiver.<locals>.Sink object at 0x00000263481B7C20>.AddRef() -> 2
2026-06-03 13:01:50,958 - comtypes._vtbl - DEBUG - unimplemented method _ISpeechVoiceEvents_Phoneme called
2026-06-03 13:01:50,958 - comtypes._comobject - DEBUG - <comtypes.client._events.CreateEventReceiver.<locals>.Sink object at 0x00000263481B7C20>.Release() -> 1
2026-06-03 13:01:50,958 - comtypes._comobject - DEBUG - <comtypes.client._events.CreateEventReceiver.<locals>.Sink object at 0x00000263481B7C20>.AddRef() -> 2
2026-06-03 13:01:50,958 - comtypes._vtbl - DEBUG - unimplemented method _ISpeechVoiceEvents_Viseme called
2026-06-03 13:01:50,958 - comtypes._comobject - DEBUG - <comtypes.client._events.CreateEventReceiver.<locals>.Sink object at 0x00000263481B7C20>.Release() -> 1
2026-06-03 13:01:51,059 - comtypes._comobject - DEBUG - <comtypes.client._events.CreateEventReceiver.<locals>.Sink object at 0x00000263481B7C20>.AddRef() -> 2
2026-06-03 13:01:51,059 - comtypes._comobject - DEBUG - <comtypes.client._events.CreateEventReceiver.<locals>.Sink object at 0x00000263481B7C20>.Release() -> 1
2026-06-03 13:01:51,059 - comtypes._comobject - DEBUG - <comtypes.client._events.CreateEventReceiver.<locals>.Sink object at 0x00000263481B7C20>.AddRef() -> 2
2026-06-03 13:01:51,059 - comtypes._vtbl - DEBUG - unimplemented method _ISpeechVoiceEvents_Phoneme called
2026-06-03 13:01:51,059 - comtypes._comobject - DEBUG - <comtypes.client._events.CreateEventReceiver.<locals>.Sink object at 0x00000263481B7C20>.Release() -> 1
2026-06-03 13:01:51,059 - comtypes._comobject - DEBUG - <comtypes.client._events.CreateEventReceiver.<locals>.Sink object at 0x00000263481B7C20>.AddRef() -> 2
2026-06-03 13:01:51,059 - comtypes._vtbl - DEBUG - unimplemented method _ISpeechVoiceEvents_Viseme called
2026-06-03 13:01:51,059 - comtypes._comobject - DEBUG - <comtypes.client._events.CreateEventReceiver.<locals>.Sink object at 0x00000263481B7C20>.Release() -> 1
2026-06-03 13:01:51,160 - comtypes._comobject - DEBUG - <comtypes.client._events.CreateEventReceiver.<locals>.Sink object at 0x00000263481B7C20>.AddRef() -> 2
2026-06-03 13:01:51,160 - comtypes._vtbl - DEBUG - unimplemented method _ISpeechVoiceEvents_Phoneme called
2026-06-03 13:01:51,160 - comtypes._comobject - DEBUG - <comtypes.client._events.CreateEventReceiver.<locals>.Sink object at 0x00000263481B7C20>.Release() -> 1
2026-06-03 13:01:51,160 - comtypes._comobject - DEBUG - <comtypes.client._events.CreateEventReceiver.<locals>.Sink object at 0x00000263481B7C20>.AddRef() -> 2
2026-06-03 13:01:51,160 - comtypes._vtbl - DEBUG - unimplemented method _ISpeechVoiceEvents_Viseme called
2026-06-03 13:01:51,161 - comtypes._comobject - DEBUG - <comtypes.client._events.CreateEventReceiver.<locals>.Sink object at 0x00000263481B7C20>.Release() -> 1
2026-06-03 13:01:51,262 - comtypes._comobject - DEBUG - <comtypes.client._events.CreateEventReceiver.<locals>.Sink object at 0x00000263481B7C20>.AddRef() -> 2
2026-06-03 13:01:51,262 - comtypes._vtbl - DEBUG - unimplemented method _ISpeechVoiceEvents_Phoneme called
2026-06-03 13:01:51,262 - comtypes._comobject - DEBUG - <comtypes.client._events.CreateEventReceiver.<locals>.Sink object at 0x00000263481B7C20>.Release() -> 1
2026-06-03 13:01:51,262 - comtypes._comobject - DEBUG - <comtypes.client._events.CreateEventReceiver.<locals>.Sink object at 0x00000263481B7C20>.AddRef() -> 2
2026-06-03 13:01:51,262 - comtypes._vtbl - DEBUG - unimplemented method _ISpeechVoiceEvents_Viseme called
2026-06-03 13:01:51,262 - comtypes._comobject - DEBUG - <comtypes.client._events.CreateEventReceiver.<locals>.Sink object at 0x00000263481B7C20>.Release() -> 1
2026-06-03 13:01:51,363 - comtypes._comobject - DEBUG - <comtypes.client._events.CreateEventReceiver.<locals>.Sink object at 0x00000263481B7C20>.AddRef() -> 2
2026-06-03 13:01:51,363 - comtypes._vtbl - DEBUG - unimplemented method _ISpeechVoiceEvents_Phoneme called
2026-06-03 13:01:51,363 - comtypes._comobject - DEBUG - <comtypes.client._events.CreateEventReceiver.<locals>.Sink object at 0x00000263481B7C20>.Release() -> 1
2026-06-03 13:01:51,363 - comtypes._comobject - DEBUG - <comtypes.client._events.CreateEventReceiver.<locals>.Sink object at 0x00000263481B7C20>.AddRef() -> 2
2026-06-03 13:01:51,363 - comtypes._vtbl - DEBUG - unimplemented method _ISpeechVoiceEvents_Viseme called
2026-06-03 13:01:51,363 - comtypes._comobject - DEBUG - <comtypes.client._events.CreateEventReceiver.<locals>.Sink object at 0x00000263481B7C20>.Release() -> 1
2026-06-03 13:01:51,363 - comtypes._comobject - DEBUG - <comtypes.client._events.CreateEventReceiver.<locals>.Sink object at 0x00000263481B7C20>.AddRef() -> 2
2026-06-03 13:01:51,363 - comtypes._vtbl - DEBUG - unimplemented method _ISpeechVoiceEvents_Phoneme called
2026-06-03 13:01:51,363 - comtypes._comobject - DEBUG - <comtypes.client._events.CreateEventReceiver.<locals>.Sink object at 0x00000263481B7C20>.Release() -> 1
2026-06-03 13:01:51,363 - comtypes._comobject - DEBUG - <comtypes.client._events.CreateEventReceiver.<locals>.Sink object at 0x00000263481B7C20>.AddRef() -> 2
2026-06-03 13:01:51,363 - comtypes._vtbl - DEBUG - unimplemented method _ISpeechVoiceEvents_Viseme called
2026-06-03 13:01:51,363 - comtypes._comobject - DEBUG - <comtypes.client._events.CreateEventReceiver.<locals>.Sink object at 0x00000263481B7C20>.Release() -> 1
2026-06-03 13:01:51,415 - comtypes._comobject - DEBUG - <comtypes.client._events.CreateEventReceiver.<locals>.Sink object at 0x00000263481B7C20>.AddRef() -> 2
2026-06-03 13:01:51,415 - comtypes._vtbl - DEBUG - unimplemented method _ISpeechVoiceEvents_Phoneme called
2026-06-03 13:01:51,415 - comtypes._comobject - DEBUG - <comtypes.client._events.CreateEventReceiver.<locals>.Sink object at 0x00000263481B7C20>.Release() -> 1
2026-06-03 13:01:51,415 - comtypes._comobject - DEBUG - <comtypes.client._events.CreateEventReceiver.<locals>.Sink object at 0x00000263481B7C20>.AddRef() -> 2
2026-06-03 13:01:51,415 - comtypes._vtbl - DEBUG - unimplemented method _ISpeechVoiceEvents_Viseme called
2026-06-03 13:01:51,415 - comtypes._comobject - DEBUG - <comtypes.client._events.CreateEventReceiver.<locals>.Sink object at 0x00000263481B7C20>.Release() -> 1
2026-06-03 13:01:51,516 - comtypes._comobject - DEBUG - <comtypes.client._events.CreateEventReceiver.<locals>.Sink object at 0x00000263481B7C20>.AddRef() -> 2
2026-06-03 13:01:51,516 - comtypes._vtbl - DEBUG - unimplemented method _ISpeechVoiceEvents_Phoneme called
2026-06-03 13:01:51,516 - comtypes._comobject - DEBUG - <comtypes.client._events.CreateEventReceiver.<locals>.Sink object at 0x00000263481B7C20>.Release() -> 1
2026-06-03 13:01:51,517 - comtypes._comobject - DEBUG - <comtypes.client._events.CreateEventReceiver.<locals>.Sink object at 0x00000263481B7C20>.AddRef() -> 2
2026-06-03 13:01:51,517 - comtypes._vtbl - DEBUG - unimplemented method _ISpeechVoiceEvents_Viseme called
2026-06-03 13:01:51,517 - comtypes._comobject - DEBUG - <comtypes.client._events.CreateEventReceiver.<locals>.Sink object at 0x00000263481B7C20>.Release() -> 1
2026-06-03 13:01:51,517 - comtypes._comobject - DEBUG - <comtypes.client._events.CreateEventReceiver.<locals>.Sink object at 0x00000263481B7C20>.AddRef() -> 2
2026-06-03 13:01:51,517 - comtypes._comobject - DEBUG - <comtypes.client._events.CreateEventReceiver.<locals>.Sink object at 0x00000263481B7C20>.Release() -> 1
2026-06-03 13:01:51,517 - comtypes._comobject - DEBUG - <comtypes.client._events.CreateEventReceiver.<locals>.Sink object at 0x00000263481B7C20>.AddRef() -> 2
2026-06-03 13:01:51,518 - comtypes._vtbl - DEBUG - unimplemented method _ISpeechVoiceEvents_Phoneme called
2026-06-03 13:01:51,518 - comtypes._comobject - DEBUG - <comtypes.client._events.CreateEventReceiver.<locals>.Sink object at 0x00000263481B7C20>.Release() -> 1
2026-06-03 13:01:51,518 - comtypes._comobject - DEBUG - <comtypes.client._events.CreateEventReceiver.<locals>.Sink object at 0x00000263481B7C20>.AddRef() -> 2
2026-06-03 13:01:51,518 - comtypes._vtbl - DEBUG - unimplemented method _ISpeechVoiceEvents_Viseme called
2026-06-03 13:01:51,518 - comtypes._comobject - DEBUG - <comtypes.client._events.CreateEventReceiver.<locals>.Sink object at 0x00000263481B7C20>.Release() -> 1
2026-06-03 13:01:51,619 - comtypes._comobject - DEBUG - <comtypes.client._events.CreateEventReceiver.<locals>.Sink object at 0x00000263481B7C20>.AddRef() -> 2
2026-06-03 13:01:51,619 - comtypes._vtbl - DEBUG - unimplemented method _ISpeechVoiceEvents_Phoneme called
2026-06-03 13:01:51,619 - comtypes._comobject - DEBUG - <comtypes.client._events.CreateEventReceiver.<locals>.Sink object at 0x00000263481B7C20>.Release() -> 1
2026-06-03 13:01:51,619 - comtypes._comobject - DEBUG - <comtypes.client._events.CreateEventReceiver.<locals>.Sink object at 0x00000263481B7C20>.AddRef() -> 2
2026-06-03 13:01:51,619 - comtypes._vtbl - DEBUG - unimplemented method _ISpeechVoiceEvents_Viseme called
2026-06-03 13:01:51,619 - comtypes._comobject - DEBUG - <comtypes.client._events.CreateEventReceiver.<locals>.Sink object at 0x00000263481B7C20>.Release() -> 1
2026-06-03 13:01:51,670 - comtypes._comobject - DEBUG - <comtypes.client._events.CreateEventReceiver.<locals>.Sink object at 0x00000263481B7C20>.AddRef() -> 2
2026-06-03 13:01:51,670 - comtypes._vtbl - DEBUG - unimplemented method _ISpeechVoiceEvents_Phoneme called
2026-06-03 13:01:51,670 - comtypes._comobject - DEBUG - <comtypes.client._events.CreateEventReceiver.<locals>.Sink object at 0x00000263481B7C20>.Release() -> 1
2026-06-03 13:01:51,670 - comtypes._comobject - DEBUG - <comtypes.client._events.CreateEventReceiver.<locals>.Sink object at 0x00000263481B7C20>.AddRef() -> 2
2026-06-03 13:01:51,670 - comtypes._vtbl - DEBUG - unimplemented method _ISpeechVoiceEvents_Viseme called
2026-06-03 13:01:51,670 - comtypes._comobject - DEBUG - <comtypes.client._events.CreateEventReceiver.<locals>.Sink object at 0x00000263481B7C20>.Release() -> 1
2026-06-03 13:01:51,701 - runtime.idle_controller - DEBUG - Idle controller: idle state - optimizing resources
2026-06-03 13:01:51,721 - comtypes._comobject - DEBUG - <comtypes.client._events.CreateEventReceiver.<locals>.Sink object at 0x00000263481B7C20>.AddRef() -> 2
2026-06-03 13:01:51,721 - comtypes._vtbl - DEBUG - unimplemented method _ISpeechVoiceEvents_Phoneme called
2026-06-03 13:01:51,721 - comtypes._comobject - DEBUG - <comtypes.client._events.CreateEventReceiver.<locals>.Sink object at 0x00000263481B7C20>.Release() -> 1
2026-06-03 13:01:51,721 - comtypes._comobject - DEBUG - <comtypes.client._events.CreateEventReceiver.<locals>.Sink object at 0x00000263481B7C20>.AddRef() -> 2
2026-06-03 13:01:51,721 - comtypes._vtbl - DEBUG - unimplemented method _ISpeechVoiceEvents_Viseme called
2026-06-03 13:01:51,721 - comtypes._comobject - DEBUG - <comtypes.client._events.CreateEventReceiver.<locals>.Sink object at 0x00000263481B7C20>.Release() -> 1
2026-06-03 13:01:51,839 - comtypes._comobject - DEBUG - <comtypes.client._events.CreateEventReceiver.<locals>.Sink object at 0x00000263481B7C20>.AddRef() -> 2
2026-06-03 13:01:51,839 - comtypes._vtbl - DEBUG - unimplemented method _ISpeechVoiceEvents_Phoneme called
2026-06-03 13:01:51,839 - comtypes._comobject - DEBUG - <comtypes.client._events.CreateEventReceiver.<locals>.Sink object at 0x00000263481B7C20>.Release() -> 1
2026-06-03 13:01:51,840 - comtypes._comobject - DEBUG - <comtypes.client._events.CreateEventReceiver.<locals>.Sink object at 0x00000263481B7C20>.AddRef() -> 2
2026-06-03 13:01:51,840 - comtypes._vtbl - DEBUG - unimplemented method _ISpeechVoiceEvents_Viseme called
2026-06-03 13:01:51,840 - comtypes._comobject - DEBUG - <comtypes.client._events.CreateEventReceiver.<locals>.Sink object at 0x00000263481B7C20>.Release() -> 1
2026-06-03 13:01:51,904 - comtypes._comobject - DEBUG - <comtypes.client._events.CreateEventReceiver.<locals>.Sink object at 0x00000263481B7C20>.AddRef() -> 2
2026-06-03 13:01:51,904 - comtypes._vtbl - DEBUG - unimplemented method _ISpeechVoiceEvents_Phoneme called
2026-06-03 13:01:51,904 - comtypes._comobject - DEBUG - <comtypes.client._events.CreateEventReceiver.<locals>.Sink object at 0x00000263481B7C20>.Release() -> 1
2026-06-03 13:01:51,905 - comtypes._comobject - DEBUG - <comtypes.client._events.CreateEventReceiver.<locals>.Sink object at 0x00000263481B7C20>.AddRef() -> 2
2026-06-03 13:01:51,905 - comtypes._vtbl - DEBUG - unimplemented method _ISpeechVoiceEvents_Viseme called
2026-06-03 13:01:51,906 - comtypes._comobject - DEBUG - <comtypes.client._events.CreateEventReceiver.<locals>.Sink object at 0x00000263481B7C20>.Release() -> 1
2026-06-03 13:01:51,957 - comtypes._comobject - DEBUG - <comtypes.client._events.CreateEventReceiver.<locals>.Sink object at 0x00000263481B7C20>.AddRef() -> 2
2026-06-03 13:01:51,957 - comtypes._vtbl - DEBUG - unimplemented method _ISpeechVoiceEvents_Phoneme called
2026-06-03 13:01:51,957 - comtypes._comobject - DEBUG - <comtypes.client._events.CreateEventReceiver.<locals>.Sink object at 0x00000263481B7C20>.Release() -> 1
2026-06-03 13:01:51,957 - comtypes._comobject - DEBUG - <comtypes.client._events.CreateEventReceiver.<locals>.Sink object at 0x00000263481B7C20>.AddRef() -> 2
2026-06-03 13:01:51,957 - comtypes._vtbl - DEBUG - unimplemented method _ISpeechVoiceEvents_Viseme called
2026-06-03 13:01:51,957 - comtypes._comobject - DEBUG - <comtypes.client._events.CreateEventReceiver.<locals>.Sink object at 0x00000263481B7C20>.Release() -> 1
2026-06-03 13:01:52,059 - comtypes._comobject - DEBUG - <comtypes.client._events.CreateEventReceiver.<locals>.Sink object at 0x00000263481B7C20>.AddRef() -> 2
2026-06-03 13:01:52,059 - comtypes._vtbl - DEBUG - unimplemented method _ISpeechVoiceEvents_Viseme called
2026-06-03 13:01:52,059 - comtypes._comobject - DEBUG - <comtypes.client._events.CreateEventReceiver.<locals>.Sink object at 0x00000263481B7C20>.Release() -> 1
2026-06-03 13:01:52,162 - comtypes._comobject - DEBUG - <comtypes.client._events.CreateEventReceiver.<locals>.Sink object at 0x00000263481B7C20>.AddRef() -> 2
2026-06-03 13:01:52,162 - comtypes._vtbl - DEBUG - unimplemented method _ISpeechVoiceEvents_Phoneme called
2026-06-03 13:01:52,162 - comtypes._comobject - DEBUG - <comtypes.client._events.CreateEventReceiver.<locals>.Sink object at 0x00000263481B7C20>.Release() -> 1
2026-06-03 13:01:52,162 - comtypes._comobject - DEBUG - <comtypes.client._events.CreateEventReceiver.<locals>.Sink object at 0x00000263481B7C20>.AddRef() -> 2
2026-06-03 13:01:52,162 - comtypes._vtbl - DEBUG - unimplemented method _ISpeechVoiceEvents_Viseme called
2026-06-03 13:01:52,162 - comtypes._comobject - DEBUG - <comtypes.client._events.CreateEventReceiver.<locals>.Sink object at 0x00000263481B7C20>.Release() -> 1
2026-06-03 13:01:52,213 - comtypes._comobject - DEBUG - <comtypes.client._events.CreateEventReceiver.<locals>.Sink object at 0x00000263481B7C20>.AddRef() -> 2
2026-06-03 13:01:52,213 - comtypes._vtbl - DEBUG - unimplemented method _ISpeechVoiceEvents_Phoneme called
2026-06-03 13:01:52,213 - comtypes._comobject - DEBUG - <comtypes.client._events.CreateEventReceiver.<locals>.Sink object at 0x00000263481B7C20>.Release() -> 1
2026-06-03 13:01:52,213 - comtypes._comobject - DEBUG - <comtypes.client._events.CreateEventReceiver.<locals>.Sink object at 0x00000263481B7C20>.AddRef() -> 2
2026-06-03 13:01:52,213 - comtypes._vtbl - DEBUG - unimplemented method _ISpeechVoiceEvents_Viseme called
2026-06-03 13:01:52,213 - comtypes._comobject - DEBUG - <comtypes.client._events.CreateEventReceiver.<locals>.Sink object at 0x00000263481B7C20>.Release() -> 1
2026-06-03 13:01:52,264 - comtypes._comobject - DEBUG - <comtypes.client._events.CreateEventReceiver.<locals>.Sink object at 0x00000263481B7C20>.AddRef() -> 2
2026-06-03 13:01:52,264 - comtypes._comobject - DEBUG - <comtypes.client._events.CreateEventReceiver.<locals>.Sink object at 0x00000263481B7C20>.Release() -> 1
2026-06-03 13:01:52,265 - comtypes._comobject - DEBUG - <comtypes.client._events.CreateEventReceiver.<locals>.Sink object at 0x00000263481B7C20>.AddRef() -> 2
2026-06-03 13:01:52,265 - comtypes._vtbl - DEBUG - unimplemented method _ISpeechVoiceEvents_Phoneme called
2026-06-03 13:01:52,265 - comtypes._comobject - DEBUG - <comtypes.client._events.CreateEventReceiver.<locals>.Sink object at 0x00000263481B7C20>.Release() -> 1
2026-06-03 13:01:52,265 - comtypes._comobject - DEBUG - <comtypes.client._events.CreateEventReceiver.<locals>.Sink object at 0x00000263481B7C20>.AddRef() -> 2
2026-06-03 13:01:52,265 - comtypes._vtbl - DEBUG - unimplemented method _ISpeechVoiceEvents_Viseme called
2026-06-03 13:01:52,266 - comtypes._comobject - DEBUG - <comtypes.client._events.CreateEventReceiver.<locals>.Sink object at 0x00000263481B7C20>.Release() -> 1
2026-06-03 13:01:52,368 - comtypes._comobject - DEBUG - <comtypes.client._events.CreateEventReceiver.<locals>.Sink object at 0x00000263481B7C20>.AddRef() -> 2
2026-06-03 13:01:52,368 - comtypes._vtbl - DEBUG - unimplemented method _ISpeechVoiceEvents_Phoneme called
2026-06-03 13:01:52,368 - comtypes._comobject - DEBUG - <comtypes.client._events.CreateEventReceiver.<locals>.Sink object at 0x00000263481B7C20>.Release() -> 1
2026-06-03 13:01:52,368 - comtypes._comobject - DEBUG - <comtypes.client._events.CreateEventReceiver.<locals>.Sink object at 0x00000263481B7C20>.AddRef() -> 2
2026-06-03 13:01:52,368 - comtypes._vtbl - DEBUG - unimplemented method _ISpeechVoiceEvents_Viseme called
2026-06-03 13:01:52,368 - comtypes._comobject - DEBUG - <comtypes.client._events.CreateEventReceiver.<locals>.Sink object at 0x00000263481B7C20>.Release() -> 1
2026-06-03 13:01:52,418 - comtypes._comobject - DEBUG - <comtypes.client._events.CreateEventReceiver.<locals>.Sink object at 0x00000263481B7C20>.AddRef() -> 2
2026-06-03 13:01:52,418 - comtypes._comobject - DEBUG - <comtypes.client._events.CreateEventReceiver.<locals>.Sink object at 0x00000263481B7C20>.Release() -> 1
2026-06-03 13:01:52,418 - comtypes._comobject - DEBUG - <comtypes.client._events.CreateEventReceiver.<locals>.Sink object at 0x00000263481B7C20>.AddRef() -> 2
2026-06-03 13:01:52,418 - comtypes._vtbl - DEBUG - unimplemented method _ISpeechVoiceEvents_Phoneme called
2026-06-03 13:01:52,419 - comtypes._comobject - DEBUG - <comtypes.client._events.CreateEventReceiver.<locals>.Sink object at 0x00000263481B7C20>.Release() -> 1
2026-06-03 13:01:52,419 - comtypes._comobject - DEBUG - <comtypes.client._events.CreateEventReceiver.<locals>.Sink object at 0x00000263481B7C20>.AddRef() -> 2
2026-06-03 13:01:52,419 - comtypes._vtbl - DEBUG - unimplemented method _ISpeechVoiceEvents_Viseme called
2026-06-03 13:01:52,419 - comtypes._comobject - DEBUG - <comtypes.client._events.CreateEventReceiver.<locals>.Sink object at 0x00000263481B7C20>.Release() -> 1
2026-06-03 13:01:52,470 - comtypes._comobject - DEBUG - <comtypes.client._events.CreateEventReceiver.<locals>.Sink object at 0x00000263481B7C20>.AddRef() -> 2
2026-06-03 13:01:52,470 - comtypes._vtbl - DEBUG - unimplemented method _ISpeechVoiceEvents_Phoneme called
2026-06-03 13:01:52,470 - comtypes._comobject - DEBUG - <comtypes.client._events.CreateEventReceiver.<locals>.Sink object at 0x00000263481B7C20>.Release() -> 1
2026-06-03 13:01:52,470 - comtypes._comobject - DEBUG - <comtypes.client._events.CreateEventReceiver.<locals>.Sink object at 0x00000263481B7C20>.AddRef() -> 2
2026-06-03 13:01:52,470 - comtypes._vtbl - DEBUG - unimplemented method _ISpeechVoiceEvents_Viseme called
2026-06-03 13:01:52,471 - comtypes._comobject - DEBUG - <comtypes.client._events.CreateEventReceiver.<locals>.Sink object at 0x00000263481B7C20>.Release() -> 1
2026-06-03 13:01:52,571 - comtypes._comobject - DEBUG - <comtypes.client._events.CreateEventReceiver.<locals>.Sink object at 0x00000263481B7C20>.AddRef() -> 2
2026-06-03 13:01:52,571 - comtypes._vtbl - DEBUG - unimplemented method _ISpeechVoiceEvents_Phoneme called
2026-06-03 13:01:52,571 - comtypes._comobject - DEBUG - <comtypes.client._events.CreateEventReceiver.<locals>.Sink object at 0x00000263481B7C20>.Release() -> 1
2026-06-03 13:01:52,571 - comtypes._comobject - DEBUG - <comtypes.client._events.CreateEventReceiver.<locals>.Sink object at 0x00000263481B7C20>.AddRef() -> 2
2026-06-03 13:01:52,572 - comtypes._vtbl - DEBUG - unimplemented method _ISpeechVoiceEvents_Viseme called
2026-06-03 13:01:52,572 - comtypes._comobject - DEBUG - <comtypes.client._events.CreateEventReceiver.<locals>.Sink object at 0x00000263481B7C20>.Release() -> 1
2026-06-03 13:01:52,622 - comtypes._comobject - DEBUG - <comtypes.client._events.CreateEventReceiver.<locals>.Sink object at 0x00000263481B7C20>.AddRef() -> 2
2026-06-03 13:01:52,622 - comtypes._vtbl - DEBUG - unimplemented method _ISpeechVoiceEvents_Phoneme called
2026-06-03 13:01:52,622 - comtypes._comobject - DEBUG - <comtypes.client._events.CreateEventReceiver.<locals>.Sink object at 0x00000263481B7C20>.Release() -> 1
2026-06-03 13:01:52,622 - comtypes._comobject - DEBUG - <comtypes.client._events.CreateEventReceiver.<locals>.Sink object at 0x00000263481B7C20>.AddRef() -> 2
2026-06-03 13:01:52,622 - comtypes._vtbl - DEBUG - unimplemented method _ISpeechVoiceEvents_Viseme called
2026-06-03 13:01:52,622 - comtypes._comobject - DEBUG - <comtypes.client._events.CreateEventReceiver.<locals>.Sink object at 0x00000263481B7C20>.Release() -> 1
2026-06-03 13:01:52,701 - runtime.idle_controller - DEBUG - Idle controller: idle state - optimizing resources
2026-06-03 13:01:52,824 - comtypes._comobject - DEBUG - <comtypes.client._events.CreateEventReceiver.<locals>.Sink object at 0x00000263481B7C20>.AddRef() -> 2
2026-06-03 13:01:52,824 - comtypes._vtbl - DEBUG - unimplemented method _ISpeechVoiceEvents_Phoneme called
2026-06-03 13:01:52,824 - comtypes._comobject - DEBUG - <comtypes.client._events.CreateEventReceiver.<locals>.Sink object at 0x00000263481B7C20>.Release() -> 1
2026-06-03 13:01:52,824 - comtypes._comobject - DEBUG - <comtypes.client._events.CreateEventReceiver.<locals>.Sink object at 0x00000263481B7C20>.AddRef() -> 2
2026-06-03 13:01:52,824 - comtypes._vtbl - DEBUG - unimplemented method _ISpeechVoiceEvents_Viseme called
2026-06-03 13:01:52,824 - comtypes._comobject - DEBUG - <comtypes.client._events.CreateEventReceiver.<locals>.Sink object at 0x00000263481B7C20>.Release() -> 1
2026-06-03 13:01:53,530 - comtypes._comobject - DEBUG - <comtypes.client._events.CreateEventReceiver.<locals>.Sink object at 0x00000263481B7C20>.AddRef() -> 2
2026-06-03 13:01:53,530 - comtypes._comobject - DEBUG - <comtypes.client._events.CreateEventReceiver.<locals>.Sink object at 0x00000263481B7C20>.Release() -> 1
2026-06-03 13:01:53,581 - __main__ - INFO - TTS FINISHED SPEAKING (SUCCESS!)
2026-06-03 13:01:53,702 - runtime.idle_controller - DEBUG - Idle controller: idle state - optimizing resources
2026-06-03 13:01:54,702 - runtime.idle_controller - DEBUG - Idle controller: idle state - optimizing resources
2026-06-03 13:01:55,703 - runtime.idle_controller - DEBUG - Idle controller: idle state - optimizing resources
2026-06-03 13:01:56,703 - runtime.idle_controller - DEBUG - Idle controller: idle state - optimizing resources
2026-06-03 13:01:57,703 - runtime.idle_controller - DEBUG - Idle controller: idle state - optimizing resources
2026-06-03 13:01:58,704 - runtime.idle_controller - DEBUG - Idle controller: idle state - optimizing resources
2026-06-03 13:01:59,704 - runtime.idle_controller - DEBUG - Idle controller: idle state - optimizing resources
2026-06-03 13:02:00,704 - runtime.idle_controller - DEBUG - Idle controller: idle state - optimizing resources
2026-06-03 13:02:01,707 - runtime.idle_controller - DEBUG - Idle controller: idle state - optimizing resources
2026-06-03 13:02:02,708 - runtime.idle_controller - DEBUG - Idle controller: idle state - optimizing resources
2026-06-03 13:02:03,708 - runtime.idle_controller - DEBUG - Idle controller: idle state - optimizing resources
2026-06-03 13:02:04,709 - runtime.idle_controller - DEBUG - Idle controller: idle state - optimizing resources
2026-06-03 13:02:05,717 - runtime.idle_controller - DEBUG - Idle controller: idle state - optimizing resources
2026-06-03 13:02:06,717 - runtime.idle_controller - DEBUG - Idle controller: idle state - optimizing resources
2026-06-03 13:02:07,718 - runtime.idle_controller - DEBUG - Idle controller: idle state - optimizing resources
2026-06-03 13:02:08,718 - runtime.idle_controller - DEBUG - Idle controller: idle state - optimizing resources
2026-06-03 13:02:09,718 - runtime.idle_controller - DEBUG - Idle controller: idle state - optimizing resources
2026-06-03 13:02:10,719 - runtime.idle_controller - DEBUG - Idle controller: idle state - optimizing resources
2026-06-03 13:02:11,720 - runtime.idle_controller - DEBUG - Idle controller: idle state - optimizing resources
2026-06-03 13:02:12,720 - runtime.idle_controller - DEBUG - Idle controller: idle state - optimizing resources
2026-06-03 13:02:13,721 - runtime.idle_controller - DEBUG - Idle controller: idle state - optimizing resources
2026-06-03 13:02:14,721 - runtime.idle_controller - DEBUG - Idle controller: idle state - optimizing resources
2026-06-03 13:02:15,721 - runtime.idle_controller - DEBUG - Idle controller: idle state - optimizing resources
2026-06-03 13:02:16,722 - runtime.idle_controller - DEBUG - Idle controller: idle state - optimizing resources
2026-06-03 13:02:17,722 - runtime.idle_controller - DEBUG - Idle controller: idle state - optimizing resources
2026-06-03 13:02:18,723 - runtime.idle_controller - DEBUG - Idle controller: idle state - optimizing resources
2026-06-03 13:02:19,723 - runtime.idle_controller - DEBUG - Idle controller: idle state - optimizing resources
2026-06-03 13:02:20,724 - runtime.idle_controller - DEBUG - Idle controller: idle state - optimizing resources
2026-06-03 13:02:21,724 - runtime.idle_controller - DEBUG - Idle controller: idle state - optimizing resources
2026-06-03 13:02:22,725 - runtime.idle_controller - DEBUG - Idle controller: idle state - optimizing resources
2026-06-03 13:02:23,725 - runtime.idle_controller - DEBUG - Idle controller: idle state - optimizing resources
2026-06-03 13:02:24,725 - runtime.idle_controller - DEBUG - Idle controller: idle state - optimizing resources
2026-06-03 13:02:25,726 - runtime.idle_controller - DEBUG - Idle controller: idle state - optimizing resources
2026-06-03 13:02:26,726 - runtime.idle_controller - DEBUG - Idle controller: idle state - optimizing resources
2026-06-03 13:02:27,726 - runtime.idle_controller - DEBUG - Idle controller: idle state - optimizing resources
2026-06-03 13:02:28,726 - runtime.idle_controller - DEBUG - Idle controller: idle state - optimizing resources
2026-06-03 13:02:29,727 - runtime.idle_controller - DEBUG - Idle controller: idle state - optimizing resources
2026-06-03 13:02:30,727 - runtime.idle_controller - DEBUG - Idle controller: idle state - optimizing resources
2026-06-03 13:02:31,728 - runtime.idle_controller - DEBUG - Idle controller: idle state - optimizing resources
2026-06-03 13:02:32,728 - runtime.idle_controller - DEBUG - Idle controller: idle state - optimizing resources
2026-06-03 13:02:33,728 - runtime.idle_controller - DEBUG - Idle controller: idle state - optimizing resources
2026-06-03 13:02:34,729 - runtime.idle_controller - DEBUG - Idle controller: idle state - optimizing resources
2026-06-03 13:02:35,729 - runtime.idle_controller - DEBUG - Idle controller: idle state - optimizing resources
2026-06-03 13:02:36,730 - runtime.idle_controller - DEBUG - Idle controller: idle state - optimizing resources
2026-06-03 13:02:37,731 - runtime.idle_controller - DEBUG - Idle controller: idle state - optimizing resources
2026-06-03 13:02:38,731 - runtime.idle_controller - DEBUG - Idle controller: idle state - optimizing resources
2026-06-03 13:02:39,732 - runtime.idle_controller - DEBUG - Idle controller: idle state - optimizing resources
2026-06-03 13:02:40,732 - runtime.idle_controller - DEBUG - Idle controller: idle state - optimizing resources
2026-06-03 13:02:41,733 - runtime.idle_controller - DEBUG - Idle controller: idle state - optimizing resources
2026-06-03 13:02:42,733 - runtime.idle_controller - DEBUG - Idle controller: idle state - optimizing resources
2026-06-03 13:02:43,734 - runtime.idle_controller - DEBUG - Idle controller: idle state - optimizing resources
2026-06-03 13:02:44,734 - runtime.idle_controller - DEBUG - Idle controller: idle state - optimizing resources
2026-06-03 13:02:45,735 - runtime.idle_controller - DEBUG - Idle controller: idle state - optimizing resources
2026-06-03 13:02:46,735 - runtime.idle_controller - DEBUG - Idle controller: idle state - optimizing resources
2026-06-03 13:02:47,735 - runtime.idle_controller - DEBUG - Idle controller: idle state - optimizing resources
2026-06-03 13:02:48,736 - runtime.idle_controller - DEBUG - Idle controller: idle state - optimizing resources
2026-06-03 13:02:49,710 - integration.speech_listener - DEBUG - Didn't understand wake word
2026-06-03 13:02:49,710 - integration.speech_listener - DEBUG - Listening for wake word...
2026-06-03 13:02:49,736 - runtime.idle_controller - DEBUG - Idle controller: idle state - optimizing resources
2026-06-03 13:02:50,737 - runtime.idle_controller - DEBUG - Idle controller: idle state - optimizing resources
2026-06-03 13:02:51,737 - runtime.idle_controller - DEBUG - Idle controller: idle state - optimizing resources
2026-06-03 13:02:52,737 - runtime.idle_controller - DEBUG - Idle controller: idle state - optimizing resources
2026-06-03 13:02:53,737 - runtime.idle_controller - DEBUG - Idle controller: idle state - optimizing resources
2026-06-03 13:02:54,738 - runtime.idle_controller - DEBUG - Idle controller: idle state - optimizing resources
2026-06-03 13:02:55,738 - runtime.idle_controller - DEBUG - Idle controller: idle state - optimizing resources
2026-06-03 13:02:56,739 - runtime.idle_controller - DEBUG - Idle controller: idle state - optimizing resources
2026-06-03 13:02:57,739 - runtime.idle_controller - DEBUG - Idle controller: idle state - optimizing resources
2026-06-03 13:02:58,740 - runtime.idle_controller - DEBUG - Idle controller: idle state - optimizing resources
2026-06-03 13:02:59,740 - runtime.idle_controller - DEBUG - Idle controller: idle state - optimizing resources
2026-06-03 13:03:00,664 - integration.speech_listener - DEBUG - Didn't understand wake word
2026-06-03 13:03:00,741 - runtime.idle_controller - DEBUG - Idle controller: idle state - optimizing resources
2026-06-03 13:03:01,010 - integration.speech_listener - DEBUG - Listening for wake word...
2026-06-03 13:03:02,010 - runtime.idle_controller - DEBUG - Idle controller: idle state - optimizing resources
2026-06-03 13:03:03,011 - runtime.idle_controller - DEBUG - Idle controller: idle state - optimizing resources
2026-06-03 13:03:04,012 - runtime.idle_controller - DEBUG - Idle controller: idle state - optimizing resources
2026-06-03 13:03:05,012 - runtime.idle_controller - DEBUG - Idle controller: idle state - optimizing resources
2026-06-03 13:03:06,013 - runtime.idle_controller - DEBUG - Idle controller: idle state - optimizing resources
2026-06-03 13:03:07,013 - runtime.idle_controller - DEBUG - Idle controller: idle state - optimizing resources
2026-06-03 13:03:08,013 - runtime.idle_controller - DEBUG - Idle controller: idle state - optimizing resources
2026-06-03 13:03:09,014 - runtime.idle_controller - DEBUG - Idle controller: idle state - optimizing resources
2026-06-03 13:03:10,015 - runtime.idle_controller - DEBUG - Idle controller: idle state - optimizing resources
2026-06-03 13:03:11,015 - runtime.idle_controller - DEBUG - Idle controller: idle state - optimizing resources
2026-06-03 13:03:12,016 - runtime.idle_controller - DEBUG - Idle controller: idle state - optimizing resources
2026-06-03 13:03:13,016 - runtime.idle_controller - DEBUG - Idle controller: idle state - optimizing resources
2026-06-03 13:03:14,017 - runtime.idle_controller - DEBUG - Idle controller: idle state - optimizing resources
2026-06-03 13:03:15,017 - runtime.idle_controller - DEBUG - Idle controller: idle state - optimizing resources
2026-06-03 13:03:16,018 - runtime.idle_controller - DEBUG - Idle controller: idle state - optimizing resources
2026-06-03 13:03:17,019 - runtime.idle_controller - DEBUG - Idle controller: idle state - optimizing resources
2026-06-03 13:03:18,019 - runtime.idle_controller - DEBUG - Idle controller: idle state - optimizing resources
2026-06-03 13:03:19,020 - runtime.idle_controller - DEBUG - Idle controller: idle state - optimizing resources
2026-06-03 13:03:20,020 - runtime.idle_controller - DEBUG - Idle controller: idle state - optimizing resources
2026-06-03 13:03:21,020 - runtime.idle_controller - DEBUG - Idle controller: idle state - optimizing resources
2026-06-03 13:03:22,021 - runtime.idle_controller - DEBUG - Idle controller: idle state - optimizing resources
2026-06-03 13:03:23,021 - runtime.idle_controller - DEBUG - Idle controller: idle state - optimizing resources
2026-06-03 13:03:24,021 - runtime.idle_controller - DEBUG - Idle controller: idle state - optimizing resources
2026-06-03 13:03:25,022 - runtime.idle_controller - DEBUG - Idle controller: idle state - optimizing resources
2026-06-03 13:03:26,160 - runtime.idle_controller - DEBUG - Idle controller: idle state - optimizing resources
2026-06-03 13:03:27,160 - runtime.idle_controller - DEBUG - Idle controller: idle state - optimizing resources
2026-06-03 13:03:28,161 - runtime.idle_controller - DEBUG - Idle controller: idle state - optimizing resources
2026-06-03 13:03:29,161 - runtime.idle_controller - DEBUG - Idle controller: idle state - optimizing resources
2026-06-03 13:03:30,161 - runtime.idle_controller - DEBUG - Idle controller: idle state - optimizing resources
2026-06-03 13:03:31,162 - runtime.idle_controller - DEBUG - Idle controller: idle state - optimizing resources
2026-06-03 13:03:32,162 - runtime.idle_controller - DEBUG - Idle controller: idle state - optimizing resources
2026-06-03 13:03:33,163 - runtime.idle_controller - DEBUG - Idle controller: idle state - optimizing resources
2026-06-03 13:03:34,163 - runtime.idle_controller - DEBUG - Idle controller: idle state - optimizing resources
2026-06-03 13:03:35,164 - runtime.idle_controller - DEBUG - Idle controller: idle state - optimizing resources
2026-06-03 13:03:36,164 - runtime.idle_controller - DEBUG - Idle controller: idle state - optimizing resources
2026-06-03 13:03:37,165 - runtime.idle_controller - DEBUG - Idle controller: idle state - optimizing resources
2026-06-03 13:03:38,165 - runtime.idle_controller - DEBUG - Idle controller: idle state - optimizing resources
2026-06-03 13:03:39,166 - runtime.idle_controller - DEBUG - Idle controller: idle state - optimizing resources
2026-06-03 13:03:40,166 - runtime.idle_controller - DEBUG - Idle controller: idle state - optimizing resources
2026-06-03 13:03:41,167 - runtime.idle_controller - DEBUG - Idle controller: idle state - optimizing resources
2026-06-03 13:03:42,167 - runtime.idle_controller - DEBUG - Idle controller: idle state - optimizing resources
2026-06-03 13:03:43,167 - runtime.idle_controller - DEBUG - Idle controller: idle state - optimizing resources
2026-06-03 13:03:44,168 - runtime.idle_controller - DEBUG - Idle controller: idle state - optimizing resources
2026-06-03 13:03:45,168 - runtime.idle_controller - DEBUG - Idle controller: idle state - optimizing resources
2026-06-03 13:03:46,169 - runtime.idle_controller - DEBUG - Idle controller: idle state - optimizing resources
2026-06-03 13:03:47,169 - runtime.idle_controller - DEBUG - Idle controller: idle state - optimizing resources
2026-06-03 13:03:48,170 - runtime.idle_controller - DEBUG - Idle controller: idle state - optimizing resources
2026-06-03 13:03:49,170 - runtime.idle_controller - DEBUG - Idle controller: idle state - optimizing resources
2026-06-03 13:03:50,171 - runtime.idle_controller - DEBUG - Idle controller: idle state - optimizing resources
2026-06-03 13:03:51,171 - runtime.idle_controller - DEBUG - Idle controller: idle state - optimizing resources
2026-06-03 13:03:52,172 - runtime.idle_controller - DEBUG - Idle controller: idle state - optimizing resources
2026-06-03 13:03:53,172 - runtime.idle_controller - DEBUG - Idle controller: idle state - optimizing resources
2026-06-03 13:03:54,173 - runtime.idle_controller - DEBUG - Idle controller: idle state - optimizing resources
2026-06-03 13:03:55,173 - runtime.idle_controller - DEBUG - Idle controller: idle state - optimizing resources
2026-06-03 13:03:56,321 - runtime.idle_controller - DEBUG - Idle controller: idle state - optimizing resources
2026-06-03 13:03:57,321 - runtime.idle_controller - DEBUG - Idle controller: idle state - optimizing resources
2026-06-03 13:03:58,322 - runtime.idle_controller - DEBUG - Idle controller: idle state - optimizing resources
2026-06-03 13:03:59,322 - runtime.idle_controller - DEBUG - Idle controller: idle state - optimizing resources
2026-06-03 13:04:00,323 - runtime.idle_controller - DEBUG - Idle controller: idle state - optimizing resources
2026-06-03 13:04:01,323 - runtime.idle_controller - DEBUG - Idle controller: idle state - optimizing resources
2026-06-03 13:04:02,323 - runtime.idle_controller - DEBUG - Idle controller: idle state - optimizing resources
2026-06-03 13:04:03,323 - runtime.idle_controller - DEBUG - Idle controller: idle state - optimizing resources
2026-06-03 13:04:04,324 - runtime.idle_controller - DEBUG - Idle controller: idle state - optimizing resources
2026-06-03 13:04:05,324 - runtime.idle_controller - DEBUG - Idle controller: idle state - optimizing resources
2026-06-03 13:04:06,325 - runtime.idle_controller - DEBUG - Idle controller: idle state - optimizing resources
2026-06-03 13:04:07,325 - runtime.idle_controller - DEBUG - Idle controller: idle state - optimizing resources
2026-06-03 13:04:08,325 - runtime.idle_controller - DEBUG - Idle controller: idle state - optimizing resources
2026-06-03 13:04:09,326 - runtime.idle_controller - DEBUG - Idle controller: idle state - optimizing resources
2026-06-03 13:04:09,841 - integration.speech_listener - DEBUG - Didn't understand wake word
2026-06-03 13:04:09,841 - integration.speech_listener - DEBUG - Listening for wake word...
2026-06-03 13:04:10,326 - runtime.idle_controller - DEBUG - Idle controller: idle state - optimizing resources
2026-06-03 13:04:11,326 - runtime.idle_controller - DEBUG - Idle controller: idle state - optimizing resources
2026-06-03 13:04:12,327 - runtime.idle_controller - DEBUG - Idle controller: idle state - optimizing resources
2026-06-03 13:04:12,819 - integration.speech_listener - DEBUG - Didn't understand wake word
2026-06-03 13:04:12,819 - integration.speech_listener - DEBUG - Listening for wake word...
2026-06-03 13:04:13,327 - runtime.idle_controller - DEBUG - Idle controller: idle state - optimizing resources
2026-06-03 13:04:14,328 - runtime.idle_controller - DEBUG - Idle controller: idle state - optimizing resources
2026-06-03 13:04:15,328 - runtime.idle_controller - DEBUG - Idle controller: idle state - optimizing resources
2026-06-03 13:04:16,129 - integration.speech_listener - DEBUG - Didn't understand wake word
2026-06-03 13:04:16,129 - integration.speech_listener - DEBUG - Listening for wake word...
2026-06-03 13:04:16,329 - runtime.idle_controller - DEBUG - Idle controller: idle state - optimizing resources
2026-06-03 13:04:17,329 - runtime.idle_controller - DEBUG - Idle controller: idle state - optimizing resources
2026-06-03 13:04:18,329 - runtime.idle_controller - DEBUG - Idle controller: idle state - optimizing resources
2026-06-03 13:04:19,330 - runtime.idle_controller - DEBUG - Idle controller: idle state - optimizing resources
2026-06-03 13:04:20,330 - runtime.idle_controller - DEBUG - Idle controller: idle state - optimizing resources
2026-06-03 13:04:21,331 - runtime.idle_controller - DEBUG - Idle controller: idle state - optimizing resources
2026-06-03 13:04:22,331 - runtime.idle_controller - DEBUG - Idle controller: idle state - optimizing resources
2026-06-03 13:04:23,332 - runtime.idle_controller - DEBUG - Idle controller: idle state - optimizing resources
2026-06-03 13:04:24,332 - runtime.idle_controller - DEBUG - Idle controller: idle state - optimizing resources
2026-06-03 13:04:25,333 - runtime.idle_controller - DEBUG - Idle controller: idle state - optimizing resources
2026-06-03 13:04:26,333 - runtime.idle_controller - DEBUG - Idle controller: idle state - optimizing resources
2026-06-03 13:04:27,334 - runtime.idle_controller - DEBUG - Idle controller: idle state - optimizing resources
2026-06-03 13:04:28,334 - runtime.idle_controller - DEBUG - Idle controller: idle state - optimizing resources
2026-06-03 13:04:29,334 - runtime.idle_controller - DEBUG - Idle controller: idle state - optimizing resources
2026-06-03 13:04:30,335 - runtime.idle_controller - DEBUG - Idle controller: idle state - optimizing resources
2026-06-03 13:04:31,336 - runtime.idle_controller - DEBUG - Idle controller: idle state - optimizing resources
2026-06-03 13:04:32,336 - runtime.idle_controller - DEBUG - Idle controller: idle state - optimizing resources
2026-06-03 13:04:33,337 - runtime.idle_controller - DEBUG - Idle controller: idle state - optimizing resources
2026-06-03 13:04:34,337 - runtime.idle_controller - DEBUG - Idle controller: idle state - optimizing resources
2026-06-03 13:04:35,337 - runtime.idle_controller - DEBUG - Idle controller: idle state - optimizing resources
2026-06-03 13:04:36,338 - runtime.idle_controller - DEBUG - Idle controller: idle state - optimizing resources
2026-06-03 13:04:37,338 - runtime.idle_controller - DEBUG - Idle controller: idle state - optimizing resources
2026-06-03 13:04:38,338 - runtime.idle_controller - DEBUG - Idle controller: idle state - optimizing resources
2026-06-03 13:04:39,339 - runtime.idle_controller - DEBUG - Idle controller: idle state - optimizing resources
2026-06-03 13:04:40,339 - runtime.idle_controller - DEBUG - Idle controller: idle state - optimizing resources
2026-06-03 13:04:41,339 - runtime.idle_controller - DEBUG - Idle controller: idle state - optimizing resources
2026-06-03 13:04:42,340 - runtime.idle_controller - DEBUG - Idle controller: idle state - optimizing resources
2026-06-03 13:04:43,340 - runtime.idle_controller - DEBUG - Idle controller: idle state - optimizing resources
2026-06-03 13:04:44,341 - runtime.idle_controller - DEBUG - Idle controller: idle state - optimizing resources
2026-06-03 13:04:45,341 - runtime.idle_controller - DEBUG - Idle controller: idle state - optimizing resources
2026-06-03 13:04:46,341 - runtime.idle_controller - DEBUG - Idle controller: idle state - optimizing resources
2026-06-03 13:04:47,342 - runtime.idle_controller - DEBUG - Idle controller: idle state - optimizing resources
2026-06-03 13:04:48,342 - runtime.idle_controller - DEBUG - Idle controller: idle state - optimizing resources
2026-06-03 13:04:49,343 - runtime.idle_controller - DEBUG - Idle controller: idle state - optimizing resources
2026-06-03 13:04:50,344 - runtime.idle_controller - DEBUG - Idle controller: idle state - optimizing resources
2026-06-03 13:04:51,344 - runtime.idle_controller - DEBUG - Idle controller: idle state - optimizing resources
2026-06-03 13:04:52,344 - runtime.idle_controller - DEBUG - Idle controller: idle state - optimizing resources
2026-06-03 13:04:53,345 - runtime.idle_controller - DEBUG - Idle controller: idle state - optimizing resources
2026-06-03 13:04:54,345 - runtime.idle_controller - DEBUG - Idle controller: idle state - optimizing resources
2026-06-03 13:04:55,346 - runtime.idle_controller - DEBUG - Idle controller: idle state - optimizing resources
2026-06-03 13:04:56,346 - runtime.idle_controller - DEBUG - Idle controller: idle state - optimizing resources
2026-06-03 13:04:57,347 - runtime.idle_controller - DEBUG - Idle controller: idle state - optimizing resources
2026-06-03 13:04:58,347 - runtime.idle_controller - DEBUG - Idle controller: idle state - optimizing resources
2026-06-03 13:04:59,348 - runtime.idle_controller - DEBUG - Idle controller: idle state - optimizing resources
2026-06-03 13:05:00,348 - runtime.idle_controller - DEBUG - Idle controller: idle state - optimizing resources
2026-06-03 13:05:01,349 - runtime.idle_controller - DEBUG - Idle controller: idle state - optimizing resources
2026-06-03 13:05:02,349 - runtime.idle_controller - DEBUG - Idle controller: idle state - optimizing resources
2026-06-03 13:05:03,350 - runtime.idle_controller - DEBUG - Idle controller: idle state - optimizing resources
2026-06-03 13:05:04,350 - runtime.idle_controller - DEBUG - Idle controller: idle state - optimizing resources
2026-06-03 13:05:05,350 - runtime.idle_controller - DEBUG - Idle controller: idle state - optimizing resources
2026-06-03 13:05:06,350 - runtime.idle_controller - DEBUG - Idle controller: idle state - optimizing resources
2026-06-03 13:05:07,351 - runtime.idle_controller - DEBUG - Idle controller: idle state - optimizing resources
2026-06-03 13:05:08,352 - runtime.idle_controller - DEBUG - Idle controller: idle state - optimizing resources
2026-06-03 13:05:09,352 - runtime.idle_controller - DEBUG - Idle controller: idle state - optimizing resources
2026-06-03 13:05:10,352 - runtime.idle_controller - DEBUG - Idle controller: idle state - optimizing resources
2026-06-03 13:05:11,353 - runtime.idle_controller - DEBUG - Idle controller: idle state - optimizing resources
2026-06-03 13:05:11,440 - integration.speech_listener - DEBUG - Didn't understand wake word
2026-06-03 13:05:11,440 - integration.speech_listener - DEBUG - Listening for wake word...
2026-06-03 13:05:12,353 - runtime.idle_controller - DEBUG - Idle controller: idle state - optimizing resources
2026-06-03 13:05:13,354 - runtime.idle_controller - DEBUG - Idle controller: idle state - optimizing resources
2026-06-03 13:05:14,354 - runtime.idle_controller - DEBUG - Idle controller: idle state - optimizing resources
2026-06-03 13:05:15,355 - runtime.idle_controller - DEBUG - Idle controller: idle state - optimizing resources
2026-06-03 13:05:16,356 - runtime.idle_controller - DEBUG - Idle controller: idle state - optimizing resources
2026-06-03 13:05:17,356 - runtime.idle_controller - DEBUG - Idle controller: idle state - optimizing resources
2026-06-03 13:05:18,357 - runtime.idle_controller - DEBUG - Idle controller: idle state - optimizing resources
2026-06-03 13:05:19,357 - runtime.idle_controller - DEBUG - Idle controller: idle state - optimizing resources
2026-06-03 13:05:20,357 - runtime.idle_controller - DEBUG - Idle controller: idle state - optimizing resources
2026-06-03 13:05:21,358 - runtime.idle_controller - DEBUG - Idle controller: idle state - optimizing resources
2026-06-03 13:05:22,358 - runtime.idle_controller - DEBUG - Idle controller: idle state - optimizing resources
2026-06-03 13:05:23,359 - runtime.idle_controller - DEBUG - Idle controller: idle state - optimizing resources
2026-06-03 13:05:24,359 - runtime.idle_controller - DEBUG - Idle controller: idle state - optimizing resources
2026-06-03 13:05:25,360 - runtime.idle_controller - DEBUG - Idle controller: idle state - optimizing resources
2026-06-03 13:05:26,360 - runtime.idle_controller - DEBUG - Idle controller: idle state - optimizing resources
2026-06-03 13:05:27,361 - runtime.idle_controller - DEBUG - Idle controller: idle state - optimizing resources
2026-06-03 13:05:28,361 - runtime.idle_controller - DEBUG - Idle controller: idle state - optimizing resources
2026-06-03 13:05:29,361 - runtime.idle_controller - DEBUG - Idle controller: idle state - optimizing resources
2026-06-03 13:05:30,362 - runtime.idle_controller - DEBUG - Idle controller: idle state - optimizing resources
2026-06-03 13:05:31,362 - runtime.idle_controller - DEBUG - Idle controller: idle state - optimizing resources
2026-06-03 13:05:32,363 - runtime.idle_controller - DEBUG - Idle controller: idle state - optimizing resources
2026-06-03 13:05:33,363 - runtime.idle_controller - DEBUG - Idle controller: idle state - optimizing resources
2026-06-03 13:05:34,364 - runtime.idle_controller - DEBUG - Idle controller: idle state - optimizing resources
2026-06-03 13:05:35,364 - runtime.idle_controller - DEBUG - Idle controller: idle state - optimizing resources
2026-06-03 13:05:36,365 - runtime.idle_controller - DEBUG - Idle controller: idle state - optimizing resources
2026-06-03 13:05:37,365 - runtime.idle_controller - DEBUG - Idle controller: idle state - optimizing resources
2026-06-03 13:05:38,366 - runtime.idle_controller - DEBUG - Idle controller: idle state - optimizing resources
2026-06-03 13:05:39,366 - runtime.idle_controller - DEBUG - Idle controller: idle state - optimizing resources
2026-06-03 13:05:40,367 - runtime.idle_controller - DEBUG - Idle controller: idle state - optimizing resources
2026-06-03 13:05:41,367 - runtime.idle_controller - DEBUG - Idle controller: idle state - optimizing resources
2026-06-03 13:05:41,405 - integration.speech_listener - DEBUG - Didn't understand wake word
2026-06-03 13:05:41,406 - integration.speech_listener - DEBUG - Listening for wake word...
2026-06-03 13:05:42,368 - runtime.idle_controller - DEBUG - Idle controller: idle state - optimizing resources
2026-06-03 13:05:43,011 - integration.speech_listener - DEBUG - Didn't understand wake word
2026-06-03 13:05:43,011 - integration.speech_listener - DEBUG - Listening for wake word...
2026-06-03 13:05:43,368 - runtime.idle_controller - DEBUG - Idle controller: idle state - optimizing resources
2026-06-03 13:05:44,368 - runtime.idle_controller - DEBUG - Idle controller: idle state - optimizing resources
2026-06-03 13:05:45,369 - runtime.idle_controller - DEBUG - Idle controller: idle state - optimizing resources
2026-06-03 13:05:45,702 - integration.speech_listener - DEBUG - Didn't understand wake word
2026-06-03 13:05:45,702 - integration.speech_listener - DEBUG - Listening for wake word...
2026-06-03 13:05:46,369 - runtime.idle_controller - DEBUG - Idle controller: idle state - optimizing resources
2026-06-03 13:05:47,211 - integration.speech_listener - DEBUG - Didn't understand wake word
2026-06-03 13:05:47,211 - integration.speech_listener - DEBUG - Listening for wake word...
2026-06-03 13:05:47,369 - runtime.idle_controller - DEBUG - Idle controller: idle state - optimizing resources
2026-06-03 13:05:48,370 - runtime.idle_controller - DEBUG - Idle controller: idle state - optimizing resources
2026-06-03 13:05:49,370 - runtime.idle_controller - DEBUG - Idle controller: idle state - optimizing resources
2026-06-03 13:05:50,371 - runtime.idle_controller - DEBUG - Idle controller: idle state - optimizing resources
2026-06-03 13:05:51,371 - runtime.idle_controller - DEBUG - Idle controller: idle state - optimizing resources
2026-06-03 13:05:52,371 - runtime.idle_controller - DEBUG - Idle controller: idle state - optimizing resources
2026-06-03 13:05:53,372 - runtime.idle_controller - DEBUG - Idle controller: idle state - optimizing resources
2026-06-03 13:05:54,372 - runtime.idle_controller - DEBUG - Idle controller: idle state - optimizing resources
2026-06-03 13:05:55,373 - runtime.idle_controller - DEBUG - Idle controller: idle state - optimizing resources
2026-06-03 13:05:56,373 - runtime.idle_controller - DEBUG - Idle controller: idle state - optimizing resources
2026-06-03 13:05:57,374 - runtime.idle_controller - DEBUG - Idle controller: idle state - optimizing resources
2026-06-03 13:05:58,374 - runtime.idle_controller - DEBUG - Idle controller: idle state - optimizing resources
2026-06-03 13:05:59,375 - runtime.idle_controller - DEBUG - Idle controller: idle state - optimizing resources
2026-06-03 13:06:00,375 - runtime.idle_controller - DEBUG - Idle controller: idle state - optimizing resources
2026-06-03 13:06:01,376 - runtime.idle_controller - DEBUG - Idle controller: idle state - optimizing resources
2026-06-03 13:06:02,376 - runtime.idle_controller - DEBUG - Idle controller: idle state - optimizing resources
2026-06-03 13:06:03,377 - runtime.idle_controller - DEBUG - Idle controller: idle state - optimizing resources
2026-06-03 13:06:03,406 - integration.speech_listener - DEBUG - Didn't understand wake word
2026-06-03 13:06:03,407 - integration.speech_listener - DEBUG - Listening for wake word...
2026-06-03 13:06:04,377 - runtime.idle_controller - DEBUG - Idle controller: idle state - optimizing resources
2026-06-03 13:06:05,377 - runtime.idle_controller - DEBUG - Idle controller: idle state - optimizing resources
2026-06-03 13:06:06,378 - runtime.idle_controller - DEBUG - Idle controller: idle state - optimizing resources
2026-06-03 13:06:07,378 - runtime.idle_controller - DEBUG - Idle controller: idle state - optimizing resources
2026-06-03 13:06:08,378 - runtime.idle_controller - DEBUG - Idle controller: idle state - optimizing resources
2026-06-03 13:06:09,379 - runtime.idle_controller - DEBUG - Idle controller: idle state - optimizing resources
2026-06-03 13:06:10,379 - runtime.idle_controller - DEBUG - Idle controller: idle state - optimizing resources
2026-06-03 13:06:11,380 - runtime.idle_controller - DEBUG - Idle controller: idle state - optimizing resources
2026-06-03 13:06:12,380 - runtime.idle_controller - DEBUG - Idle controller: idle state - optimizing resources
2026-06-03 13:06:13,381 - runtime.idle_controller - DEBUG - Idle controller: idle state - optimizing resources
2026-06-03 13:06:14,381 - runtime.idle_controller - DEBUG - Idle controller: idle state - optimizing resources
2026-06-03 13:06:14,975 - integration.speech_listener - DEBUG - Didn't understand wake word
2026-06-03 13:06:14,975 - integration.speech_listener - DEBUG - Listening for wake word...
2026-06-03 13:06:15,381 - runtime.idle_controller - DEBUG - Idle controller: idle state - optimizing resources
2026-06-03 13:06:16,382 - runtime.idle_controller - DEBUG - Idle controller: idle state - optimizing resources
2026-06-03 13:06:17,382 - runtime.idle_controller - DEBUG - Idle controller: idle state - optimizing resources
2026-06-03 13:06:18,382 - runtime.idle_controller - DEBUG - Idle controller: idle state - optimizing resources
2026-06-03 13:06:18,678 - integration.speech_listener - DEBUG - Didn't understand wake word
2026-06-03 13:06:18,683 - integration.speech_listener - DEBUG - Listening for wake word...
2026-06-03 13:06:19,383 - runtime.idle_controller - DEBUG - Idle controller: idle state - optimizing resources
2026-06-03 13:06:20,383 - runtime.idle_controller - DEBUG - Idle controller: idle state - optimizing resources
2026-06-03 13:06:21,384 - runtime.idle_controller - DEBUG - Idle controller: idle state - optimizing resources
2026-06-03 13:06:22,312 - integration.speech_listener - DEBUG - Didn't understand wake word
2026-06-03 13:06:22,312 - integration.speech_listener - DEBUG - Listening for wake word...
2026-06-03 13:06:22,384 - runtime.idle_controller - DEBUG - Idle controller: idle state - optimizing resources
2026-06-03 13:06:23,384 - runtime.idle_controller - DEBUG - Idle controller: idle state - optimizing resources
2026-06-03 13:06:24,385 - runtime.idle_controller - DEBUG - Idle controller: idle state - optimizing resources
2026-06-03 13:06:25,385 - runtime.idle_controller - DEBUG - Idle controller: idle state - optimizing resources
2026-06-03 13:06:25,969 - integration.speech_listener - DEBUG - Heard: open
2026-06-03 13:06:25,969 - integration.speech_listener - DEBUG - Listening for wake word...
2026-06-03 13:06:26,385 - runtime.idle_controller - DEBUG - Idle controller: idle state - optimizing resources
2026-06-03 13:06:27,386 - runtime.idle_controller - DEBUG - Idle controller: idle state - optimizing resources
2026-06-03 13:06:28,386 - runtime.idle_controller - DEBUG - Idle controller: idle state - optimizing resources
2026-06-03 13:06:29,387 - runtime.idle_controller - DEBUG - Idle controller: idle state - optimizing resources
2026-06-03 13:06:29,835 - integration.speech_listener - DEBUG - Heard: hey jarvis open brave
2026-06-03 13:06:29,835 - integration.speech_listener - INFO - Wake word detected!
2026-06-03 13:06:29,835 - runtime_core.event_bus - INFO - Publishing event: WAKE_WORD_DETECTED from speech_listener
2026-06-03 13:06:29,835 - runtime_core.runtime_state_machine - INFO - State transition: IDLE -> LISTENING
2026-06-03 13:06:29,836 - runtime_core.event_bus - INFO - Publishing event: STATE_CHANGE from state_machine
2026-06-03 13:06:29,836 - integration.speech_listener - INFO - Listening for command...
2026-06-03 13:06:30,387 - runtime.idle_controller - DEBUG - Idle controller: idle state - optimizing resources
2026-06-03 13:06:31,388 - runtime.idle_controller - DEBUG - Idle controller: idle state - optimizing resources
2026-06-03 13:06:32,388 - runtime.idle_controller - DEBUG - Idle controller: idle state - optimizing resources
2026-06-03 13:06:33,389 - runtime.idle_controller - DEBUG - Idle controller: idle state - optimizing resources
2026-06-03 13:06:34,389 - runtime.idle_controller - DEBUG - Idle controller: idle state - optimizing resources
2026-06-03 13:06:35,389 - runtime.idle_controller - DEBUG - Idle controller: idle state - optimizing resources
2026-06-03 13:06:35,668 - integration.speech_listener - WARNING - Didn't understand command
2026-06-03 13:06:35,668 - runtime_core.runtime_state_machine - INFO - State transition: LISTENING -> IDLE
2026-06-03 13:06:35,668 - runtime_core.event_bus - INFO - Publishing event: STATE_CHANGE from state_machine
2026-06-03 13:06:35,668 - integration.speech_listener - DEBUG - Listening for wake word...
2026-06-03 13:06:36,390 - runtime.idle_controller - DEBUG - Idle controller: idle state - optimizing resources
2026-06-03 13:06:37,390 - runtime.idle_controller - DEBUG - Idle controller: idle state - optimizing resources
2026-06-03 13:06:38,391 - runtime.idle_controller - DEBUG - Idle controller: idle state - optimizing resources
2026-06-03 13:06:39,391 - runtime.idle_controller - DEBUG - Idle controller: idle state - optimizing resources
2026-06-03 13:06:39,399 - integration.speech_listener - DEBUG - Didn't understand wake word
2026-06-03 13:06:39,399 - integration.speech_listener - DEBUG - Listening for wake word...
2026-06-03 13:06:40,392 - runtime.idle_controller - DEBUG - Idle controller: idle state - optimizing resources
2026-06-03 13:06:41,392 - runtime.idle_controller - DEBUG - Idle controller: idle state - optimizing resources
2026-06-03 13:06:42,392 - runtime.idle_controller - DEBUG - Idle controller: idle state - optimizing resources
2026-06-03 13:06:42,458 - integration.speech_listener - DEBUG - Didn't understand wake word
2026-06-03 13:06:42,458 - integration.speech_listener - DEBUG - Listening for wake word...
2026-06-03 13:06:43,393 - runtime.idle_controller - DEBUG - Idle controller: idle state - optimizing resources
2026-06-03 13:06:44,394 - runtime.idle_controller - DEBUG - Idle controller: idle state - optimizing resources
2026-06-03 13:06:45,132 - integration.speech_listener - DEBUG - Didn't understand wake word
2026-06-03 13:06:45,132 - integration.speech_listener - DEBUG - Listening for wake word...
2026-06-03 13:06:45,394 - runtime.idle_controller - DEBUG - Idle controller: idle state - optimizing resources
2026-06-03 13:06:46,394 - runtime.idle_controller - DEBUG - Idle controller: idle state - optimizing resources
2026-06-03 13:06:47,394 - runtime.idle_controller - DEBUG - Idle controller: idle state - optimizing resources
2026-06-03 13:06:48,395 - runtime.idle_controller - DEBUG - Idle controller: idle state - optimizing resources
2026-06-03 13:06:49,395 - runtime.idle_controller - DEBUG - Idle controller: idle state - optimizing resources
2026-06-03 13:06:49,519 - integration.speech_listener - DEBUG - Didn't understand wake word
2026-06-03 13:06:49,519 - integration.speech_listener - DEBUG - Listening for wake word...
2026-06-03 13:06:50,395 - runtime.idle_controller - DEBUG - Idle controller: idle state - optimizing resources
2026-06-03 13:06:51,395 - runtime.idle_controller - DEBUG - Idle controller: idle state - optimizing resources
2026-06-03 13:06:52,096 - integration.speech_listener - DEBUG - Didn't understand wake word
2026-06-03 13:06:52,096 - integration.speech_listener - DEBUG - Listening for wake word...
2026-06-03 13:06:52,396 - runtime.idle_controller - DEBUG - Idle controller: idle state - optimizing resources
2026-06-03 13:06:53,396 - runtime.idle_controller - DEBUG - Idle controller: idle state - optimizing resources
2026-06-03 13:06:54,396 - runtime.idle_controller - DEBUG - Idle controller: idle state - optimizing resources
2026-06-03 13:06:55,397 - runtime.idle_controller - DEBUG - Idle controller: idle state - optimizing resources
2026-06-03 13:06:56,397 - runtime.idle_controller - DEBUG - Idle controller: idle state - optimizing resources
2026-06-03 13:06:57,397 - runtime.idle_controller - DEBUG - Idle controller: idle state - optimizing resources
2026-06-03 13:06:58,398 - runtime.idle_controller - DEBUG - Idle controller: idle state - optimizing resources
2026-06-03 13:06:59,398 - runtime.idle_controller - DEBUG - Idle controller: idle state - optimizing resources
2026-06-03 13:07:00,678 - runtime.idle_controller - DEBUG - Idle controller: idle state - optimizing resources
2026-06-03 13:07:01,678 - runtime.idle_controller - DEBUG - Idle controller: idle state - optimizing resources
2026-06-03 13:07:02,679 - runtime.idle_controller - DEBUG - Idle controller: idle state - optimizing resources
2026-06-03 13:07:03,679 - runtime.idle_controller - DEBUG - Idle controller: idle state - optimizing resources
2026-06-03 13:07:04,680 - runtime.idle_controller - DEBUG - Idle controller: idle state - optimizing resources
2026-06-03 13:07:05,680 - runtime.idle_controller - DEBUG - Idle controller: idle state - optimizing resources
2026-06-03 13:07:06,681 - runtime.idle_controller - DEBUG - Idle controller: idle state - optimizing resources
2026-06-03 13:07:07,681 - runtime.idle_controller - DEBUG - Idle controller: idle state - optimizing resources
2026-06-03 16:42:56,564 - __main__ - INFO - ======================================================================
2026-06-03 16:42:56,762 - __main__ - INFO - JARVIS AI Operating System - Persistent Runtime Starting
2026-06-03 16:42:56,762 - __main__ - INFO - ======================================================================
2026-06-03 16:43:23,288 - runtime_core.event_bus - INFO - Event Bus initialized
2026-06-03 16:43:23,288 - runtime_core.runtime_state_machine - INFO - Runtime State Machine initialized at IDLE
2026-06-03 16:43:23,678 - runtime_ui.animation_engine - INFO - Animation engine initialized
2026-06-03 16:43:23,678 - runtime_ui.overlay_manager - INFO - Overlay Manager initialized
2026-06-03 16:43:24,346 - runtime_ui.tray_manager - INFO - Tray Manager (UI) initialized
2026-06-03 16:43:24,623 - runtime_ui.status_controller - INFO - Status Controller initialized
2026-06-03 16:43:24,623 - runtime_ui.presence_manager - INFO - Presence Manager initialized
2026-06-03 16:43:24,689 - runtime_ui.ui_theme_manager - INFO - UI Theme Manager initialized with theme: cinematic_blue
2026-06-03 16:43:24,758 - runtime_ui.state_visualizer - INFO - State Visualizer initialized
2026-06-03 16:43:24,803 - runtime_ui.notification_manager - INFO - Notification Manager initialized
2026-06-03 16:43:24,910 - runtime_ui.overlay_renderer - INFO - Overlay Renderer initialized
2026-06-03 16:43:36,442 - runtime_ui.tray_manager - INFO - Initializing tray manager
2026-06-03 16:43:48,050 - runtime_ui.tray_manager - DEBUG - Tray libraries imported successfully
2026-06-03 16:43:48,050 - runtime_ui.overlay_manager - INFO - Initializing overlay manager
2026-06-03 16:43:48,050 - runtime_core.event_bus - DEBUG - Subscribed to STATE_CHANGE
2026-06-03 16:43:48,051 - runtime_core.event_bus - DEBUG - Subscribed to PAUSE
2026-06-03 16:43:48,051 - runtime_core.event_bus - DEBUG - Subscribed to RESUME
2026-06-03 16:43:48,051 - runtime_core.event_bus - DEBUG - Subscribed to WAKE_WORD_DETECTED
2026-06-03 16:43:48,051 - runtime_core.event_bus - DEBUG - Subscribed to COMMAND_RECEIVED
2026-06-03 16:43:48,051 - runtime_core.event_bus - DEBUG - Subscribed to THINKING_STARTED
2026-06-03 16:43:48,051 - runtime_core.event_bus - DEBUG - Subscribed to EXECUTION_STARTED
2026-06-03 16:43:48,051 - runtime_core.event_bus - DEBUG - Subscribed to SPEAK_START
2026-06-03 16:43:48,051 - runtime_core.event_bus - DEBUG - Subscribed to SPEAK_END
2026-06-03 16:43:48,051 - runtime_ui.presence_manager - INFO - Initializing presence manager
2026-06-03 16:43:48,749 - runtime_ui.tray_manager - INFO - Tray manager started
2026-06-03 16:43:49,127 - asyncio - DEBUG - Using proactor: IocpProactor
2026-06-03 16:43:49,127 - runtime_ui.overlay_manager - INFO - Creating AIIndicator instance
2026-06-03 16:43:53,826 - runtime_core.lifecycle_manager - INFO - Lifecycle Manager initialized
2026-06-03 16:43:53,826 - runtime_core.persistent_runtime - INFO - Persistent Runtime initialized
2026-06-03 16:43:54,112 - runtime_core.lifecycle_manager - INFO - ======================================================================
2026-06-03 16:43:54,112 - runtime_core.lifecycle_manager - INFO - JARVIS AI Operating System - Boot Sequence Starting
2026-06-03 16:43:54,112 - runtime_core.lifecycle_manager - INFO - ======================================================================
2026-06-03 16:43:54,112 - runtime_core.lifecycle_manager - DEBUG - Setting up Windows signal handlers
2026-06-03 16:43:54,112 - runtime_core.lifecycle_manager - DEBUG - Signal handlers set up
2026-06-03 16:43:54,112 - runtime_core.event_bus - DEBUG - Subscribed to PAUSE
2026-06-03 16:43:54,112 - runtime_core.event_bus - DEBUG - Subscribed to RESUME
2026-06-03 16:43:54,112 - runtime_core.event_bus - DEBUG - Subscribed to SHUTDOWN
2026-06-03 16:43:54,112 - runtime_core.lifecycle_manager - INFO - Initializing core subsystems...
2026-06-03 16:43:54,112 - runtime_core.runtime_state_machine - DEBUG - Already in state IDLE
2026-06-03 16:43:54,112 - runtime_core.lifecycle_manager - INFO - ======================================================================
2026-06-03 16:43:54,112 - runtime_core.lifecycle_manager - INFO - JARVIS AI Operating System - Boot Complete
2026-06-03 16:43:54,112 - runtime_core.lifecycle_manager - INFO - ======================================================================
2026-06-03 16:43:54,112 - runtime_core.persistent_runtime - INFO - Starting infinite runtime loop...
2026-06-03 16:43:54,814 - runtime_ui.ai_indicator - INFO - Glassmorphism AI Indicator initialized
2026-06-03 16:43:54,818 - runtime_ui.overlay_manager - INFO - AIIndicator created
2026-06-03 16:43:54,818 - runtime_ui.animation_engine - DEBUG - Animation target widget set: <runtime_ui.ai_indicator.AIIndicator object at 0x0000029D46872C10>
2026-06-03 16:43:54,818 - runtime_ui.ai_indicator - INFO - Setting status to RuntimeState.IDLE with details: None
2026-06-03 16:43:54,819 - runtime_ui.overlay_manager - INFO - Overlay updated to IDLE
2026-06-03 16:45:45,230 - runtime_ui.overlay_manager - INFO - Overlay watchdog started
2026-06-03 16:45:45,231 - runtime_ui.overlay_manager - INFO - Overlay started completely
2026-06-03 16:45:47,024 - __main__ - INFO - Playing startup greeting (in main thread) - using DIRECT pyttsx3!
2026-06-03 16:45:51,712 - comtypes - DEBUG - CoInitializeEx(None, 2)
2026-06-03 16:45:52,483 - PIL.Image - DEBUG - Importing BlpImagePlugin
2026-06-03 16:45:52,642 - PIL.Image - DEBUG - Importing BmpImagePlugin
2026-06-03 16:45:52,642 - PIL.Image - DEBUG - Importing BufrStubImagePlugin
2026-06-03 16:45:52,887 - PIL.Image - DEBUG - Importing CurImagePlugin
2026-06-03 16:45:53,198 - PIL.Image - DEBUG - Importing DcxImagePlugin
2026-06-03 16:45:53,562 - PIL.Image - DEBUG - Importing DdsImagePlugin
2026-06-03 16:45:53,731 - PIL.Image - DEBUG - Importing EpsImagePlugin
2026-06-03 16:45:53,905 - PIL.Image - DEBUG - Importing FitsImagePlugin
2026-06-03 16:45:54,178 - PIL.Image - DEBUG - Importing FliImagePlugin
2026-06-03 16:45:54,427 - PIL.Image - DEBUG - Importing FpxImagePlugin
2026-06-03 16:45:54,564 - PIL.Image - DEBUG - Image: failed to import FpxImagePlugin: No module named 'olefile'
2026-06-03 16:45:54,565 - PIL.Image - DEBUG - Importing FtexImagePlugin
2026-06-03 16:45:54,852 - PIL.Image - DEBUG - Importing GbrImagePlugin
2026-06-03 16:45:55,177 - PIL.Image - DEBUG - Importing GifImagePlugin
2026-06-03 16:45:55,177 - PIL.Image - DEBUG - Importing GribStubImagePlugin
2026-06-03 16:45:55,191 - voice.voice_profile_manager - INFO - Loaded 4 voice profiles
2026-06-03 16:45:55,346 - PIL.Image - DEBUG - Importing Hdf5StubImagePlugin
2026-06-03 16:45:55,508 - PIL.Image - DEBUG - Importing IcnsImagePlugin
2026-06-03 16:45:55,615 - voice.text_to_speech - INFO - Loading voice profile: jarvis_classic
2026-06-03 16:45:55,615 - voice.tts_engines.piper_engine - INFO - Initializing Piper TTS engine...
2026-06-03 16:45:56,296 - PIL.Image - DEBUG - Importing IcoImagePlugin
2026-06-03 16:45:56,871 - PIL.Image - DEBUG - Importing ImImagePlugin
2026-06-03 16:45:57,095 - PIL.Image - DEBUG - Importing ImtImagePlugin
2026-06-03 16:45:57,288 - PIL.Image - DEBUG - Importing IptcImagePlugin
2026-06-03 16:45:57,572 - PIL.Image - DEBUG - Importing JpegImagePlugin
2026-06-03 16:45:57,572 - PIL.Image - DEBUG - Importing Jpeg2KImagePlugin
2026-06-03 16:45:57,572 - PIL.Image - DEBUG - Importing McIdasImagePlugin
2026-06-03 16:45:57,681 - PIL.Image - DEBUG - Importing MicImagePlugin
2026-06-03 16:45:57,776 - PIL.Image - DEBUG - Image: failed to import MicImagePlugin: No module named 'olefile'
2026-06-03 16:45:57,776 - PIL.Image - DEBUG - Importing MpegImagePlugin
2026-06-03 16:45:58,084 - PIL.Image - DEBUG - Importing MpoImagePlugin
2026-06-03 16:45:58,513 - PIL.Image - DEBUG - Importing MspImagePlugin
2026-06-03 16:45:58,627 - PIL.Image - DEBUG - Importing PalmImagePlugin
2026-06-03 16:45:58,700 - PIL.Image - DEBUG - Importing PcdImagePlugin
2026-06-03 16:45:58,703 - PIL.Image - DEBUG - Importing PcxImagePlugin
2026-06-03 16:45:58,703 - PIL.Image - DEBUG - Importing PdfImagePlugin
2026-06-03 16:45:58,851 - PIL.Image - DEBUG - Importing PixarImagePlugin
2026-06-03 16:45:58,855 - PIL.Image - DEBUG - Importing PngImagePlugin
2026-06-03 16:45:58,855 - PIL.Image - DEBUG - Importing PpmImagePlugin
2026-06-03 16:45:58,856 - PIL.Image - DEBUG - Importing PsdImagePlugin
2026-06-03 16:45:58,922 - PIL.Image - DEBUG - Importing QoiImagePlugin
2026-06-03 16:45:58,978 - PIL.Image - DEBUG - Importing SgiImagePlugin
2026-06-03 16:45:59,157 - PIL.Image - DEBUG - Importing SpiderImagePlugin
2026-06-03 16:45:59,292 - PIL.Image - DEBUG - Importing SunImagePlugin
2026-06-03 16:45:59,360 - PIL.Image - DEBUG - Importing TgaImagePlugin
2026-06-03 16:45:59,489 - PIL.Image - DEBUG - Importing TiffImagePlugin
2026-06-03 16:45:59,493 - PIL.Image - DEBUG - Importing WebPImagePlugin
2026-06-03 16:45:59,960 - comtypes.client._code_cache - INFO - Imported existing <module 'comtypes.gen' from 'C:\\Users\\jashw\\AppData\\Local\\Packages\\PythonSoftwareFoundation.Python.3.12_qbz5n2kfra8p0\\LocalCache\\local-packages\\Python312\\site-packages\\comtypes\\gen\\__init__.py'>
2026-06-03 16:45:59,960 - comtypes.client._code_cache - INFO - Using writeable comtypes cache directory: 'C:\Users\jashw\AppData\Local\Packages\PythonSoftwareFoundation.Python.3.12_qbz5n2kfra8p0\LocalCache\local-packages\Python312\site-packages\comtypes\gen'
2026-06-03 16:46:01,877 - PIL.Image - DEBUG - Importing WmfImagePlugin
2026-06-03 16:46:02,542 - PIL.Image - DEBUG - Importing XbmImagePlugin
2026-06-03 16:46:03,383 - PIL.Image - DEBUG - Importing XpmImagePlugin
2026-06-03 16:46:03,508 - PIL.Image - DEBUG - Importing XVThumbImagePlugin
2026-06-03 16:46:04,669 - comtypes.client._create - DEBUG - SAPI.SPVoice -> {96749377-3391-11D2-9EE3-00C04F797396}
2026-06-03 16:46:04,669 - comtypes.client._create - DEBUG - CoCreateInstance({96749377-3391-11D2-9EE3-00C04F797396}, clsctx=None, interface=None)
2026-06-03 16:46:04,685 - comtypes.client._managing - DEBUG - GetBestInterface(<POINTER(IUnknown) ptr=0x29d42d249f0 at 29d6694af50>)
2026-06-03 16:46:04,686 - comtypes.client._managing - DEBUG - Does implement IProvideClassInfo
2026-06-03 16:46:05,461 - comtypes.client._managing - DEBUG - Default interface is {269316D8-57BD-11D2-9EEE-00C04F797396}
2026-06-03 16:46:05,462 - comtypes._post_coinit.unknwn - DEBUG - Release <POINTER(IUnknown) ptr=0x29d42d24a30 at 29d669e8bd0>
2026-06-03 16:46:05,462 - comtypes.client._generate - DEBUG - GetModule(TLIBATTR(GUID={C866CA3A-32F7-11D2-9602-00C04F8EE628}, Version=5.4, LCID=0, FLags=0x8))
2026-06-03 16:46:05,462 - comtypes.client._managing - DEBUG - Implements default interface from typeinfo <class 'comtypes.gen._C866CA3A_32F7_11D2_9602_00C04F8EE628_0_5_4.ISpeechVoice'>
2026-06-03 16:46:05,462 - comtypes.client._managing - DEBUG - Final result is <POINTER(ISpeechVoice) ptr=0x29d42d24a30 at 29d669e8b50>
2026-06-03 16:46:05,463 - comtypes._post_coinit.unknwn - DEBUG - Release <POINTER(IProvideClassInfo) ptr=0x29d42d24a50 at 29d6694afd0>
2026-06-03 16:46:05,463 - comtypes._post_coinit.unknwn - DEBUG - Release <POINTER(ITypeInfo) ptr=0x29d664c0d68 at 29d6694b050>
2026-06-03 16:46:05,463 - comtypes._post_coinit.unknwn - DEBUG - Release <POINTER(ITypeInfo) ptr=0x29d664c0dc0 at 29d669e89d0>
2026-06-03 16:46:05,463 - comtypes._post_coinit.unknwn - DEBUG - Release <POINTER(ITypeLib) ptr=0x29d66aec8b0 at 29d669e8bd0>
2026-06-03 16:46:05,463 - comtypes._post_coinit.unknwn - DEBUG - Release <POINTER(IUnknown) ptr=0x29d42d249f0 at 29d6694af50>
2026-06-03 16:46:05,464 - comtypes.client._events - DEBUG - <POINTER(ISpeechVoice) ptr=0x29d42d24a30 at 29d669e8b50> using sinkinterface from clsid <class 'comtypes.gen._C866CA3A_32F7_11D2_9602_00C04F8EE628_0_5_4._ISpeechVoiceEvents'>
2026-06-03 16:46:05,464 - comtypes._post_coinit.unknwn - DEBUG - Release <POINTER(IProvideClassInfo2) ptr=0x29d42d24a50 at 29d6694af50>
2026-06-03 16:46:05,465 - comtypes._vtbl - DEBUG - <comtypes.client._events.CreateEventReceiver.<locals>.Sink object at 0x0000029D70C33380>: _ISpeechVoiceEvents.VoiceChange not implemented
2026-06-03 16:46:05,465 - comtypes._vtbl - DEBUG - <comtypes.client._events.CreateEventReceiver.<locals>.Sink object at 0x0000029D70C33380>: _ISpeechVoiceEvents.Bookmark not implemented
2026-06-03 16:46:05,465 - comtypes._vtbl - DEBUG - <comtypes.client._events.CreateEventReceiver.<locals>.Sink object at 0x0000029D70C33380>: _ISpeechVoiceEvents.Sentence not implemented
2026-06-03 16:46:05,465 - comtypes._vtbl - DEBUG - <comtypes.client._events.CreateEventReceiver.<locals>.Sink object at 0x0000029D70C33380>: _ISpeechVoiceEvents.Phoneme not implemented
2026-06-03 16:46:05,465 - comtypes._vtbl - DEBUG - <comtypes.client._events.CreateEventReceiver.<locals>.Sink object at 0x0000029D70C33380>: _ISpeechVoiceEvents.Viseme not implemented
2026-06-03 16:46:05,465 - comtypes._vtbl - DEBUG - <comtypes.client._events.CreateEventReceiver.<locals>.Sink object at 0x0000029D70C33380>: _ISpeechVoiceEvents.AudioLevel not implemented
2026-06-03 16:46:05,465 - comtypes._vtbl - DEBUG - <comtypes.client._events.CreateEventReceiver.<locals>.Sink object at 0x0000029D70C33380>: _ISpeechVoiceEvents.EnginePrivate not implemented
2026-06-03 16:46:05,466 - comtypes.client._events - DEBUG - Start advise <class 'comtypes.gen._C866CA3A_32F7_11D2_9602_00C04F8EE628_0_5_4._ISpeechVoiceEvents'>
2026-06-03 16:46:05,584 - comtypes._comobject - DEBUG - <comtypes.client._events.CreateEventReceiver.<locals>.Sink object at 0x0000029D70C33380>.QueryInterface({A372ACD1-3BEF-4BBD-8FFB-CB3E2B416AF8}) -> S_OK
2026-06-03 16:46:05,585 - comtypes._comobject - DEBUG - 1 active COM objects: Added   <comtypes.client._events.CreateEventReceiver.<locals>.Sink object at 0x0000029D70C33380>
2026-06-03 16:46:05,585 - comtypes._comobject - DEBUG - <comtypes.client._events.CreateEventReceiver.<locals>.Sink object at 0x0000029D70C33380>.AddRef() -> 1
2026-06-03 16:46:05,587 - comtypes._post_coinit.unknwn - DEBUG - Release <POINTER(IConnectionPointContainer) ptr=0x29d42d24a58 at 29d669e91d0>
2026-06-03 16:46:18,896 - comtypes.client._managing - DEBUG - wrap_outparam(<POINTER(ISpeechObjectToken) ptr=0x29d42d633b0 at 29d669e91d0>)
2026-06-03 16:46:18,954 - comtypes._post_coinit.unknwn - DEBUG - Release <POINTER(ISpeechObjectToken) ptr=0x29d42d633b0 at 29d669e91d0>
2026-06-03 16:46:18,955 - comtypes.client._managing - DEBUG - wrap_outparam(<POINTER(ISpeechObjectTokens) ptr=0x29d71fe6950 at 29d669e91d0>)
2026-06-03 16:46:18,955 - comtypes._post_coinit.unknwn - DEBUG - Release <POINTER(IUnknown) ptr=0x29d71fab370 at 29d71c94f50>
2026-06-03 16:46:18,955 - comtypes.client._managing - DEBUG - wrap_outparam(<POINTER(IDispatch) ptr=0x29d46dfbb00 at 29d71c950d0>)
2026-06-03 16:46:18,955 - comtypes.client._managing - DEBUG - GetBestInterface(<POINTER(IDispatch) ptr=0x29d46dfbb00 at 29d71c950d0>)
2026-06-03 16:46:18,955 - comtypes.client._managing - DEBUG - Does NOT implement IProvideClassInfo, trying IProvideClassInfo2
2026-06-03 16:46:18,955 - comtypes.client._managing - DEBUG - Does NOT implement IProvideClassInfo/IProvideClassInfo2
2026-06-03 16:46:18,956 - comtypes._post_coinit.unknwn - DEBUG - Release <POINTER(IUnknown) ptr=0x29d664c0e70 at 29d71c952d0>
2026-06-03 16:46:18,956 - comtypes.client._managing - DEBUG - Default interface is {C74A3ADC-B727-4500-A84A-B526721C8B8C}
2026-06-03 16:46:18,957 - comtypes._post_coinit.unknwn - DEBUG - Release <POINTER(IUnknown) ptr=0x29d46dfbb00 at 29d71c953d0>
2026-06-03 16:46:18,957 - comtypes.client._generate - DEBUG - GetModule(TLIBATTR(GUID={C866CA3A-32F7-11D2-9602-00C04F8EE628}, Version=5.4, LCID=0, FLags=0x8))
2026-06-03 16:46:18,957 - comtypes.client._managing - DEBUG - Implements default interface from typeinfo <class 'comtypes.gen._C866CA3A_32F7_11D2_9602_00C04F8EE628_0_5_4.ISpeechObjectToken'>
2026-06-03 16:46:18,957 - comtypes.client._managing - DEBUG - Final result is <POINTER(ISpeechObjectToken) ptr=0x29d46dfbb00 at 29d71c952d0>
2026-06-03 16:46:18,957 - comtypes._post_coinit.unknwn - DEBUG - Release <POINTER(IDispatch) ptr=0x29d46dfbb00 at 29d71c95250>
2026-06-03 16:46:18,957 - comtypes._post_coinit.unknwn - DEBUG - Release <POINTER(ITypeInfo) ptr=0x29d664c0e70 at 29d71c95350>
2026-06-03 16:46:18,957 - comtypes._post_coinit.unknwn - DEBUG - Release <POINTER(ITypeLib) ptr=0x29d66aec8b0 at 29d71c953d0>
2026-06-03 16:46:18,957 - comtypes._post_coinit.unknwn - DEBUG - Release <POINTER(IDispatch) ptr=0x29d46dfbb00 at 29d71c950d0>
2026-06-03 16:46:18,957 - comtypes._post_coinit.unknwn - DEBUG - Release <POINTER(IEnumVARIANT) ptr=0x29d71fab370 at 29d71c94fd0>
2026-06-03 16:46:18,957 - comtypes._post_coinit.unknwn - DEBUG - Release <POINTER(ISpeechObjectTokens) ptr=0x29d71fe6950 at 29d669e91d0>
2026-06-03 16:46:18,957 - comtypes._post_coinit.unknwn - DEBUG - Release <POINTER(ISpeechObjectToken) ptr=0x29d46dfbb00 at 29d71c952d0>
2026-06-03 16:46:18,958 - comtypes.client._managing - DEBUG - wrap_outparam(<POINTER(ISpeechObjectTokens) ptr=0x29d71fe62d0 at 29d669e91d0>)
2026-06-03 16:46:18,958 - comtypes._post_coinit.unknwn - DEBUG - Release <POINTER(IUnknown) ptr=0x29d71fab5f0 at 29d71c952d0>
2026-06-03 16:46:18,958 - comtypes._post_coinit.unknwn - DEBUG - Release <POINTER(ISpeechObjectTokens) ptr=0x29d71fe62d0 at 29d669e91d0>
2026-06-03 16:46:18,958 - comtypes.client._managing - DEBUG - wrap_outparam(<POINTER(IDispatch) ptr=0x29d46dfc1c0 at 29d71c94fd0>)
2026-06-03 16:46:18,958 - comtypes.client._managing - DEBUG - GetBestInterface(<POINTER(IDispatch) ptr=0x29d46dfc1c0 at 29d71c94fd0>)
2026-06-03 16:46:18,959 - comtypes.client._managing - DEBUG - Does NOT implement IProvideClassInfo, trying IProvideClassInfo2
2026-06-03 16:46:18,959 - comtypes.client._managing - DEBUG - Does NOT implement IProvideClassInfo/IProvideClassInfo2
2026-06-03 16:46:18,959 - comtypes._post_coinit.unknwn - DEBUG - Release <POINTER(IUnknown) ptr=0x29d664c0e70 at 29d71c953d0>
2026-06-03 16:46:18,959 - comtypes.client._managing - DEBUG - Default interface is {C74A3ADC-B727-4500-A84A-B526721C8B8C}
2026-06-03 16:46:18,959 - comtypes._post_coinit.unknwn - DEBUG - Release <POINTER(IUnknown) ptr=0x29d46dfc1c0 at 29d71c95150>
2026-06-03 16:46:18,959 - comtypes.client._generate - DEBUG - GetModule(TLIBATTR(GUID={C866CA3A-32F7-11D2-9602-00C04F8EE628}, Version=5.4, LCID=0, FLags=0x8))
2026-06-03 16:46:18,959 - comtypes.client._managing - DEBUG - Implements default interface from typeinfo <class 'comtypes.gen._C866CA3A_32F7_11D2_9602_00C04F8EE628_0_5_4.ISpeechObjectToken'>
2026-06-03 16:46:18,959 - comtypes.client._managing - DEBUG - Final result is <POINTER(ISpeechObjectToken) ptr=0x29d46dfc1c0 at 29d71c953d0>
2026-06-03 16:46:18,959 - comtypes._post_coinit.unknwn - DEBUG - Release <POINTER(IDispatch) ptr=0x29d46dfc1c0 at 29d71c950d0>
2026-06-03 16:46:18,959 - comtypes._post_coinit.unknwn - DEBUG - Release <POINTER(ITypeInfo) ptr=0x29d664c0e70 at 29d71c951d0>
2026-06-03 16:46:18,961 - comtypes._post_coinit.unknwn - DEBUG - Release <POINTER(ITypeLib) ptr=0x29d66aec8b0 at 29d71c95150>
2026-06-03 16:46:18,961 - comtypes._post_coinit.unknwn - DEBUG - Release <POINTER(IDispatch) ptr=0x29d46dfc1c0 at 29d71c94fd0>
2026-06-03 16:46:18,961 - comtypes.client._managing - DEBUG - wrap_outparam(<POINTER(IDispatch) ptr=0x29d46dfb0e0 at 29d71c95150>)
2026-06-03 16:46:18,961 - comtypes.client._managing - DEBUG - GetBestInterface(<POINTER(IDispatch) ptr=0x29d46dfb0e0 at 29d71c95150>)
2026-06-03 16:46:18,961 - comtypes.client._managing - DEBUG - Does NOT implement IProvideClassInfo, trying IProvideClassInfo2
2026-06-03 16:46:18,961 - comtypes.client._managing - DEBUG - Does NOT implement IProvideClassInfo/IProvideClassInfo2
2026-06-03 16:46:18,961 - comtypes._post_coinit.unknwn - DEBUG - Release <POINTER(IUnknown) ptr=0x29d664c0e70 at 29d71c950d0>
2026-06-03 16:46:18,961 - comtypes.client._managing - DEBUG - Default interface is {C74A3ADC-B727-4500-A84A-B526721C8B8C}
2026-06-03 16:46:18,962 - comtypes._post_coinit.unknwn - DEBUG - Release <POINTER(IUnknown) ptr=0x29d46dfb0e0 at 29d71c95350>
2026-06-03 16:46:18,962 - comtypes.client._generate - DEBUG - GetModule(TLIBATTR(GUID={C866CA3A-32F7-11D2-9602-00C04F8EE628}, Version=5.4, LCID=0, FLags=0x8))
2026-06-03 16:46:18,962 - comtypes.client._managing - DEBUG - Implements default interface from typeinfo <class 'comtypes.gen._C866CA3A_32F7_11D2_9602_00C04F8EE628_0_5_4.ISpeechObjectToken'>
2026-06-03 16:46:18,962 - comtypes.client._managing - DEBUG - Final result is <POINTER(ISpeechObjectToken) ptr=0x29d46dfb0e0 at 29d71c950d0>
2026-06-03 16:46:18,962 - comtypes._post_coinit.unknwn - DEBUG - Release <POINTER(IDispatch) ptr=0x29d46dfb0e0 at 29d71c951d0>
2026-06-03 16:46:18,962 - comtypes._post_coinit.unknwn - DEBUG - Release <POINTER(ITypeInfo) ptr=0x29d664c0e70 at 29d71c95250>
2026-06-03 16:46:18,962 - comtypes._post_coinit.unknwn - DEBUG - Release <POINTER(ITypeLib) ptr=0x29d66aec8b0 at 29d71c95350>
2026-06-03 16:46:18,962 - comtypes._post_coinit.unknwn - DEBUG - Release <POINTER(IDispatch) ptr=0x29d46dfb0e0 at 29d71c95150>
2026-06-03 16:46:18,962 - comtypes._post_coinit.unknwn - DEBUG - Release <POINTER(ISpeechObjectToken) ptr=0x29d46dfc1c0 at 29d71c953d0>
2026-06-03 16:46:18,962 - comtypes._post_coinit.unknwn - DEBUG - Release <POINTER(IEnumVARIANT) ptr=0x29d71fab5f0 at 29d71c94ed0>
2026-06-03 16:46:18,962 - comtypes._post_coinit.unknwn - DEBUG - Release <POINTER(ISpeechObjectToken) ptr=0x29d46dfb0e0 at 29d71c950d0>
2026-06-03 16:46:18,962 - __main__ - INFO - Calling engine.runAndWait()
2026-06-03 16:46:18,963 - comtypes.client._managing - DEBUG - wrap_outparam(<POINTER(ISpeechObjectTokens) ptr=0x29d71fe68d0 at 29d669e91d0>)
2026-06-03 16:46:18,963 - comtypes._post_coinit.unknwn - DEBUG - Release <POINTER(IUnknown) ptr=0x29d71fab820 at 29d71c950d0>
2026-06-03 16:46:18,963 - comtypes.client._managing - DEBUG - wrap_outparam(<POINTER(IDispatch) ptr=0x29d46dfbb00 at 29d71c95150>)
2026-06-03 16:46:18,963 - comtypes.client._managing - DEBUG - GetBestInterface(<POINTER(IDispatch) ptr=0x29d46dfbb00 at 29d71c95150>)
2026-06-03 16:46:18,963 - comtypes.client._managing - DEBUG - Does NOT implement IProvideClassInfo, trying IProvideClassInfo2
2026-06-03 16:46:18,963 - comtypes.client._managing - DEBUG - Does NOT implement IProvideClassInfo/IProvideClassInfo2
2026-06-03 16:46:18,963 - comtypes._post_coinit.unknwn - DEBUG - Release <POINTER(IUnknown) ptr=0x29d664c0e70 at 29d71c95250>
2026-06-03 16:46:18,964 - comtypes.client._managing - DEBUG - Default interface is {C74A3ADC-B727-4500-A84A-B526721C8B8C}
2026-06-03 16:46:18,964 - comtypes._post_coinit.unknwn - DEBUG - Release <POINTER(IUnknown) ptr=0x29d46dfbb00 at 29d71c95450>
2026-06-03 16:46:18,964 - comtypes.client._generate - DEBUG - GetModule(TLIBATTR(GUID={C866CA3A-32F7-11D2-9602-00C04F8EE628}, Version=5.4, LCID=0, FLags=0x8))
2026-06-03 16:46:18,964 - comtypes.client._managing - DEBUG - Implements default interface from typeinfo <class 'comtypes.gen._C866CA3A_32F7_11D2_9602_00C04F8EE628_0_5_4.ISpeechObjectToken'>
2026-06-03 16:46:18,964 - comtypes.client._managing - DEBUG - Final result is <POINTER(ISpeechObjectToken) ptr=0x29d46dfbb00 at 29d71c95250>
2026-06-03 16:46:18,964 - comtypes._post_coinit.unknwn - DEBUG - Release <POINTER(IDispatch) ptr=0x29d46dfbb00 at 29d71c95050>
2026-06-03 16:46:18,965 - comtypes._post_coinit.unknwn - DEBUG - Release <POINTER(ITypeInfo) ptr=0x29d664c0e70 at 29d71c951d0>
2026-06-03 16:46:18,965 - comtypes._post_coinit.unknwn - DEBUG - Release <POINTER(ITypeLib) ptr=0x29d66aec8b0 at 29d71c95450>
2026-06-03 16:46:18,965 - comtypes._post_coinit.unknwn - DEBUG - Release <POINTER(IDispatch) ptr=0x29d46dfbb00 at 29d71c95150>
2026-06-03 16:46:18,965 - comtypes._post_coinit.unknwn - DEBUG - Release <POINTER(IEnumVARIANT) ptr=0x29d71fab820 at 29d71c94ed0>
2026-06-03 16:46:18,965 - comtypes._post_coinit.unknwn - DEBUG - Release <POINTER(ISpeechObjectTokens) ptr=0x29d71fe68d0 at 29d669e91d0>
2026-06-03 16:46:18,965 - comtypes._post_coinit.unknwn - DEBUG - Release <POINTER(ISpeechObjectToken) ptr=0x29d46dfbb00 at 29d71c95250>
2026-06-03 16:46:19,054 - comtypes.client._managing - DEBUG - wrap_outparam(<POINTER(ISpeechObjectToken) ptr=0x29d42d633b0 at 29d71c95250>)
2026-06-03 16:46:19,054 - comtypes._post_coinit.unknwn - DEBUG - Release <POINTER(ISpeechObjectToken) ptr=0x29d42d633b0 at 29d71c95250>
2026-06-03 16:46:32,841 - comtypes._comobject - DEBUG - <comtypes.client._events.CreateEventReceiver.<locals>.Sink object at 0x0000029D70C33380>.AddRef() -> 2
2026-06-03 16:46:33,071 - comtypes._comobject - DEBUG - <comtypes.client._events.CreateEventReceiver.<locals>.Sink object at 0x0000029D70C33380>.Release() -> 1
2026-06-03 16:46:33,071 - comtypes._comobject - DEBUG - <comtypes.client._events.CreateEventReceiver.<locals>.Sink object at 0x0000029D70C33380>.AddRef() -> 2
2026-06-03 16:46:33,072 - comtypes.client._managing - DEBUG - wrap_outparam(<POINTER(IDispatch) ptr=0x29d42d63dd0 at 29d71d0fbd0>)
2026-06-03 16:46:33,072 - comtypes.client._managing - DEBUG - GetBestInterface(<POINTER(IDispatch) ptr=0x29d42d63dd0 at 29d71d0fbd0>)
2026-06-03 16:46:33,072 - comtypes.client._managing - DEBUG - Does NOT implement IProvideClassInfo, trying IProvideClassInfo2
2026-06-03 16:46:33,073 - comtypes.client._managing - DEBUG - Does NOT implement IProvideClassInfo/IProvideClassInfo2
2026-06-03 16:46:33,073 - comtypes._post_coinit.unknwn - DEBUG - Release <POINTER(IUnknown) ptr=0x29d664c0e70 at 29d71d0fdd0>
2026-06-03 16:46:33,073 - comtypes.client._managing - DEBUG - Default interface is {C74A3ADC-B727-4500-A84A-B526721C8B8C}
2026-06-03 16:46:33,073 - comtypes._post_coinit.unknwn - DEBUG - Release <POINTER(IUnknown) ptr=0x29d42d63dd0 at 29d71d0fed0>
2026-06-03 16:46:33,073 - comtypes.client._generate - DEBUG - GetModule(TLIBATTR(GUID={C866CA3A-32F7-11D2-9602-00C04F8EE628}, Version=5.4, LCID=0, FLags=0x8))
2026-06-03 16:46:33,074 - comtypes.client._managing - DEBUG - Implements default interface from typeinfo <class 'comtypes.gen._C866CA3A_32F7_11D2_9602_00C04F8EE628_0_5_4.ISpeechObjectToken'>
2026-06-03 16:46:33,074 - comtypes.client._managing - DEBUG - Final result is <POINTER(ISpeechObjectToken) ptr=0x29d42d63dd0 at 29d71d0fdd0>
2026-06-03 16:46:33,074 - comtypes._post_coinit.unknwn - DEBUG - Release <POINTER(IDispatch) ptr=0x29d42d63dd0 at 29d71d0fd50>
2026-06-03 16:46:33,074 - comtypes._post_coinit.unknwn - DEBUG - Release <POINTER(ITypeInfo) ptr=0x29d664c0e70 at 29d71d0fe50>
2026-06-03 16:46:33,074 - comtypes._post_coinit.unknwn - DEBUG - Release <POINTER(ITypeLib) ptr=0x29d66aec8b0 at 29d71d0fed0>
2026-06-03 16:46:33,074 - comtypes._post_coinit.unknwn - DEBUG - Release <POINTER(IDispatch) ptr=0x29d42d63dd0 at 29d71d0fbd0>
2026-06-03 16:46:33,074 - comtypes._vtbl - DEBUG - unimplemented method _ISpeechVoiceEvents_VoiceChange called
2026-06-03 16:46:33,074 - comtypes._post_coinit.unknwn - DEBUG - Release <POINTER(ISpeechObjectToken) ptr=0x29d42d63dd0 at 29d71d0fdd0>
2026-06-03 16:46:33,074 - comtypes._comobject - DEBUG - <comtypes.client._events.CreateEventReceiver.<locals>.Sink object at 0x0000029D70C33380>.Release() -> 1
2026-06-03 16:46:33,074 - comtypes._comobject - DEBUG - <comtypes.client._events.CreateEventReceiver.<locals>.Sink object at 0x0000029D70C33380>.AddRef() -> 2
2026-06-03 16:46:33,074 - comtypes._vtbl - DEBUG - unimplemented method _ISpeechVoiceEvents_Sentence called
2026-06-03 16:46:33,074 - comtypes._comobject - DEBUG - <comtypes.client._events.CreateEventReceiver.<locals>.Sink object at 0x0000029D70C33380>.Release() -> 1
2026-06-03 16:46:33,075 - comtypes._comobject - DEBUG - <comtypes.client._events.CreateEventReceiver.<locals>.Sink object at 0x0000029D70C33380>.AddRef() -> 2
2026-06-03 16:46:33,075 - comtypes._vtbl - DEBUG - unimplemented method _ISpeechVoiceEvents_Phoneme called
2026-06-03 16:46:33,075 - comtypes._comobject - DEBUG - <comtypes.client._events.CreateEventReceiver.<locals>.Sink object at 0x0000029D70C33380>.Release() -> 1
2026-06-03 16:46:33,075 - comtypes._comobject - DEBUG - <comtypes.client._events.CreateEventReceiver.<locals>.Sink object at 0x0000029D70C33380>.AddRef() -> 2
2026-06-03 16:46:33,076 - comtypes._vtbl - DEBUG - unimplemented method _ISpeechVoiceEvents_Viseme called
2026-06-03 16:46:33,076 - comtypes._comobject - DEBUG - <comtypes.client._events.CreateEventReceiver.<locals>.Sink object at 0x0000029D70C33380>.Release() -> 1
2026-06-03 16:46:33,076 - comtypes._comobject - DEBUG - <comtypes.client._events.CreateEventReceiver.<locals>.Sink object at 0x0000029D70C33380>.AddRef() -> 2
2026-06-03 16:46:33,076 - comtypes._comobject - DEBUG - <comtypes.client._events.CreateEventReceiver.<locals>.Sink object at 0x0000029D70C33380>.Release() -> 1
2026-06-03 16:46:33,076 - comtypes._comobject - DEBUG - <comtypes.client._events.CreateEventReceiver.<locals>.Sink object at 0x0000029D70C33380>.AddRef() -> 2
2026-06-03 16:46:33,076 - comtypes._vtbl - DEBUG - unimplemented method _ISpeechVoiceEvents_Phoneme called
2026-06-03 16:46:33,076 - comtypes._comobject - DEBUG - <comtypes.client._events.CreateEventReceiver.<locals>.Sink object at 0x0000029D70C33380>.Release() -> 1
2026-06-03 16:46:33,076 - comtypes._comobject - DEBUG - <comtypes.client._events.CreateEventReceiver.<locals>.Sink object at 0x0000029D70C33380>.AddRef() -> 2
2026-06-03 16:46:33,076 - comtypes._vtbl - DEBUG - unimplemented method _ISpeechVoiceEvents_Viseme called
2026-06-03 16:46:33,077 - comtypes._comobject - DEBUG - <comtypes.client._events.CreateEventReceiver.<locals>.Sink object at 0x0000029D70C33380>.Release() -> 1
2026-06-03 16:46:33,077 - comtypes._comobject - DEBUG - <comtypes.client._events.CreateEventReceiver.<locals>.Sink object at 0x0000029D70C33380>.AddRef() -> 2
2026-06-03 16:46:33,077 - comtypes._vtbl - DEBUG - unimplemented method _ISpeechVoiceEvents_Viseme called
2026-06-03 16:46:33,077 - comtypes._comobject - DEBUG - <comtypes.client._events.CreateEventReceiver.<locals>.Sink object at 0x0000029D70C33380>.Release() -> 1
2026-06-03 16:46:33,077 - comtypes._comobject - DEBUG - <comtypes.client._events.CreateEventReceiver.<locals>.Sink object at 0x0000029D70C33380>.AddRef() -> 2
2026-06-03 16:46:33,077 - comtypes._vtbl - DEBUG - unimplemented method _ISpeechVoiceEvents_Phoneme called
2026-06-03 16:46:33,077 - comtypes._comobject - DEBUG - <comtypes.client._events.CreateEventReceiver.<locals>.Sink object at 0x0000029D70C33380>.Release() -> 1
2026-06-03 16:46:33,077 - comtypes._comobject - DEBUG - <comtypes.client._events.CreateEventReceiver.<locals>.Sink object at 0x0000029D70C33380>.AddRef() -> 2
2026-06-03 16:46:33,077 - comtypes._vtbl - DEBUG - unimplemented method _ISpeechVoiceEvents_Viseme called
2026-06-03 16:46:33,078 - comtypes._comobject - DEBUG - <comtypes.client._events.CreateEventReceiver.<locals>.Sink object at 0x0000029D70C33380>.Release() -> 1
2026-06-03 16:46:33,178 - comtypes._comobject - DEBUG - <comtypes.client._events.CreateEventReceiver.<locals>.Sink object at 0x0000029D70C33380>.AddRef() -> 2
2026-06-03 16:46:33,178 - comtypes._vtbl - DEBUG - unimplemented method _ISpeechVoiceEvents_Phoneme called
2026-06-03 16:46:33,178 - comtypes._comobject - DEBUG - <comtypes.client._events.CreateEventReceiver.<locals>.Sink object at 0x0000029D70C33380>.Release() -> 1
2026-06-03 16:46:33,179 - comtypes._comobject - DEBUG - <comtypes.client._events.CreateEventReceiver.<locals>.Sink object at 0x0000029D70C33380>.AddRef() -> 2
2026-06-03 16:46:33,179 - comtypes._vtbl - DEBUG - unimplemented method _ISpeechVoiceEvents_Viseme called
2026-06-03 16:46:33,179 - comtypes._comobject - DEBUG - <comtypes.client._events.CreateEventReceiver.<locals>.Sink object at 0x0000029D70C33380>.Release() -> 1
2026-06-03 16:46:33,229 - comtypes._comobject - DEBUG - <comtypes.client._events.CreateEventReceiver.<locals>.Sink object at 0x0000029D70C33380>.AddRef() -> 2
2026-06-03 16:46:33,229 - comtypes._vtbl - DEBUG - unimplemented method _ISpeechVoiceEvents_Phoneme called
2026-06-03 16:46:33,229 - comtypes._comobject - DEBUG - <comtypes.client._events.CreateEventReceiver.<locals>.Sink object at 0x0000029D70C33380>.Release() -> 1
2026-06-03 16:46:33,229 - comtypes._comobject - DEBUG - <comtypes.client._events.CreateEventReceiver.<locals>.Sink object at 0x0000029D70C33380>.AddRef() -> 2
2026-06-03 16:46:33,229 - comtypes._vtbl - DEBUG - unimplemented method _ISpeechVoiceEvents_Viseme called
2026-06-03 16:46:33,229 - comtypes._comobject - DEBUG - <comtypes.client._events.CreateEventReceiver.<locals>.Sink object at 0x0000029D70C33380>.Release() -> 1
2026-06-03 16:46:33,280 - comtypes._comobject - DEBUG - <comtypes.client._events.CreateEventReceiver.<locals>.Sink object at 0x0000029D70C33380>.AddRef() -> 2
2026-06-03 16:46:33,280 - comtypes._vtbl - DEBUG - unimplemented method _ISpeechVoiceEvents_Phoneme called
2026-06-03 16:46:33,280 - comtypes._comobject - DEBUG - <comtypes.client._events.CreateEventReceiver.<locals>.Sink object at 0x0000029D70C33380>.Release() -> 1
2026-06-03 16:46:33,281 - comtypes._comobject - DEBUG - <comtypes.client._events.CreateEventReceiver.<locals>.Sink object at 0x0000029D70C33380>.AddRef() -> 2
2026-06-03 16:46:33,281 - comtypes._vtbl - DEBUG - unimplemented method _ISpeechVoiceEvents_Viseme called
2026-06-03 16:46:33,281 - comtypes._comobject - DEBUG - <comtypes.client._events.CreateEventReceiver.<locals>.Sink object at 0x0000029D70C33380>.Release() -> 1
2026-06-03 16:46:33,331 - comtypes._comobject - DEBUG - <comtypes.client._events.CreateEventReceiver.<locals>.Sink object at 0x0000029D70C33380>.AddRef() -> 2
2026-06-03 16:46:33,331 - comtypes._vtbl - DEBUG - unimplemented method _ISpeechVoiceEvents_Phoneme called
2026-06-03 16:46:33,331 - comtypes._comobject - DEBUG - <comtypes.client._events.CreateEventReceiver.<locals>.Sink object at 0x0000029D70C33380>.Release() -> 1
2026-06-03 16:46:33,331 - comtypes._comobject - DEBUG - <comtypes.client._events.CreateEventReceiver.<locals>.Sink object at 0x0000029D70C33380>.AddRef() -> 2
2026-06-03 16:46:33,331 - comtypes._vtbl - DEBUG - unimplemented method _ISpeechVoiceEvents_Viseme called
2026-06-03 16:46:33,331 - comtypes._comobject - DEBUG - <comtypes.client._events.CreateEventReceiver.<locals>.Sink object at 0x0000029D70C33380>.Release() -> 1
2026-06-03 16:46:33,433 - comtypes._comobject - DEBUG - <comtypes.client._events.CreateEventReceiver.<locals>.Sink object at 0x0000029D70C33380>.AddRef() -> 2
2026-06-03 16:46:33,497 - comtypes._comobject - DEBUG - <comtypes.client._events.CreateEventReceiver.<locals>.Sink object at 0x0000029D70C33380>.Release() -> 1
2026-06-03 16:46:33,497 - comtypes._comobject - DEBUG - <comtypes.client._events.CreateEventReceiver.<locals>.Sink object at 0x0000029D70C33380>.AddRef() -> 2
2026-06-03 16:46:33,497 - comtypes._vtbl - DEBUG - unimplemented method _ISpeechVoiceEvents_Phoneme called
2026-06-03 16:46:33,497 - comtypes._comobject - DEBUG - <comtypes.client._events.CreateEventReceiver.<locals>.Sink object at 0x0000029D70C33380>.Release() -> 1
2026-06-03 16:46:33,497 - comtypes._comobject - DEBUG - <comtypes.client._events.CreateEventReceiver.<locals>.Sink object at 0x0000029D70C33380>.AddRef() -> 2
2026-06-03 16:46:33,497 - comtypes._vtbl - DEBUG - unimplemented method _ISpeechVoiceEvents_Viseme called
2026-06-03 16:46:33,497 - comtypes._comobject - DEBUG - <comtypes.client._events.CreateEventReceiver.<locals>.Sink object at 0x0000029D70C33380>.Release() -> 1
2026-06-03 16:46:33,548 - comtypes._comobject - DEBUG - <comtypes.client._events.CreateEventReceiver.<locals>.Sink object at 0x0000029D70C33380>.AddRef() -> 2
2026-06-03 16:46:33,548 - comtypes._vtbl - DEBUG - unimplemented method _ISpeechVoiceEvents_Phoneme called
2026-06-03 16:46:33,548 - comtypes._comobject - DEBUG - <comtypes.client._events.CreateEventReceiver.<locals>.Sink object at 0x0000029D70C33380>.Release() -> 1
2026-06-03 16:46:33,548 - comtypes._comobject - DEBUG - <comtypes.client._events.CreateEventReceiver.<locals>.Sink object at 0x0000029D70C33380>.AddRef() -> 2
2026-06-03 16:46:33,548 - comtypes._vtbl - DEBUG - unimplemented method _ISpeechVoiceEvents_Viseme called
2026-06-03 16:46:33,548 - comtypes._comobject - DEBUG - <comtypes.client._events.CreateEventReceiver.<locals>.Sink object at 0x0000029D70C33380>.Release() -> 1
2026-06-03 16:46:33,649 - comtypes._comobject - DEBUG - <comtypes.client._events.CreateEventReceiver.<locals>.Sink object at 0x0000029D70C33380>.AddRef() -> 2
2026-06-03 16:46:33,649 - comtypes._vtbl - DEBUG - unimplemented method _ISpeechVoiceEvents_Phoneme called
2026-06-03 16:46:33,649 - comtypes._comobject - DEBUG - <comtypes.client._events.CreateEventReceiver.<locals>.Sink object at 0x0000029D70C33380>.Release() -> 1
2026-06-03 16:46:33,649 - comtypes._comobject - DEBUG - <comtypes.client._events.CreateEventReceiver.<locals>.Sink object at 0x0000029D70C33380>.AddRef() -> 2
2026-06-03 16:46:33,649 - comtypes._vtbl - DEBUG - unimplemented method _ISpeechVoiceEvents_Viseme called
2026-06-03 16:46:33,649 - comtypes._comobject - DEBUG - <comtypes.client._events.CreateEventReceiver.<locals>.Sink object at 0x0000029D70C33380>.Release() -> 1
2026-06-03 16:46:33,700 - comtypes._comobject - DEBUG - <comtypes.client._events.CreateEventReceiver.<locals>.Sink object at 0x0000029D70C33380>.AddRef() -> 2
2026-06-03 16:46:33,700 - comtypes._vtbl - DEBUG - unimplemented method _ISpeechVoiceEvents_Phoneme called
2026-06-03 16:46:33,700 - comtypes._comobject - DEBUG - <comtypes.client._events.CreateEventReceiver.<locals>.Sink object at 0x0000029D70C33380>.Release() -> 1
2026-06-03 16:46:33,701 - comtypes._comobject - DEBUG - <comtypes.client._events.CreateEventReceiver.<locals>.Sink object at 0x0000029D70C33380>.AddRef() -> 2
2026-06-03 16:46:33,701 - comtypes._vtbl - DEBUG - unimplemented method _ISpeechVoiceEvents_Viseme called
2026-06-03 16:46:33,701 - comtypes._comobject - DEBUG - <comtypes.client._events.CreateEventReceiver.<locals>.Sink object at 0x0000029D70C33380>.Release() -> 1
2026-06-03 16:46:33,802 - comtypes._comobject - DEBUG - <comtypes.client._events.CreateEventReceiver.<locals>.Sink object at 0x0000029D70C33380>.AddRef() -> 2
2026-06-03 16:46:33,802 - comtypes._vtbl - DEBUG - unimplemented method _ISpeechVoiceEvents_Viseme called
2026-06-03 16:46:33,802 - comtypes._comobject - DEBUG - <comtypes.client._events.CreateEventReceiver.<locals>.Sink object at 0x0000029D70C33380>.Release() -> 1
2026-06-03 16:46:33,853 - comtypes._comobject - DEBUG - <comtypes.client._events.CreateEventReceiver.<locals>.Sink object at 0x0000029D70C33380>.AddRef() -> 2
2026-06-03 16:46:33,853 - comtypes._vtbl - DEBUG - unimplemented method _ISpeechVoiceEvents_Phoneme called
2026-06-03 16:46:33,853 - comtypes._comobject - DEBUG - <comtypes.client._events.CreateEventReceiver.<locals>.Sink object at 0x0000029D70C33380>.Release() -> 1
2026-06-03 16:46:33,853 - comtypes._comobject - DEBUG - <comtypes.client._events.CreateEventReceiver.<locals>.Sink object at 0x0000029D70C33380>.AddRef() -> 2
2026-06-03 16:46:33,853 - comtypes._vtbl - DEBUG - unimplemented method _ISpeechVoiceEvents_Viseme called
2026-06-03 16:46:33,853 - comtypes._comobject - DEBUG - <comtypes.client._events.CreateEventReceiver.<locals>.Sink object at 0x0000029D70C33380>.Release() -> 1
2026-06-03 16:46:34,004 - comtypes._comobject - DEBUG - <comtypes.client._events.CreateEventReceiver.<locals>.Sink object at 0x0000029D70C33380>.AddRef() -> 2
2026-06-03 16:46:34,004 - comtypes._vtbl - DEBUG - unimplemented method _ISpeechVoiceEvents_Phoneme called
2026-06-03 16:46:34,004 - comtypes._comobject - DEBUG - <comtypes.client._events.CreateEventReceiver.<locals>.Sink object at 0x0000029D70C33380>.Release() -> 1
2026-06-03 16:46:34,004 - comtypes._comobject - DEBUG - <comtypes.client._events.CreateEventReceiver.<locals>.Sink object at 0x0000029D70C33380>.AddRef() -> 2
2026-06-03 16:46:34,004 - comtypes._vtbl - DEBUG - unimplemented method _ISpeechVoiceEvents_Viseme called
2026-06-03 16:46:34,004 - comtypes._comobject - DEBUG - <comtypes.client._events.CreateEventReceiver.<locals>.Sink object at 0x0000029D70C33380>.Release() -> 1
2026-06-03 16:46:34,055 - voice.tts_engines.piper_engine - ERROR - Piper TTS dependencies not installed: No module named 'piper.download'
2026-06-03 16:46:34,055 - voice.tts_engines.piper_engine - WARNING - To install Piper: pip install piper-tts sounddevice numpy
2026-06-03 16:46:34,055 - voice.tts_engines.engine_selector - WARNING - Failed to initialize piper, falling back...
2026-06-03 16:46:34,055 - voice.tts_engines.piper_engine - INFO - Initializing Piper TTS engine...
2026-06-03 16:46:34,055 - voice.tts_engines.piper_engine - ERROR - Piper TTS dependencies not installed: No module named 'piper.download'
2026-06-03 16:46:34,055 - voice.tts_engines.piper_engine - WARNING - To install Piper: pip install piper-tts sounddevice numpy
2026-06-03 16:46:34,055 - voice.tts_engines.pyttsx3_engine - INFO - Initializing pyttsx3 TTS engine...
2026-06-03 16:46:34,055 - voice.tts_engines.pyttsx3_engine - INFO - Set initial TTS speed to 150 WPM
2026-06-03 16:46:34,056 - comtypes.client._managing - DEBUG - wrap_outparam(<POINTER(ISpeechObjectTokens) ptr=0x29d71fe6e50 at 29d74a360d0>)
2026-06-03 16:46:34,056 - comtypes._post_coinit.unknwn - DEBUG - Release <POINTER(IUnknown) ptr=0x29d71fab500 at 29d74a366d0>
2026-06-03 16:46:34,057 - comtypes._post_coinit.unknwn - DEBUG - Release <POINTER(ISpeechObjectTokens) ptr=0x29d71fe6e50 at 29d74a360d0>
2026-06-03 16:46:34,057 - comtypes.client._managing - DEBUG - wrap_outparam(<POINTER(IDispatch) ptr=0x29d46dfc1c0 at 29d74a36450>)
2026-06-03 16:46:34,057 - comtypes.client._managing - DEBUG - GetBestInterface(<POINTER(IDispatch) ptr=0x29d46dfc1c0 at 29d74a36450>)
2026-06-03 16:46:34,057 - comtypes.client._managing - DEBUG - Does NOT implement IProvideClassInfo, trying IProvideClassInfo2
2026-06-03 16:46:34,057 - comtypes.client._managing - DEBUG - Does NOT implement IProvideClassInfo/IProvideClassInfo2
2026-06-03 16:46:34,057 - comtypes._post_coinit.unknwn - DEBUG - Release <POINTER(IUnknown) ptr=0x29d664c0e70 at 29d74a367d0>
2026-06-03 16:46:34,057 - comtypes.client._managing - DEBUG - Default interface is {C74A3ADC-B727-4500-A84A-B526721C8B8C}
2026-06-03 16:46:34,057 - comtypes._post_coinit.unknwn - DEBUG - Release <POINTER(IUnknown) ptr=0x29d46dfc1c0 at 29d74a368d0>
2026-06-03 16:46:34,057 - comtypes.client._generate - DEBUG - GetModule(TLIBATTR(GUID={C866CA3A-32F7-11D2-9602-00C04F8EE628}, Version=5.4, LCID=0, FLags=0x8))
2026-06-03 16:46:34,058 - comtypes.client._managing - DEBUG - Implements default interface from typeinfo <class 'comtypes.gen._C866CA3A_32F7_11D2_9602_00C04F8EE628_0_5_4.ISpeechObjectToken'>
2026-06-03 16:46:34,058 - comtypes.client._managing - DEBUG - Final result is <POINTER(ISpeechObjectToken) ptr=0x29d46dfc1c0 at 29d74a367d0>
2026-06-03 16:46:34,058 - comtypes._post_coinit.unknwn - DEBUG - Release <POINTER(IDispatch) ptr=0x29d46dfc1c0 at 29d74a365d0>
2026-06-03 16:46:34,058 - comtypes._post_coinit.unknwn - DEBUG - Release <POINTER(ITypeInfo) ptr=0x29d664c0e70 at 29d74a36850>
2026-06-03 16:46:34,059 - comtypes._post_coinit.unknwn - DEBUG - Release <POINTER(ITypeLib) ptr=0x29d66aec8b0 at 29d74a368d0>
2026-06-03 16:46:34,059 - comtypes._post_coinit.unknwn - DEBUG - Release <POINTER(IDispatch) ptr=0x29d46dfc1c0 at 29d74a36450>
2026-06-03 16:46:34,059 - comtypes.client._managing - DEBUG - wrap_outparam(<POINTER(IDispatch) ptr=0x29d46dfb4d0 at 29d74a368d0>)
2026-06-03 16:46:34,059 - comtypes.client._managing - DEBUG - GetBestInterface(<POINTER(IDispatch) ptr=0x29d46dfb4d0 at 29d74a368d0>)
2026-06-03 16:46:34,059 - comtypes.client._managing - DEBUG - Does NOT implement IProvideClassInfo, trying IProvideClassInfo2
2026-06-03 16:46:34,059 - comtypes.client._managing - DEBUG - Does NOT implement IProvideClassInfo/IProvideClassInfo2
2026-06-03 16:46:34,059 - comtypes._post_coinit.unknwn - DEBUG - Release <POINTER(IUnknown) ptr=0x29d664c0e70 at 29d74a365d0>
2026-06-03 16:46:34,059 - comtypes.client._managing - DEBUG - Default interface is {C74A3ADC-B727-4500-A84A-B526721C8B8C}
2026-06-03 16:46:34,059 - comtypes._post_coinit.unknwn - DEBUG - Release <POINTER(IUnknown) ptr=0x29d46dfb4d0 at 29d74a36950>
2026-06-03 16:46:34,059 - comtypes.client._generate - DEBUG - GetModule(TLIBATTR(GUID={C866CA3A-32F7-11D2-9602-00C04F8EE628}, Version=5.4, LCID=0, FLags=0x8))
2026-06-03 16:46:34,059 - comtypes.client._managing - DEBUG - Implements default interface from typeinfo <class 'comtypes.gen._C866CA3A_32F7_11D2_9602_00C04F8EE628_0_5_4.ISpeechObjectToken'>
2026-06-03 16:46:34,059 - comtypes.client._managing - DEBUG - Final result is <POINTER(ISpeechObjectToken) ptr=0x29d46dfb4d0 at 29d74a365d0>
2026-06-03 16:46:34,059 - comtypes._post_coinit.unknwn - DEBUG - Release <POINTER(IDispatch) ptr=0x29d46dfb4d0 at 29d74a36850>
2026-06-03 16:46:34,059 - comtypes._post_coinit.unknwn - DEBUG - Release <POINTER(ITypeInfo) ptr=0x29d664c0e70 at 29d74a369d0>
2026-06-03 16:46:34,059 - comtypes._post_coinit.unknwn - DEBUG - Release <POINTER(ITypeLib) ptr=0x29d66aec8b0 at 29d74a36950>
2026-06-03 16:46:34,059 - comtypes._post_coinit.unknwn - DEBUG - Release <POINTER(IDispatch) ptr=0x29d46dfb4d0 at 29d74a368d0>
2026-06-03 16:46:34,059 - comtypes._post_coinit.unknwn - DEBUG - Release <POINTER(ISpeechObjectToken) ptr=0x29d46dfc1c0 at 29d74a367d0>
2026-06-03 16:46:34,061 - comtypes._post_coinit.unknwn - DEBUG - Release <POINTER(IEnumVARIANT) ptr=0x29d71fab500 at 29d74a363d0>
2026-06-03 16:46:34,061 - comtypes._post_coinit.unknwn - DEBUG - Release <POINTER(ISpeechObjectToken) ptr=0x29d46dfb4d0 at 29d74a365d0>
2026-06-03 16:46:34,061 - voice.tts_engines.pyttsx3_engine - INFO - Available voices: 2 found
2026-06-03 16:46:34,061 - voice.tts_engines.pyttsx3_engine - INFO -   Voice 0: Microsoft David Desktop - English (United States)
2026-06-03 16:46:34,061 - voice.tts_engines.pyttsx3_engine - INFO - Found target voice: Microsoft David Desktop - English (United States)
2026-06-03 16:46:34,061 - voice.tts_engines.pyttsx3_engine - INFO - pyttsx3 TTS initialized successfully!
2026-06-03 16:46:34,061 - voice.tts_engines.engine_selector - INFO - Using TTS engine: pyttsx3
2026-06-03 16:46:34,061 - voice.tts_engines.pyttsx3_engine - INFO - Set TTS speed to 150 WPM (scale: 1.0)
2026-06-03 16:46:34,665 - voice.voice_memory - INFO - Loaded 26 voice interactions
2026-06-03 16:46:35,866 - voice.audio_router - INFO - Found 2 input devices, 2 output devices
2026-06-03 16:46:35,868 - runtime.runtime_manager - INFO - Initializing JARVIS runtime system
2026-06-03 16:46:35,868 - runtime_core.event_bus - DEBUG - Subscribed to PAUSE
2026-06-03 16:46:35,868 - runtime_core.event_bus - DEBUG - Subscribed to RESUME
2026-06-03 16:46:35,868 - runtime.hotkey_manager - INFO - Initializing hotkey manager
2026-06-03 16:46:36,838 - runtime.hotkey_manager - DEBUG - Keyboard library imported successfully
2026-06-03 16:46:36,838 - runtime.idle_controller - INFO - Initializing idle controller
2026-06-03 16:46:36,839 - runtime.wake_listener - INFO - Initializing wake listener
2026-06-03 16:46:36,839 - runtime.wake_listener - INFO - SpeechRecognition version: 3.16.1
2026-06-03 16:46:37,218 - comtypes._comobject - DEBUG - <comtypes.client._events.CreateEventReceiver.<locals>.Sink object at 0x0000029D70C33380>.AddRef() -> 2
2026-06-03 16:46:37,218 - comtypes._vtbl - DEBUG - unimplemented method _ISpeechVoiceEvents_Sentence called
2026-06-03 16:46:37,218 - comtypes._comobject - DEBUG - <comtypes.client._events.CreateEventReceiver.<locals>.Sink object at 0x0000029D70C33380>.Release() -> 1
2026-06-03 16:46:37,218 - comtypes._comobject - DEBUG - <comtypes.client._events.CreateEventReceiver.<locals>.Sink object at 0x0000029D70C33380>.AddRef() -> 2
2026-06-03 16:46:37,218 - comtypes._vtbl - DEBUG - unimplemented method _ISpeechVoiceEvents_Phoneme called
2026-06-03 16:46:37,218 - comtypes._comobject - DEBUG - <comtypes.client._events.CreateEventReceiver.<locals>.Sink object at 0x0000029D70C33380>.Release() -> 1
2026-06-03 16:46:37,218 - comtypes._comobject - DEBUG - <comtypes.client._events.CreateEventReceiver.<locals>.Sink object at 0x0000029D70C33380>.AddRef() -> 2
2026-06-03 16:46:37,218 - comtypes._vtbl - DEBUG - unimplemented method _ISpeechVoiceEvents_Viseme called
2026-06-03 16:46:37,219 - comtypes._comobject - DEBUG - <comtypes.client._events.CreateEventReceiver.<locals>.Sink object at 0x0000029D70C33380>.Release() -> 1
2026-06-03 16:46:37,320 - comtypes._comobject - DEBUG - <comtypes.client._events.CreateEventReceiver.<locals>.Sink object at 0x0000029D70C33380>.AddRef() -> 2
2026-06-03 16:46:37,320 - comtypes._comobject - DEBUG - <comtypes.client._events.CreateEventReceiver.<locals>.Sink object at 0x0000029D70C33380>.Release() -> 1
2026-06-03 16:46:37,320 - comtypes._comobject - DEBUG - <comtypes.client._events.CreateEventReceiver.<locals>.Sink object at 0x0000029D70C33380>.AddRef() -> 2
2026-06-03 16:46:37,321 - comtypes._vtbl - DEBUG - unimplemented method _ISpeechVoiceEvents_Phoneme called
2026-06-03 16:46:37,321 - comtypes._comobject - DEBUG - <comtypes.client._events.CreateEventReceiver.<locals>.Sink object at 0x0000029D70C33380>.Release() -> 1
2026-06-03 16:46:37,321 - comtypes._comobject - DEBUG - <comtypes.client._events.CreateEventReceiver.<locals>.Sink object at 0x0000029D70C33380>.AddRef() -> 2
2026-06-03 16:46:37,321 - comtypes._vtbl - DEBUG - unimplemented method _ISpeechVoiceEvents_Viseme called
2026-06-03 16:46:37,321 - comtypes._comobject - DEBUG - <comtypes.client._events.CreateEventReceiver.<locals>.Sink object at 0x0000029D70C33380>.Release() -> 1
2026-06-03 16:46:37,422 - comtypes._comobject - DEBUG - <comtypes.client._events.CreateEventReceiver.<locals>.Sink object at 0x0000029D70C33380>.AddRef() -> 2
2026-06-03 16:46:37,422 - comtypes._vtbl - DEBUG - unimplemented method _ISpeechVoiceEvents_Phoneme called
2026-06-03 16:46:37,422 - comtypes._comobject - DEBUG - <comtypes.client._events.CreateEventReceiver.<locals>.Sink object at 0x0000029D70C33380>.Release() -> 1
2026-06-03 16:46:37,422 - comtypes._comobject - DEBUG - <comtypes.client._events.CreateEventReceiver.<locals>.Sink object at 0x0000029D70C33380>.AddRef() -> 2
2026-06-03 16:46:37,422 - comtypes._vtbl - DEBUG - unimplemented method _ISpeechVoiceEvents_Viseme called
2026-06-03 16:46:37,422 - comtypes._comobject - DEBUG - <comtypes.client._events.CreateEventReceiver.<locals>.Sink object at 0x0000029D70C33380>.Release() -> 1
2026-06-03 16:46:37,523 - comtypes._comobject - DEBUG - <comtypes.client._events.CreateEventReceiver.<locals>.Sink object at 0x0000029D70C33380>.AddRef() -> 2
2026-06-03 16:46:37,523 - comtypes._comobject - DEBUG - <comtypes.client._events.CreateEventReceiver.<locals>.Sink object at 0x0000029D70C33380>.Release() -> 1
2026-06-03 16:46:37,523 - comtypes._comobject - DEBUG - <comtypes.client._events.CreateEventReceiver.<locals>.Sink object at 0x0000029D70C33380>.AddRef() -> 2
2026-06-03 16:46:37,523 - comtypes._vtbl - DEBUG - unimplemented method _ISpeechVoiceEvents_Phoneme called
2026-06-03 16:46:37,523 - comtypes._comobject - DEBUG - <comtypes.client._events.CreateEventReceiver.<locals>.Sink object at 0x0000029D70C33380>.Release() -> 1
2026-06-03 16:46:37,523 - comtypes._comobject - DEBUG - <comtypes.client._events.CreateEventReceiver.<locals>.Sink object at 0x0000029D70C33380>.AddRef() -> 2
2026-06-03 16:46:37,524 - comtypes._vtbl - DEBUG - unimplemented method _ISpeechVoiceEvents_Viseme called
2026-06-03 16:46:37,524 - comtypes._comobject - DEBUG - <comtypes.client._events.CreateEventReceiver.<locals>.Sink object at 0x0000029D70C33380>.Release() -> 1
2026-06-03 16:46:37,675 - comtypes._comobject - DEBUG - <comtypes.client._events.CreateEventReceiver.<locals>.Sink object at 0x0000029D70C33380>.AddRef() -> 2
2026-06-03 16:46:37,696 - comtypes._vtbl - DEBUG - unimplemented method _ISpeechVoiceEvents_Phoneme called
2026-06-03 16:46:37,696 - comtypes._comobject - DEBUG - <comtypes.client._events.CreateEventReceiver.<locals>.Sink object at 0x0000029D70C33380>.Release() -> 1
2026-06-03 16:46:37,696 - comtypes._comobject - DEBUG - <comtypes.client._events.CreateEventReceiver.<locals>.Sink object at 0x0000029D70C33380>.AddRef() -> 2
2026-06-03 16:46:37,696 - comtypes._vtbl - DEBUG - unimplemented method _ISpeechVoiceEvents_Viseme called
2026-06-03 16:46:37,696 - comtypes._comobject - DEBUG - <comtypes.client._events.CreateEventReceiver.<locals>.Sink object at 0x0000029D70C33380>.Release() -> 1
2026-06-03 16:46:37,697 - comtypes._comobject - DEBUG - <comtypes.client._events.CreateEventReceiver.<locals>.Sink object at 0x0000029D70C33380>.AddRef() -> 2
2026-06-03 16:46:37,697 - comtypes._vtbl - DEBUG - unimplemented method _ISpeechVoiceEvents_Phoneme called
2026-06-03 16:46:37,697 - comtypes._comobject - DEBUG - <comtypes.client._events.CreateEventReceiver.<locals>.Sink object at 0x0000029D70C33380>.Release() -> 1
2026-06-03 16:46:37,697 - comtypes._comobject - DEBUG - <comtypes.client._events.CreateEventReceiver.<locals>.Sink object at 0x0000029D70C33380>.AddRef() -> 2
2026-06-03 16:46:37,697 - comtypes._vtbl - DEBUG - unimplemented method _ISpeechVoiceEvents_Viseme called
2026-06-03 16:46:37,697 - comtypes._comobject - DEBUG - <comtypes.client._events.CreateEventReceiver.<locals>.Sink object at 0x0000029D70C33380>.Release() -> 1
2026-06-03 16:46:37,798 - comtypes._comobject - DEBUG - <comtypes.client._events.CreateEventReceiver.<locals>.Sink object at 0x0000029D70C33380>.AddRef() -> 2
2026-06-03 16:46:37,798 - comtypes._vtbl - DEBUG - unimplemented method _ISpeechVoiceEvents_Phoneme called
2026-06-03 16:46:37,798 - comtypes._comobject - DEBUG - <comtypes.client._events.CreateEventReceiver.<locals>.Sink object at 0x0000029D70C33380>.Release() -> 1
2026-06-03 16:46:37,799 - comtypes._comobject - DEBUG - <comtypes.client._events.CreateEventReceiver.<locals>.Sink object at 0x0000029D70C33380>.AddRef() -> 2
2026-06-03 16:46:37,799 - comtypes._vtbl - DEBUG - unimplemented method _ISpeechVoiceEvents_Viseme called
2026-06-03 16:46:37,799 - comtypes._comobject - DEBUG - <comtypes.client._events.CreateEventReceiver.<locals>.Sink object at 0x0000029D70C33380>.Release() -> 1
2026-06-03 16:46:37,849 - comtypes._comobject - DEBUG - <comtypes.client._events.CreateEventReceiver.<locals>.Sink object at 0x0000029D70C33380>.AddRef() -> 2
2026-06-03 16:46:37,849 - comtypes._vtbl - DEBUG - unimplemented method _ISpeechVoiceEvents_Phoneme called
2026-06-03 16:46:37,849 - comtypes._comobject - DEBUG - <comtypes.client._events.CreateEventReceiver.<locals>.Sink object at 0x0000029D70C33380>.Release() -> 1
2026-06-03 16:46:37,850 - comtypes._comobject - DEBUG - <comtypes.client._events.CreateEventReceiver.<locals>.Sink object at 0x0000029D70C33380>.AddRef() -> 2
2026-06-03 16:46:37,850 - comtypes._vtbl - DEBUG - unimplemented method _ISpeechVoiceEvents_Viseme called
2026-06-03 16:46:37,850 - comtypes._comobject - DEBUG - <comtypes.client._events.CreateEventReceiver.<locals>.Sink object at 0x0000029D70C33380>.Release() -> 1
2026-06-03 16:46:37,901 - comtypes._comobject - DEBUG - <comtypes.client._events.CreateEventReceiver.<locals>.Sink object at 0x0000029D70C33380>.AddRef() -> 2
2026-06-03 16:46:37,901 - comtypes._vtbl - DEBUG - unimplemented method _ISpeechVoiceEvents_Phoneme called
2026-06-03 16:46:37,901 - comtypes._comobject - DEBUG - <comtypes.client._events.CreateEventReceiver.<locals>.Sink object at 0x0000029D70C33380>.Release() -> 1
2026-06-03 16:46:37,901 - comtypes._comobject - DEBUG - <comtypes.client._events.CreateEventReceiver.<locals>.Sink object at 0x0000029D70C33380>.AddRef() -> 2
2026-06-03 16:46:37,901 - comtypes._vtbl - DEBUG - unimplemented method _ISpeechVoiceEvents_Viseme called
2026-06-03 16:46:37,901 - comtypes._comobject - DEBUG - <comtypes.client._events.CreateEventReceiver.<locals>.Sink object at 0x0000029D70C33380>.Release() -> 1
2026-06-03 16:46:37,952 - comtypes._comobject - DEBUG - <comtypes.client._events.CreateEventReceiver.<locals>.Sink object at 0x0000029D70C33380>.AddRef() -> 2
2026-06-03 16:46:37,952 - comtypes._vtbl - DEBUG - unimplemented method _ISpeechVoiceEvents_Phoneme called
2026-06-03 16:46:37,952 - comtypes._comobject - DEBUG - <comtypes.client._events.CreateEventReceiver.<locals>.Sink object at 0x0000029D70C33380>.Release() -> 1
2026-06-03 16:46:37,952 - comtypes._comobject - DEBUG - <comtypes.client._events.CreateEventReceiver.<locals>.Sink object at 0x0000029D70C33380>.AddRef() -> 2
2026-06-03 16:46:37,952 - comtypes._vtbl - DEBUG - unimplemented method _ISpeechVoiceEvents_Viseme called
2026-06-03 16:46:37,952 - comtypes._comobject - DEBUG - <comtypes.client._events.CreateEventReceiver.<locals>.Sink object at 0x0000029D70C33380>.Release() -> 1
2026-06-03 16:46:38,053 - comtypes._comobject - DEBUG - <comtypes.client._events.CreateEventReceiver.<locals>.Sink object at 0x0000029D70C33380>.AddRef() -> 2
2026-06-03 16:46:38,053 - comtypes._comobject - DEBUG - <comtypes.client._events.CreateEventReceiver.<locals>.Sink object at 0x0000029D70C33380>.Release() -> 1
2026-06-03 16:46:38,053 - comtypes._comobject - DEBUG - <comtypes.client._events.CreateEventReceiver.<locals>.Sink object at 0x0000029D70C33380>.AddRef() -> 2
2026-06-03 16:46:38,053 - comtypes._vtbl - DEBUG - unimplemented method _ISpeechVoiceEvents_Phoneme called
2026-06-03 16:46:38,053 - comtypes._comobject - DEBUG - <comtypes.client._events.CreateEventReceiver.<locals>.Sink object at 0x0000029D70C33380>.Release() -> 1
2026-06-03 16:46:38,053 - comtypes._comobject - DEBUG - <comtypes.client._events.CreateEventReceiver.<locals>.Sink object at 0x0000029D70C33380>.AddRef() -> 2
2026-06-03 16:46:38,053 - comtypes._vtbl - DEBUG - unimplemented method _ISpeechVoiceEvents_Viseme called
2026-06-03 16:46:38,053 - comtypes._comobject - DEBUG - <comtypes.client._events.CreateEventReceiver.<locals>.Sink object at 0x0000029D70C33380>.Release() -> 1
2026-06-03 16:46:38,104 - comtypes._comobject - DEBUG - <comtypes.client._events.CreateEventReceiver.<locals>.Sink object at 0x0000029D70C33380>.AddRef() -> 2
2026-06-03 16:46:38,104 - comtypes._vtbl - DEBUG - unimplemented method _ISpeechVoiceEvents_Phoneme called
2026-06-03 16:46:38,104 - comtypes._comobject - DEBUG - <comtypes.client._events.CreateEventReceiver.<locals>.Sink object at 0x0000029D70C33380>.Release() -> 1
2026-06-03 16:46:38,104 - comtypes._comobject - DEBUG - <comtypes.client._events.CreateEventReceiver.<locals>.Sink object at 0x0000029D70C33380>.AddRef() -> 2
2026-06-03 16:46:38,104 - comtypes._vtbl - DEBUG - unimplemented method _ISpeechVoiceEvents_Viseme called
2026-06-03 16:46:38,104 - comtypes._comobject - DEBUG - <comtypes.client._events.CreateEventReceiver.<locals>.Sink object at 0x0000029D70C33380>.Release() -> 1
2026-06-03 16:46:38,155 - comtypes._comobject - DEBUG - <comtypes.client._events.CreateEventReceiver.<locals>.Sink object at 0x0000029D70C33380>.AddRef() -> 2
2026-06-03 16:46:38,155 - comtypes._vtbl - DEBUG - unimplemented method _ISpeechVoiceEvents_Phoneme called
2026-06-03 16:46:38,155 - comtypes._comobject - DEBUG - <comtypes.client._events.CreateEventReceiver.<locals>.Sink object at 0x0000029D70C33380>.Release() -> 1
2026-06-03 16:46:38,155 - comtypes._comobject - DEBUG - <comtypes.client._events.CreateEventReceiver.<locals>.Sink object at 0x0000029D70C33380>.AddRef() -> 2
2026-06-03 16:46:38,155 - comtypes._vtbl - DEBUG - unimplemented method _ISpeechVoiceEvents_Viseme called
2026-06-03 16:46:38,155 - comtypes._comobject - DEBUG - <comtypes.client._events.CreateEventReceiver.<locals>.Sink object at 0x0000029D70C33380>.Release() -> 1
2026-06-03 16:46:38,181 - runtime.wake_listener - INFO - Speech recognition and microphone initialized successfully
2026-06-03 16:46:38,181 - runtime.wake_listener - INFO - Fixed energy threshold set to: 200
2026-06-03 16:46:38,181 - runtime.runtime_manager - INFO - Runtime manager initialized successfully
2026-06-03 16:46:38,181 - runtime.hotkey_manager - INFO - Initializing hotkey manager
2026-06-03 16:46:38,182 - runtime.hotkey_manager - DEBUG - Keyboard library imported successfully
2026-06-03 16:46:38,232 - integration.speech_listener - INFO - Microphone initialized successfully!
2026-06-03 16:46:38,256 - comtypes._comobject - DEBUG - <comtypes.client._events.CreateEventReceiver.<locals>.Sink object at 0x0000029D70C33380>.AddRef() -> 2
2026-06-03 16:46:38,256 - comtypes._vtbl - DEBUG - unimplemented method _ISpeechVoiceEvents_Phoneme called
2026-06-03 16:46:38,256 - comtypes._comobject - DEBUG - <comtypes.client._events.CreateEventReceiver.<locals>.Sink object at 0x0000029D70C33380>.Release() -> 1
2026-06-03 16:46:38,256 - comtypes._comobject - DEBUG - <comtypes.client._events.CreateEventReceiver.<locals>.Sink object at 0x0000029D70C33380>.AddRef() -> 2
2026-06-03 16:46:38,257 - comtypes._vtbl - DEBUG - unimplemented method _ISpeechVoiceEvents_Viseme called
2026-06-03 16:46:38,257 - comtypes._comobject - DEBUG - <comtypes.client._events.CreateEventReceiver.<locals>.Sink object at 0x0000029D70C33380>.Release() -> 1
2026-06-03 16:46:38,288 - runtime.hotkey_manager - INFO - Hotkey listener started (CTRL+P registered)
2026-06-03 16:46:38,458 - integration.speech_listener - INFO - Adjusting for ambient noise...
2026-06-03 16:46:38,459 - comtypes._comobject - DEBUG - <comtypes.client._events.CreateEventReceiver.<locals>.Sink object at 0x0000029D70C33380>.AddRef() -> 2
2026-06-03 16:46:38,459 - comtypes._vtbl - DEBUG - unimplemented method _ISpeechVoiceEvents_Phoneme called
2026-06-03 16:46:38,459 - comtypes._comobject - DEBUG - <comtypes.client._events.CreateEventReceiver.<locals>.Sink object at 0x0000029D70C33380>.Release() -> 1
2026-06-03 16:46:38,459 - comtypes._comobject - DEBUG - <comtypes.client._events.CreateEventReceiver.<locals>.Sink object at 0x0000029D70C33380>.AddRef() -> 2
2026-06-03 16:46:38,459 - comtypes._vtbl - DEBUG - unimplemented method _ISpeechVoiceEvents_Viseme called
2026-06-03 16:46:38,459 - comtypes._comobject - DEBUG - <comtypes.client._events.CreateEventReceiver.<locals>.Sink object at 0x0000029D70C33380>.Release() -> 1
2026-06-03 16:46:38,459 - comtypes._comobject - DEBUG - <comtypes.client._events.CreateEventReceiver.<locals>.Sink object at 0x0000029D70C33380>.AddRef() -> 2
2026-06-03 16:46:38,460 - comtypes._vtbl - DEBUG - unimplemented method _ISpeechVoiceEvents_Phoneme called
2026-06-03 16:46:38,460 - comtypes._comobject - DEBUG - <comtypes.client._events.CreateEventReceiver.<locals>.Sink object at 0x0000029D70C33380>.Release() -> 1
2026-06-03 16:46:38,460 - comtypes._comobject - DEBUG - <comtypes.client._events.CreateEventReceiver.<locals>.Sink object at 0x0000029D70C33380>.AddRef() -> 2
2026-06-03 16:46:38,460 - comtypes._vtbl - DEBUG - unimplemented method _ISpeechVoiceEvents_Viseme called
2026-06-03 16:46:38,460 - comtypes._comobject - DEBUG - <comtypes.client._events.CreateEventReceiver.<locals>.Sink object at 0x0000029D70C33380>.Release() -> 1
2026-06-03 16:46:39,840 - comtypes._comobject - DEBUG - <comtypes.client._events.CreateEventReceiver.<locals>.Sink object at 0x0000029D70C33380>.AddRef() -> 2
2026-06-03 16:46:39,840 - comtypes._vtbl - DEBUG - unimplemented method _ISpeechVoiceEvents_Phoneme called
2026-06-03 16:46:39,840 - comtypes._comobject - DEBUG - <comtypes.client._events.CreateEventReceiver.<locals>.Sink object at 0x0000029D70C33380>.Release() -> 1
2026-06-03 16:46:39,840 - comtypes._comobject - DEBUG - <comtypes.client._events.CreateEventReceiver.<locals>.Sink object at 0x0000029D70C33380>.AddRef() -> 2
2026-06-03 16:46:39,840 - comtypes._vtbl - DEBUG - unimplemented method _ISpeechVoiceEvents_Viseme called
2026-06-03 16:46:39,840 - comtypes._comobject - DEBUG - <comtypes.client._events.CreateEventReceiver.<locals>.Sink object at 0x0000029D70C33380>.Release() -> 1
2026-06-03 16:46:39,941 - comtypes._comobject - DEBUG - <comtypes.client._events.CreateEventReceiver.<locals>.Sink object at 0x0000029D70C33380>.AddRef() -> 2
2026-06-03 16:46:39,941 - comtypes._vtbl - DEBUG - unimplemented method _ISpeechVoiceEvents_Viseme called
2026-06-03 16:46:39,942 - comtypes._comobject - DEBUG - <comtypes.client._events.CreateEventReceiver.<locals>.Sink object at 0x0000029D70C33380>.Release() -> 1
2026-06-03 16:46:39,992 - comtypes._comobject - DEBUG - <comtypes.client._events.CreateEventReceiver.<locals>.Sink object at 0x0000029D70C33380>.AddRef() -> 2
2026-06-03 16:46:39,992 - comtypes._vtbl - DEBUG - unimplemented method _ISpeechVoiceEvents_Phoneme called
2026-06-03 16:46:39,993 - comtypes._comobject - DEBUG - <comtypes.client._events.CreateEventReceiver.<locals>.Sink object at 0x0000029D70C33380>.Release() -> 1
2026-06-03 16:46:39,993 - comtypes._comobject - DEBUG - <comtypes.client._events.CreateEventReceiver.<locals>.Sink object at 0x0000029D70C33380>.AddRef() -> 2
2026-06-03 16:46:39,993 - comtypes._vtbl - DEBUG - unimplemented method _ISpeechVoiceEvents_Viseme called
2026-06-03 16:46:39,993 - comtypes._comobject - DEBUG - <comtypes.client._events.CreateEventReceiver.<locals>.Sink object at 0x0000029D70C33380>.Release() -> 1
2026-06-03 16:46:40,095 - comtypes._comobject - DEBUG - <comtypes.client._events.CreateEventReceiver.<locals>.Sink object at 0x0000029D70C33380>.AddRef() -> 2
2026-06-03 16:46:40,095 - comtypes._vtbl - DEBUG - unimplemented method _ISpeechVoiceEvents_Phoneme called
2026-06-03 16:46:40,095 - comtypes._comobject - DEBUG - <comtypes.client._events.CreateEventReceiver.<locals>.Sink object at 0x0000029D70C33380>.Release() -> 1
2026-06-03 16:46:40,095 - comtypes._comobject - DEBUG - <comtypes.client._events.CreateEventReceiver.<locals>.Sink object at 0x0000029D70C33380>.AddRef() -> 2
2026-06-03 16:46:40,095 - comtypes._vtbl - DEBUG - unimplemented method _ISpeechVoiceEvents_Viseme called
2026-06-03 16:46:40,095 - comtypes._comobject - DEBUG - <comtypes.client._events.CreateEventReceiver.<locals>.Sink object at 0x0000029D70C33380>.Release() -> 1
2026-06-03 16:46:40,146 - comtypes._comobject - DEBUG - <comtypes.client._events.CreateEventReceiver.<locals>.Sink object at 0x0000029D70C33380>.AddRef() -> 2
2026-06-03 16:46:40,146 - comtypes._comobject - DEBUG - <comtypes.client._events.CreateEventReceiver.<locals>.Sink object at 0x0000029D70C33380>.Release() -> 1
2026-06-03 16:46:40,146 - comtypes._comobject - DEBUG - <comtypes.client._events.CreateEventReceiver.<locals>.Sink object at 0x0000029D70C33380>.AddRef() -> 2
2026-06-03 16:46:40,146 - comtypes._vtbl - DEBUG - unimplemented method _ISpeechVoiceEvents_Phoneme called
2026-06-03 16:46:40,146 - comtypes._comobject - DEBUG - <comtypes.client._events.CreateEventReceiver.<locals>.Sink object at 0x0000029D70C33380>.Release() -> 1
2026-06-03 16:46:40,146 - comtypes._comobject - DEBUG - <comtypes.client._events.CreateEventReceiver.<locals>.Sink object at 0x0000029D70C33380>.AddRef() -> 2
2026-06-03 16:46:40,146 - comtypes._vtbl - DEBUG - unimplemented method _ISpeechVoiceEvents_Viseme called
2026-06-03 16:46:40,146 - comtypes._comobject - DEBUG - <comtypes.client._events.CreateEventReceiver.<locals>.Sink object at 0x0000029D70C33380>.Release() -> 1
2026-06-03 16:46:40,247 - comtypes._comobject - DEBUG - <comtypes.client._events.CreateEventReceiver.<locals>.Sink object at 0x0000029D70C33380>.AddRef() -> 2
2026-06-03 16:46:40,331 - comtypes._vtbl - DEBUG - unimplemented method _ISpeechVoiceEvents_Phoneme called
2026-06-03 16:46:40,331 - comtypes._comobject - DEBUG - <comtypes.client._events.CreateEventReceiver.<locals>.Sink object at 0x0000029D70C33380>.Release() -> 1
2026-06-03 16:46:40,331 - comtypes._comobject - DEBUG - <comtypes.client._events.CreateEventReceiver.<locals>.Sink object at 0x0000029D70C33380>.AddRef() -> 2
2026-06-03 16:46:40,332 - comtypes._vtbl - DEBUG - unimplemented method _ISpeechVoiceEvents_Viseme called
2026-06-03 16:46:40,332 - comtypes._comobject - DEBUG - <comtypes.client._events.CreateEventReceiver.<locals>.Sink object at 0x0000029D70C33380>.Release() -> 1
2026-06-03 16:46:40,332 - comtypes._comobject - DEBUG - <comtypes.client._events.CreateEventReceiver.<locals>.Sink object at 0x0000029D70C33380>.AddRef() -> 2
2026-06-03 16:46:40,332 - comtypes._comobject - DEBUG - <comtypes.client._events.CreateEventReceiver.<locals>.Sink object at 0x0000029D70C33380>.Release() -> 1
2026-06-03 16:46:40,332 - comtypes._comobject - DEBUG - <comtypes.client._events.CreateEventReceiver.<locals>.Sink object at 0x0000029D70C33380>.AddRef() -> 2
2026-06-03 16:46:40,332 - comtypes._vtbl - DEBUG - unimplemented method _ISpeechVoiceEvents_Phoneme called
2026-06-03 16:46:40,332 - comtypes._comobject - DEBUG - <comtypes.client._events.CreateEventReceiver.<locals>.Sink object at 0x0000029D70C33380>.Release() -> 1
2026-06-03 16:46:40,332 - comtypes._comobject - DEBUG - <comtypes.client._events.CreateEventReceiver.<locals>.Sink object at 0x0000029D70C33380>.AddRef() -> 2
2026-06-03 16:46:40,333 - comtypes._vtbl - DEBUG - unimplemented method _ISpeechVoiceEvents_Viseme called
2026-06-03 16:46:40,333 - comtypes._comobject - DEBUG - <comtypes.client._events.CreateEventReceiver.<locals>.Sink object at 0x0000029D70C33380>.Release() -> 1
2026-06-03 16:46:40,383 - comtypes._comobject - DEBUG - <comtypes.client._events.CreateEventReceiver.<locals>.Sink object at 0x0000029D70C33380>.AddRef() -> 2
2026-06-03 16:46:40,383 - comtypes._vtbl - DEBUG - unimplemented method _ISpeechVoiceEvents_Phoneme called
2026-06-03 16:46:40,383 - comtypes._comobject - DEBUG - <comtypes.client._events.CreateEventReceiver.<locals>.Sink object at 0x0000029D70C33380>.Release() -> 1
2026-06-03 16:46:40,384 - comtypes._comobject - DEBUG - <comtypes.client._events.CreateEventReceiver.<locals>.Sink object at 0x0000029D70C33380>.AddRef() -> 2
2026-06-03 16:46:40,384 - comtypes._vtbl - DEBUG - unimplemented method _ISpeechVoiceEvents_Viseme called
2026-06-03 16:46:40,384 - comtypes._comobject - DEBUG - <comtypes.client._events.CreateEventReceiver.<locals>.Sink object at 0x0000029D70C33380>.Release() -> 1
2026-06-03 16:46:40,434 - comtypes._comobject - DEBUG - <comtypes.client._events.CreateEventReceiver.<locals>.Sink object at 0x0000029D70C33380>.AddRef() -> 2
2026-06-03 16:46:40,434 - comtypes._vtbl - DEBUG - unimplemented method _ISpeechVoiceEvents_Phoneme called
2026-06-03 16:46:40,434 - comtypes._comobject - DEBUG - <comtypes.client._events.CreateEventReceiver.<locals>.Sink object at 0x0000029D70C33380>.Release() -> 1
2026-06-03 16:46:40,434 - comtypes._comobject - DEBUG - <comtypes.client._events.CreateEventReceiver.<locals>.Sink object at 0x0000029D70C33380>.AddRef() -> 2
2026-06-03 16:46:40,434 - comtypes._vtbl - DEBUG - unimplemented method _ISpeechVoiceEvents_Viseme called
2026-06-03 16:46:40,434 - comtypes._comobject - DEBUG - <comtypes.client._events.CreateEventReceiver.<locals>.Sink object at 0x0000029D70C33380>.Release() -> 1
2026-06-03 16:46:40,535 - comtypes._comobject - DEBUG - <comtypes.client._events.CreateEventReceiver.<locals>.Sink object at 0x0000029D70C33380>.AddRef() -> 2
2026-06-03 16:46:40,535 - comtypes._vtbl - DEBUG - unimplemented method _ISpeechVoiceEvents_Phoneme called
2026-06-03 16:46:40,535 - comtypes._comobject - DEBUG - <comtypes.client._events.CreateEventReceiver.<locals>.Sink object at 0x0000029D70C33380>.Release() -> 1
2026-06-03 16:46:40,535 - comtypes._comobject - DEBUG - <comtypes.client._events.CreateEventReceiver.<locals>.Sink object at 0x0000029D70C33380>.AddRef() -> 2
2026-06-03 16:46:40,535 - comtypes._vtbl - DEBUG - unimplemented method _ISpeechVoiceEvents_Viseme called
2026-06-03 16:46:40,535 - comtypes._comobject - DEBUG - <comtypes.client._events.CreateEventReceiver.<locals>.Sink object at 0x0000029D70C33380>.Release() -> 1
2026-06-03 16:46:40,686 - comtypes._comobject - DEBUG - <comtypes.client._events.CreateEventReceiver.<locals>.Sink object at 0x0000029D70C33380>.AddRef() -> 2
2026-06-03 16:46:40,686 - comtypes._vtbl - DEBUG - unimplemented method _ISpeechVoiceEvents_Phoneme called
2026-06-03 16:46:40,686 - comtypes._comobject - DEBUG - <comtypes.client._events.CreateEventReceiver.<locals>.Sink object at 0x0000029D70C33380>.Release() -> 1
2026-06-03 16:46:40,686 - comtypes._comobject - DEBUG - <comtypes.client._events.CreateEventReceiver.<locals>.Sink object at 0x0000029D70C33380>.AddRef() -> 2
2026-06-03 16:46:40,686 - comtypes._vtbl - DEBUG - unimplemented method _ISpeechVoiceEvents_Viseme called
2026-06-03 16:46:40,687 - comtypes._comobject - DEBUG - <comtypes.client._events.CreateEventReceiver.<locals>.Sink object at 0x0000029D70C33380>.Release() -> 1
2026-06-03 16:46:40,778 - integration.speech_listener - INFO - Energy threshold set to: 2378.8987677619352
2026-06-03 16:46:40,795 - integration.speech_listener - INFO - Speech listener started!
2026-06-03 16:46:40,796 - integration.speech_listener - DEBUG - Listening for wake word...
2026-06-03 16:46:40,796 - runtime.idle_controller - DEBUG - Idle controller: idle state - optimizing resources
2026-06-03 16:46:40,796 - runtime.runtime_manager - INFO - Starting JARVIS runtime service
2026-06-03 16:46:40,796 - runtime.background_service - INFO - Starting background service
2026-06-03 16:46:40,796 - asyncio - DEBUG - Using proactor: IocpProactor
2026-06-03 16:46:40,797 - runtime.background_service - INFO - Entering idle loop
2026-06-03 16:46:41,408 - comtypes._comobject - DEBUG - <comtypes.client._events.CreateEventReceiver.<locals>.Sink object at 0x0000029D70C33380>.AddRef() -> 2
2026-06-03 16:46:41,408 - comtypes._comobject - DEBUG - <comtypes.client._events.CreateEventReceiver.<locals>.Sink object at 0x0000029D70C33380>.Release() -> 1
2026-06-03 16:46:41,459 - __main__ - INFO - TTS FINISHED SPEAKING (SUCCESS!)
2026-06-03 16:46:41,796 - runtime.idle_controller - DEBUG - Idle controller: idle state - optimizing resources
2026-06-03 16:46:42,796 - runtime.idle_controller - DEBUG - Idle controller: idle state - optimizing resources
2026-06-03 16:46:43,797 - runtime.idle_controller - DEBUG - Idle controller: idle state - optimizing resources
2026-06-03 16:46:44,798 - runtime.idle_controller - DEBUG - Idle controller: idle state - optimizing resources
2026-06-03 16:46:45,799 - runtime.idle_controller - DEBUG - Idle controller: idle state - optimizing resources
2026-06-03 16:46:46,934 - runtime.idle_controller - DEBUG - Idle controller: idle state - optimizing resources
2026-06-03 16:46:48,152 - runtime.idle_controller - DEBUG - Idle controller: idle state - optimizing resources
2026-06-03 16:46:48,487 - integration.speech_listener - DEBUG - Didn't understand wake word
2026-06-03 16:46:48,487 - integration.speech_listener - DEBUG - Listening for wake word...
2026-06-03 16:46:49,153 - runtime.idle_controller - DEBUG - Idle controller: idle state - optimizing resources
2026-06-03 16:46:50,153 - runtime.idle_controller - DEBUG - Idle controller: idle state - optimizing resources
2026-06-03 16:46:51,154 - runtime.idle_controller - DEBUG - Idle controller: idle state - optimizing resources
2026-06-03 16:46:52,154 - runtime.idle_controller - DEBUG - Idle controller: idle state - optimizing resources
2026-06-03 16:46:52,477 - integration.speech_listener - DEBUG - Didn't understand wake word
2026-06-03 16:46:52,478 - integration.speech_listener - DEBUG - Listening for wake word...
2026-06-03 16:46:53,155 - runtime.idle_controller - DEBUG - Idle controller: idle state - optimizing resources
2026-06-03 16:46:54,155 - runtime.idle_controller - DEBUG - Idle controller: idle state - optimizing resources
2026-06-03 16:46:55,156 - runtime.idle_controller - DEBUG - Idle controller: idle state - optimizing resources
2026-06-03 16:46:56,156 - runtime.idle_controller - DEBUG - Idle controller: idle state - optimizing resources
2026-06-03 16:46:57,157 - runtime.idle_controller - DEBUG - Idle controller: idle state - optimizing resources
2026-06-03 16:46:57,356 - integration.speech_listener - DEBUG - Didn't understand wake word
2026-06-03 16:46:57,356 - integration.speech_listener - DEBUG - Listening for wake word...
2026-06-03 16:46:58,157 - runtime.idle_controller - DEBUG - Idle controller: idle state - optimizing resources
2026-06-03 16:46:59,158 - runtime.idle_controller - DEBUG - Idle controller: idle state - optimizing resources
2026-06-03 16:47:00,159 - runtime.idle_controller - DEBUG - Idle controller: idle state - optimizing resources
2026-06-03 16:47:01,159 - runtime.idle_controller - DEBUG - Idle controller: idle state - optimizing resources
2026-06-03 16:47:01,900 - integration.speech_listener - DEBUG - Heard: what are you doing
2026-06-03 16:47:01,900 - integration.speech_listener - DEBUG - Listening for wake word...
2026-06-03 16:47:02,159 - runtime.idle_controller - DEBUG - Idle controller: idle state - optimizing resources
2026-06-03 16:47:03,182 - runtime.idle_controller - DEBUG - Idle controller: idle state - optimizing resources
2026-06-03 16:47:03,314 - integration.speech_listener - DEBUG - Didn't understand wake word
2026-06-03 16:47:03,314 - integration.speech_listener - DEBUG - Listening for wake word...
2026-06-03 16:47:04,188 - runtime.idle_controller - DEBUG - Idle controller: idle state - optimizing resources
2026-06-03 16:47:05,190 - runtime.idle_controller - DEBUG - Idle controller: idle state - optimizing resources
2026-06-03 16:47:06,190 - runtime.idle_controller - DEBUG - Idle controller: idle state - optimizing resources
2026-06-03 16:47:06,558 - integration.speech_listener - DEBUG - Didn't understand wake word
2026-06-03 16:47:06,558 - integration.speech_listener - DEBUG - Listening for wake word...
2026-06-03 16:47:07,191 - runtime.idle_controller - DEBUG - Idle controller: idle state - optimizing resources
2026-06-03 16:47:08,191 - runtime.idle_controller - DEBUG - Idle controller: idle state - optimizing resources
2026-06-03 16:47:09,192 - runtime.idle_controller - DEBUG - Idle controller: idle state - optimizing resources
2026-06-03 16:47:10,171 - integration.speech_listener - DEBUG - Didn't understand wake word
2026-06-03 16:47:10,193 - runtime.idle_controller - DEBUG - Idle controller: idle state - optimizing resources
2026-06-03 16:47:10,250 - integration.speech_listener - DEBUG - Listening for wake word...
2026-06-03 16:47:11,252 - runtime.idle_controller - DEBUG - Idle controller: idle state - optimizing resources
2026-06-03 16:47:12,252 - runtime.idle_controller - DEBUG - Idle controller: idle state - optimizing resources
2026-06-03 16:47:12,813 - integration.speech_listener - DEBUG - Didn't understand wake word
2026-06-03 16:47:12,813 - integration.speech_listener - DEBUG - Listening for wake word...
2026-06-03 16:47:13,252 - runtime.idle_controller - DEBUG - Idle controller: idle state - optimizing resources
2026-06-03 16:47:14,068 - integration.speech_listener - DEBUG - Didn't understand wake word
2026-06-03 16:47:14,068 - integration.speech_listener - DEBUG - Listening for wake word...
2026-06-03 16:47:14,253 - runtime.idle_controller - DEBUG - Idle controller: idle state - optimizing resources
2026-06-03 16:47:15,296 - runtime.idle_controller - DEBUG - Idle controller: idle state - optimizing resources
2026-06-03 16:47:16,296 - runtime.idle_controller - DEBUG - Idle controller: idle state - optimizing resources
2026-06-03 16:47:17,296 - runtime.idle_controller - DEBUG - Idle controller: idle state - optimizing resources
2026-06-03 16:47:18,297 - runtime.idle_controller - DEBUG - Idle controller: idle state - optimizing resources
2026-06-03 16:47:19,297 - runtime.idle_controller - DEBUG - Idle controller: idle state - optimizing resources
2026-06-03 16:47:20,298 - runtime.idle_controller - DEBUG - Idle controller: idle state - optimizing resources
2026-06-03 16:47:21,298 - runtime.idle_controller - DEBUG - Idle controller: idle state - optimizing resources
2026-06-03 16:47:22,299 - runtime.idle_controller - DEBUG - Idle controller: idle state - optimizing resources
2026-06-03 16:47:23,299 - runtime.idle_controller - DEBUG - Idle controller: idle state - optimizing resources
2026-06-03 16:47:24,300 - runtime.idle_controller - DEBUG - Idle controller: idle state - optimizing resources
2026-06-03 16:47:25,300 - runtime.idle_controller - DEBUG - Idle controller: idle state - optimizing resources
2026-06-03 16:47:26,301 - runtime.idle_controller - DEBUG - Idle controller: idle state - optimizing resources
2026-06-03 16:47:27,301 - runtime.idle_controller - DEBUG - Idle controller: idle state - optimizing resources
2026-06-03 16:47:28,302 - runtime.idle_controller - DEBUG - Idle controller: idle state - optimizing resources
2026-06-03 16:47:29,303 - runtime.idle_controller - DEBUG - Idle controller: idle state - optimizing resources
2026-06-03 16:47:30,358 - runtime.idle_controller - DEBUG - Idle controller: idle state - optimizing resources
2026-06-03 16:47:31,358 - runtime.idle_controller - DEBUG - Idle controller: idle state - optimizing resources
2026-06-03 16:47:32,359 - runtime.idle_controller - DEBUG - Idle controller: idle state - optimizing resources
2026-06-03 16:47:33,359 - runtime.idle_controller - DEBUG - Idle controller: idle state - optimizing resources
2026-06-03 16:47:33,369 - integration.speech_listener - DEBUG - Didn't understand wake word
2026-06-03 16:47:33,369 - integration.speech_listener - DEBUG - Listening for wake word...
2026-06-03 16:47:34,360 - runtime.idle_controller - DEBUG - Idle controller: idle state - optimizing resources
2026-06-03 16:47:35,360 - runtime.idle_controller - DEBUG - Idle controller: idle state - optimizing resources
2026-06-03 16:47:36,361 - runtime.idle_controller - DEBUG - Idle controller: idle state - optimizing resources
2026-06-03 16:47:37,361 - runtime.idle_controller - DEBUG - Idle controller: idle state - optimizing resources
2026-06-03 16:47:37,416 - integration.speech_listener - DEBUG - Didn't understand wake word
2026-06-03 16:47:37,416 - integration.speech_listener - DEBUG - Listening for wake word...
2026-06-03 16:47:38,362 - runtime.idle_controller - DEBUG - Idle controller: idle state - optimizing resources
2026-06-03 16:47:39,362 - runtime.idle_controller - DEBUG - Idle controller: idle state - optimizing resources
2026-06-03 16:47:39,600 - integration.speech_listener - DEBUG - Didn't understand wake word
2026-06-03 16:47:39,602 - integration.speech_listener - DEBUG - Listening for wake word...
2026-06-03 16:47:40,362 - runtime.idle_controller - DEBUG - Idle controller: idle state - optimizing resources
2026-06-03 16:47:41,362 - runtime.idle_controller - DEBUG - Idle controller: idle state - optimizing resources
2026-06-03 16:47:42,363 - runtime.idle_controller - DEBUG - Idle controller: idle state - optimizing resources
2026-06-03 16:47:43,363 - runtime.idle_controller - DEBUG - Idle controller: idle state - optimizing resources
2026-06-03 16:47:43,524 - integration.speech_listener - DEBUG - Didn't understand wake word
2026-06-03 16:47:43,524 - integration.speech_listener - DEBUG - Listening for wake word...
2026-06-03 16:47:44,364 - runtime.idle_controller - DEBUG - Idle controller: idle state - optimizing resources
2026-06-03 16:47:45,364 - runtime.idle_controller - DEBUG - Idle controller: idle state - optimizing resources
2026-06-03 16:47:46,130 - integration.speech_listener - DEBUG - Didn't understand wake word
2026-06-03 16:47:46,130 - integration.speech_listener - DEBUG - Listening for wake word...
2026-06-03 16:47:46,364 - runtime.idle_controller - DEBUG - Idle controller: idle state - optimizing resources
2026-06-03 16:47:47,365 - runtime.idle_controller - DEBUG - Idle controller: idle state - optimizing resources
2026-06-03 16:47:48,365 - runtime.idle_controller - DEBUG - Idle controller: idle state - optimizing resources
2026-06-03 16:47:49,366 - runtime.idle_controller - DEBUG - Idle controller: idle state - optimizing resources
2026-06-03 16:47:49,863 - integration.speech_listener - DEBUG - Didn't understand wake word
2026-06-03 16:47:49,863 - integration.speech_listener - DEBUG - Listening for wake word...
2026-06-03 16:47:50,366 - runtime.idle_controller - DEBUG - Idle controller: idle state - optimizing resources
2026-06-03 16:47:51,367 - runtime.idle_controller - DEBUG - Idle controller: idle state - optimizing resources
2026-06-03 16:47:52,367 - runtime.idle_controller - DEBUG - Idle controller: idle state - optimizing resources
2026-06-03 16:47:53,368 - runtime.idle_controller - DEBUG - Idle controller: idle state - optimizing resources
2026-06-03 16:47:54,368 - runtime.idle_controller - DEBUG - Idle controller: idle state - optimizing resources
2026-06-03 16:47:55,369 - runtime.idle_controller - DEBUG - Idle controller: idle state - optimizing resources
2026-06-03 16:47:56,369 - runtime.idle_controller - DEBUG - Idle controller: idle state - optimizing resources
2026-06-03 16:47:57,370 - runtime.idle_controller - DEBUG - Idle controller: idle state - optimizing resources
2026-06-03 16:47:58,370 - runtime.idle_controller - DEBUG - Idle controller: idle state - optimizing resources
2026-06-03 16:47:59,371 - runtime.idle_controller - DEBUG - Idle controller: idle state - optimizing resources
2026-06-03 16:48:00,371 - runtime.idle_controller - DEBUG - Idle controller: idle state - optimizing resources
2026-06-03 16:48:01,372 - runtime.idle_controller - DEBUG - Idle controller: idle state - optimizing resources
2026-06-03 16:48:02,256 - integration.speech_listener - DEBUG - Didn't understand wake word
2026-06-03 16:48:02,257 - integration.speech_listener - DEBUG - Listening for wake word...
2026-06-03 16:48:02,372 - runtime.idle_controller - DEBUG - Idle controller: idle state - optimizing resources
2026-06-03 16:48:03,372 - runtime.idle_controller - DEBUG - Idle controller: idle state - optimizing resources
2026-06-03 16:48:04,373 - runtime.idle_controller - DEBUG - Idle controller: idle state - optimizing resources
2026-06-03 16:48:05,373 - runtime.idle_controller - DEBUG - Idle controller: idle state - optimizing resources
2026-06-03 16:48:06,374 - runtime.idle_controller - DEBUG - Idle controller: idle state - optimizing resources
2026-06-03 16:48:07,374 - runtime.idle_controller - DEBUG - Idle controller: idle state - optimizing resources
2026-06-03 16:48:07,862 - integration.speech_listener - DEBUG - Didn't understand wake word
2026-06-03 16:48:07,862 - integration.speech_listener - DEBUG - Listening for wake word...
2026-06-03 16:48:08,375 - runtime.idle_controller - DEBUG - Idle controller: idle state - optimizing resources
2026-06-03 16:48:09,375 - runtime.idle_controller - DEBUG - Idle controller: idle state - optimizing resources
2026-06-03 16:48:10,376 - runtime.idle_controller - DEBUG - Idle controller: idle state - optimizing resources
2026-06-03 16:48:11,376 - runtime.idle_controller - DEBUG - Idle controller: idle state - optimizing resources
2026-06-03 16:48:12,377 - runtime.idle_controller - DEBUG - Idle controller: idle state - optimizing resources
2026-06-03 16:48:13,378 - runtime.idle_controller - DEBUG - Idle controller: idle state - optimizing resources
2026-06-03 16:48:14,378 - runtime.idle_controller - DEBUG - Idle controller: idle state - optimizing resources
2026-06-03 16:48:15,379 - runtime.idle_controller - DEBUG - Idle controller: idle state - optimizing resources
2026-06-03 16:48:16,379 - runtime.idle_controller - DEBUG - Idle controller: idle state - optimizing resources
2026-06-03 16:48:17,380 - runtime.idle_controller - DEBUG - Idle controller: idle state - optimizing resources
2026-06-03 16:48:18,380 - runtime.idle_controller - DEBUG - Idle controller: idle state - optimizing resources
2026-06-03 16:48:19,433 - runtime.idle_controller - DEBUG - Idle controller: idle state - optimizing resources
2026-06-03 16:48:20,434 - runtime.idle_controller - DEBUG - Idle controller: idle state - optimizing resources
2026-06-03 16:48:21,434 - runtime.idle_controller - DEBUG - Idle controller: idle state - optimizing resources
2026-06-03 16:48:22,435 - runtime.idle_controller - DEBUG - Idle controller: idle state - optimizing resources
2026-06-03 16:48:23,435 - runtime.idle_controller - DEBUG - Idle controller: idle state - optimizing resources
2026-06-03 16:48:24,181 - integration.speech_listener - DEBUG - Didn't understand wake word
2026-06-03 16:48:24,181 - integration.speech_listener - DEBUG - Listening for wake word...
2026-06-03 16:48:24,436 - runtime.idle_controller - DEBUG - Idle controller: idle state - optimizing resources
2026-06-03 16:48:25,436 - runtime.idle_controller - DEBUG - Idle controller: idle state - optimizing resources
2026-06-03 16:48:26,437 - runtime.idle_controller - DEBUG - Idle controller: idle state - optimizing resources
2026-06-03 16:48:27,437 - runtime.idle_controller - DEBUG - Idle controller: idle state - optimizing resources
2026-06-03 16:48:28,438 - runtime.idle_controller - DEBUG - Idle controller: idle state - optimizing resources
2026-06-03 16:48:29,438 - runtime.idle_controller - DEBUG - Idle controller: idle state - optimizing resources
2026-06-03 16:48:30,439 - runtime.idle_controller - DEBUG - Idle controller: idle state - optimizing resources
2026-06-03 16:48:30,676 - integration.speech_listener - DEBUG - Heard: hello
2026-06-03 16:48:30,676 - integration.speech_listener - DEBUG - Listening for wake word...
2026-06-03 16:48:31,439 - runtime.idle_controller - DEBUG - Idle controller: idle state - optimizing resources
2026-06-03 16:48:32,440 - runtime.idle_controller - DEBUG - Idle controller: idle state - optimizing resources
2026-06-03 16:48:33,440 - runtime.idle_controller - DEBUG - Idle controller: idle state - optimizing resources
2026-06-03 16:48:34,441 - runtime.idle_controller - DEBUG - Idle controller: idle state - optimizing resources
2026-06-03 16:48:34,777 - integration.speech_listener - DEBUG - Heard: sing me a reminder
2026-06-03 16:48:34,778 - integration.speech_listener - DEBUG - Listening for wake word...
2026-06-03 16:48:35,441 - runtime.idle_controller - DEBUG - Idle controller: idle state - optimizing resources
2026-06-03 16:48:36,442 - runtime.idle_controller - DEBUG - Idle controller: idle state - optimizing resources
2026-06-03 16:48:37,442 - runtime.idle_controller - DEBUG - Idle controller: idle state - optimizing resources
2026-06-03 16:48:38,442 - runtime.idle_controller - DEBUG - Idle controller: idle state - optimizing resources
2026-06-03 16:48:39,366 - integration.speech_listener - DEBUG - Didn't understand wake word
2026-06-03 16:48:39,367 - integration.speech_listener - DEBUG - Listening for wake word...
2026-06-03 16:48:39,443 - runtime.idle_controller - DEBUG - Idle controller: idle state - optimizing resources
2026-06-03 16:48:40,444 - runtime.idle_controller - DEBUG - Idle controller: idle state - optimizing resources
2026-06-03 16:48:41,444 - runtime.idle_controller - DEBUG - Idle controller: idle state - optimizing resources
2026-06-03 16:48:42,445 - runtime.idle_controller - DEBUG - Idle controller: idle state - optimizing resources
2026-06-03 16:48:43,445 - runtime.idle_controller - DEBUG - Idle controller: idle state - optimizing resources
2026-06-03 16:48:43,723 - integration.speech_listener - DEBUG - Heard: lg ac in my room
2026-06-03 16:48:43,723 - integration.speech_listener - DEBUG - Listening for wake word...
2026-06-03 16:48:44,446 - runtime.idle_controller - DEBUG - Idle controller: idle state - optimizing resources
2026-06-03 16:48:45,446 - runtime.idle_controller - DEBUG - Idle controller: idle state - optimizing resources
2026-06-03 16:48:46,446 - runtime.idle_controller - DEBUG - Idle controller: idle state - optimizing resources
2026-06-03 16:48:47,447 - runtime.idle_controller - DEBUG - Idle controller: idle state - optimizing resources
2026-06-03 16:48:48,447 - runtime.idle_controller - DEBUG - Idle controller: idle state - optimizing resources
2026-06-03 16:48:48,953 - integration.speech_listener - DEBUG - Didn't understand wake word
2026-06-03 16:48:48,953 - integration.speech_listener - DEBUG - Listening for wake word...
2026-06-03 16:48:49,447 - runtime.idle_controller - DEBUG - Idle controller: idle state - optimizing resources
2026-06-03 16:48:50,447 - runtime.idle_controller - DEBUG - Idle controller: idle state - optimizing resources
2026-06-03 16:48:51,279 - integration.speech_listener - DEBUG - Didn't understand wake word
2026-06-03 16:48:51,280 - integration.speech_listener - DEBUG - Listening for wake word...
2026-06-03 16:48:51,448 - runtime.idle_controller - DEBUG - Idle controller: idle state - optimizing resources
2026-06-03 16:48:52,448 - runtime.idle_controller - DEBUG - Idle controller: idle state - optimizing resources
2026-06-03 16:48:53,449 - runtime.idle_controller - DEBUG - Idle controller: idle state - optimizing resources
2026-06-03 16:48:54,450 - runtime.idle_controller - DEBUG - Idle controller: idle state - optimizing resources
2026-06-03 16:48:54,847 - integration.speech_listener - DEBUG - Didn't understand wake word
2026-06-03 16:48:54,847 - integration.speech_listener - DEBUG - Listening for wake word...
2026-06-03 16:48:55,450 - runtime.idle_controller - DEBUG - Idle controller: idle state - optimizing resources
2026-06-03 16:48:56,450 - runtime.idle_controller - DEBUG - Idle controller: idle state - optimizing resources
2026-06-03 16:48:57,451 - runtime.idle_controller - DEBUG - Idle controller: idle state - optimizing resources
2026-06-03 16:48:58,451 - runtime.idle_controller - DEBUG - Idle controller: idle state - optimizing resources
2026-06-03 16:48:58,898 - integration.speech_listener - DEBUG - Heard: din kaisa mujhe
2026-06-03 16:48:58,898 - integration.speech_listener - DEBUG - Listening for wake word...
2026-06-03 16:48:59,451 - runtime.idle_controller - DEBUG - Idle controller: idle state - optimizing resources
2026-06-03 16:49:00,452 - runtime.idle_controller - DEBUG - Idle controller: idle state - optimizing resources
2026-06-03 16:49:01,453 - runtime.idle_controller - DEBUG - Idle controller: idle state - optimizing resources
2026-06-03 16:49:01,504 - integration.speech_listener - DEBUG - Didn't understand wake word
2026-06-03 16:49:01,504 - integration.speech_listener - DEBUG - Listening for wake word...
2026-06-03 16:49:02,453 - runtime.idle_controller - DEBUG - Idle controller: idle state - optimizing resources
2026-06-03 16:49:03,453 - runtime.idle_controller - DEBUG - Idle controller: idle state - optimizing resources
2026-06-03 16:49:03,891 - integration.speech_listener - DEBUG - Heard: ok come please
2026-06-03 16:49:03,891 - integration.speech_listener - DEBUG - Listening for wake word...
2026-06-03 16:49:04,454 - runtime.idle_controller - DEBUG - Idle controller: idle state - optimizing resources
2026-06-03 16:49:05,454 - runtime.idle_controller - DEBUG - Idle controller: idle state - optimizing resources
2026-06-03 16:49:06,455 - runtime.idle_controller - DEBUG - Idle controller: idle state - optimizing resources
2026-06-03 16:49:07,463 - runtime.idle_controller - DEBUG - Idle controller: idle state - optimizing resources
2026-06-03 16:49:08,111 - integration.speech_listener - DEBUG - Didn't understand wake word
2026-06-03 16:49:08,112 - integration.speech_listener - DEBUG - Listening for wake word...
2026-06-03 16:49:08,482 - runtime.idle_controller - DEBUG - Idle controller: idle state - optimizing resources
2026-06-03 16:49:09,483 - runtime.idle_controller - DEBUG - Idle controller: idle state - optimizing resources
2026-06-03 16:49:10,483 - runtime.idle_controller - DEBUG - Idle controller: idle state - optimizing resources
2026-06-03 16:49:11,483 - runtime.idle_controller - DEBUG - Idle controller: idle state - optimizing resources
2026-06-03 16:49:12,484 - runtime.idle_controller - DEBUG - Idle controller: idle state - optimizing resources
2026-06-03 16:49:13,484 - runtime.idle_controller - DEBUG - Idle controller: idle state - optimizing resources
2026-06-03 16:49:14,484 - runtime.idle_controller - DEBUG - Idle controller: idle state - optimizing resources
2026-06-03 16:49:15,485 - runtime.idle_controller - DEBUG - Idle controller: idle state - optimizing resources
2026-06-03 16:49:16,485 - runtime.idle_controller - DEBUG - Idle controller: idle state - optimizing resources
2026-06-03 16:49:17,486 - runtime.idle_controller - DEBUG - Idle controller: idle state - optimizing resources
2026-06-03 16:49:18,486 - runtime.idle_controller - DEBUG - Idle controller: idle state - optimizing resources
2026-06-03 16:49:19,487 - runtime.idle_controller - DEBUG - Idle controller: idle state - optimizing resources
2026-06-03 16:49:20,487 - runtime.idle_controller - DEBUG - Idle controller: idle state - optimizing resources
2026-06-03 16:49:21,421 - integration.speech_listener - DEBUG - Didn't understand wake word
2026-06-03 16:49:21,421 - integration.speech_listener - DEBUG - Listening for wake word...
2026-06-03 16:49:21,488 - runtime.idle_controller - DEBUG - Idle controller: idle state - optimizing resources
2026-06-03 16:49:22,488 - runtime.idle_controller - DEBUG - Idle controller: idle state - optimizing resources
2026-06-03 16:49:23,553 - runtime.idle_controller - DEBUG - Idle controller: idle state - optimizing resources
2026-06-03 16:49:24,553 - runtime.idle_controller - DEBUG - Idle controller: idle state - optimizing resources
2026-06-03 16:49:25,553 - runtime.idle_controller - DEBUG - Idle controller: idle state - optimizing resources
2026-06-03 16:49:25,865 - integration.speech_listener - DEBUG - Didn't understand wake word
2026-06-03 16:49:25,865 - integration.speech_listener - DEBUG - Listening for wake word...
2026-06-03 16:49:26,554 - runtime.idle_controller - DEBUG - Idle controller: idle state - optimizing resources
2026-06-03 16:49:27,554 - runtime.idle_controller - DEBUG - Idle controller: idle state - optimizing resources
2026-06-03 16:49:28,554 - runtime.idle_controller - DEBUG - Idle controller: idle state - optimizing resources
2026-06-03 16:49:29,555 - runtime.idle_controller - DEBUG - Idle controller: idle state - optimizing resources
2026-06-03 16:49:30,555 - runtime.idle_controller - DEBUG - Idle controller: idle state - optimizing resources
2026-06-03 16:49:30,857 - integration.speech_listener - DEBUG - Didn't understand wake word
2026-06-03 16:49:30,857 - integration.speech_listener - DEBUG - Listening for wake word...
2026-06-03 16:49:31,556 - runtime.idle_controller - DEBUG - Idle controller: idle state - optimizing resources
2026-06-03 16:49:32,556 - runtime.idle_controller - DEBUG - Idle controller: idle state - optimizing resources
2026-06-03 16:49:33,557 - runtime.idle_controller - DEBUG - Idle controller: idle state - optimizing resources
2026-06-03 16:49:34,458 - integration.speech_listener - DEBUG - Heard: what do you say
2026-06-03 16:49:34,458 - integration.speech_listener - DEBUG - Listening for wake word...
2026-06-03 16:49:34,557 - runtime.idle_controller - DEBUG - Idle controller: idle state - optimizing resources
2026-06-03 16:49:35,557 - runtime.idle_controller - DEBUG - Idle controller: idle state - optimizing resources
2026-06-03 16:49:36,558 - runtime.idle_controller - DEBUG - Idle controller: idle state - optimizing resources
2026-06-03 16:49:37,558 - runtime.idle_controller - DEBUG - Idle controller: idle state - optimizing resources
2026-06-03 16:49:37,629 - integration.speech_listener - DEBUG - Didn't understand wake word
2026-06-03 16:49:37,629 - integration.speech_listener - DEBUG - Listening for wake word...
2026-06-03 16:49:38,559 - runtime.idle_controller - DEBUG - Idle controller: idle state - optimizing resources
2026-06-03 16:49:39,559 - runtime.idle_controller - DEBUG - Idle controller: idle state - optimizing resources
2026-06-03 16:49:40,560 - runtime.idle_controller - DEBUG - Idle controller: idle state - optimizing resources
2026-06-03 16:49:41,560 - runtime.idle_controller - DEBUG - Idle controller: idle state - optimizing resources
2026-06-03 16:49:42,044 - integration.speech_listener - DEBUG - Didn't understand wake word
2026-06-03 16:49:42,048 - integration.speech_listener - DEBUG - Listening for wake word...
2026-06-03 16:49:42,561 - runtime.idle_controller - DEBUG - Idle controller: idle state - optimizing resources
2026-06-03 16:49:43,561 - runtime.idle_controller - DEBUG - Idle controller: idle state - optimizing resources
2026-06-03 16:49:44,275 - integration.speech_listener - DEBUG - Didn't understand wake word
2026-06-03 16:49:44,356 - integration.speech_listener - DEBUG - Listening for wake word...
2026-06-03 16:49:44,562 - runtime.idle_controller - DEBUG - Idle controller: idle state - optimizing resources
2026-06-03 16:49:45,562 - runtime.idle_controller - DEBUG - Idle controller: idle state - optimizing resources
2026-06-03 16:49:46,563 - runtime.idle_controller - DEBUG - Idle controller: idle state - optimizing resources
2026-06-03 16:49:47,182 - integration.speech_listener - DEBUG - Didn't understand wake word
2026-06-03 16:49:47,182 - integration.speech_listener - DEBUG - Listening for wake word...
2026-06-03 16:49:47,563 - runtime.idle_controller - DEBUG - Idle controller: idle state - optimizing resources
2026-06-03 16:49:48,564 - runtime.idle_controller - DEBUG - Idle controller: idle state - optimizing resources
2026-06-03 16:49:49,623 - runtime.idle_controller - DEBUG - Idle controller: idle state - optimizing resources
2026-06-03 16:49:50,624 - runtime.idle_controller - DEBUG - Idle controller: idle state - optimizing resources
2026-06-03 16:49:51,624 - runtime.idle_controller - DEBUG - Idle controller: idle state - optimizing resources
2026-06-03 16:49:52,600 - integration.speech_listener - DEBUG - Didn't understand wake word
2026-06-03 16:49:52,600 - integration.speech_listener - DEBUG - Listening for wake word...
2026-06-03 16:49:52,625 - runtime.idle_controller - DEBUG - Idle controller: idle state - optimizing resources
2026-06-03 16:49:53,625 - runtime.idle_controller - DEBUG - Idle controller: idle state - optimizing resources
2026-06-03 16:49:54,626 - runtime.idle_controller - DEBUG - Idle controller: idle state - optimizing resources
2026-06-03 16:49:55,626 - runtime.idle_controller - DEBUG - Idle controller: idle state - optimizing resources
2026-06-03 16:49:56,257 - integration.speech_listener - DEBUG - Didn't understand wake word
2026-06-03 16:49:56,257 - integration.speech_listener - DEBUG - Listening for wake word...
2026-06-03 16:49:56,627 - runtime.idle_controller - DEBUG - Idle controller: idle state - optimizing resources
2026-06-03 16:49:57,627 - runtime.idle_controller - DEBUG - Idle controller: idle state - optimizing resources
2026-06-03 16:49:58,628 - runtime.idle_controller - DEBUG - Idle controller: idle state - optimizing resources
2026-06-03 16:49:59,628 - runtime.idle_controller - DEBUG - Idle controller: idle state - optimizing resources
2026-06-03 16:50:00,628 - runtime.idle_controller - DEBUG - Idle controller: idle state - optimizing resources
2026-06-03 16:50:01,549 - integration.speech_listener - DEBUG - Didn't understand wake word
2026-06-03 16:50:01,549 - integration.speech_listener - DEBUG - Listening for wake word...
2026-06-03 16:50:01,641 - runtime.idle_controller - DEBUG - Idle controller: idle state - optimizing resources
2026-06-03 16:50:02,641 - runtime.idle_controller - DEBUG - Idle controller: idle state - optimizing resources
2026-06-03 16:50:03,341 - integration.speech_listener - DEBUG - Didn't understand wake word
2026-06-03 16:50:03,341 - integration.speech_listener - DEBUG - Listening for wake word...
2026-06-03 16:50:03,642 - runtime.idle_controller - DEBUG - Idle controller: idle state - optimizing resources
2026-06-03 16:50:04,642 - runtime.idle_controller - DEBUG - Idle controller: idle state - optimizing resources
2026-06-03 16:50:05,643 - runtime.idle_controller - DEBUG - Idle controller: idle state - optimizing resources
2026-06-03 16:50:06,643 - runtime.idle_controller - DEBUG - Idle controller: idle state - optimizing resources
2026-06-03 16:50:07,644 - runtime.idle_controller - DEBUG - Idle controller: idle state - optimizing resources
2026-06-03 16:50:08,645 - runtime.idle_controller - DEBUG - Idle controller: idle state - optimizing resources
2026-06-03 16:50:09,645 - runtime.idle_controller - DEBUG - Idle controller: idle state - optimizing resources
2026-06-03 16:50:10,645 - runtime.idle_controller - DEBUG - Idle controller: idle state - optimizing resources
2026-06-03 16:50:11,646 - runtime.idle_controller - DEBUG - Idle controller: idle state - optimizing resources
2026-06-03 16:50:12,682 - runtime.idle_controller - DEBUG - Idle controller: idle state - optimizing resources
2026-06-03 16:50:13,683 - runtime.idle_controller - DEBUG - Idle controller: idle state - optimizing resources
2026-06-03 16:50:14,683 - runtime.idle_controller - DEBUG - Idle controller: idle state - optimizing resources
2026-06-03 16:50:15,684 - runtime.idle_controller - DEBUG - Idle controller: idle state - optimizing resources
2026-06-03 16:50:16,684 - runtime.idle_controller - DEBUG - Idle controller: idle state - optimizing resources
2026-06-03 16:50:17,684 - runtime.idle_controller - DEBUG - Idle controller: idle state - optimizing resources
2026-06-03 16:50:18,685 - runtime.idle_controller - DEBUG - Idle controller: idle state - optimizing resources
2026-06-03 16:50:19,685 - runtime.idle_controller - DEBUG - Idle controller: idle state - optimizing resources
2026-06-03 16:50:20,686 - runtime.idle_controller - DEBUG - Idle controller: idle state - optimizing resources
2026-06-03 16:50:21,686 - runtime.idle_controller - DEBUG - Idle controller: idle state - optimizing resources
2026-06-03 16:50:22,687 - runtime.idle_controller - DEBUG - Idle controller: idle state - optimizing resources
2026-06-03 16:50:23,687 - runtime.idle_controller - DEBUG - Idle controller: idle state - optimizing resources
2026-06-03 16:50:24,688 - runtime.idle_controller - DEBUG - Idle controller: idle state - optimizing resources
2026-06-03 16:50:25,606 - integration.speech_listener - DEBUG - Didn't understand wake word
2026-06-03 16:50:25,606 - integration.speech_listener - DEBUG - Listening for wake word...
2026-06-03 16:50:25,689 - runtime.idle_controller - DEBUG - Idle controller: idle state - optimizing resources
2026-06-03 16:50:26,689 - runtime.idle_controller - DEBUG - Idle controller: idle state - optimizing resources
2026-06-03 16:50:27,690 - runtime.idle_controller - DEBUG - Idle controller: idle state - optimizing resources
2026-06-03 16:50:28,690 - runtime.idle_controller - DEBUG - Idle controller: idle state - optimizing resources
2026-06-03 16:50:29,691 - runtime.idle_controller - DEBUG - Idle controller: idle state - optimizing resources
2026-06-03 16:50:30,691 - runtime.idle_controller - DEBUG - Idle controller: idle state - optimizing resources
2026-06-03 16:50:31,046 - integration.speech_listener - DEBUG - Didn't understand wake word
2026-06-03 16:50:31,046 - integration.speech_listener - DEBUG - Listening for wake word...
2026-06-03 16:50:31,700 - runtime.idle_controller - DEBUG - Idle controller: idle state - optimizing resources
2026-06-03 16:50:32,701 - runtime.idle_controller - DEBUG - Idle controller: idle state - optimizing resources
2026-06-03 16:50:33,702 - runtime.idle_controller - DEBUG - Idle controller: idle state - optimizing resources
2026-06-03 16:50:34,702 - runtime.idle_controller - DEBUG - Idle controller: idle state - optimizing resources
2026-06-03 16:50:35,091 - integration.speech_listener - DEBUG - Didn't understand wake word
2026-06-03 16:50:35,091 - integration.speech_listener - DEBUG - Listening for wake word...
2026-06-03 16:50:35,802 - runtime.idle_controller - DEBUG - Idle controller: idle state - optimizing resources
2026-06-03 16:50:36,803 - runtime.idle_controller - DEBUG - Idle controller: idle state - optimizing resources
2026-06-03 16:50:37,524 - integration.speech_listener - DEBUG - Didn't understand wake word
2026-06-03 16:50:37,524 - integration.speech_listener - DEBUG - Listening for wake word...
2026-06-03 16:50:37,803 - runtime.idle_controller - DEBUG - Idle controller: idle state - optimizing resources
2026-06-03 16:50:38,804 - runtime.idle_controller - DEBUG - Idle controller: idle state - optimizing resources
2026-06-03 16:50:39,477 - integration.speech_listener - DEBUG - Didn't understand wake word
2026-06-03 16:50:39,477 - integration.speech_listener - DEBUG - Listening for wake word...
2026-06-03 19:03:45,493 - __main__ - INFO - ======================================================================
2026-06-03 19:03:46,031 - __main__ - INFO - JARVIS AI Operating System - Persistent Runtime Starting
2026-06-03 19:03:46,031 - __main__ - INFO - ======================================================================
2026-06-03 19:04:00,990 - runtime_core.event_bus - INFO - Event Bus initialized
2026-06-03 19:04:00,991 - runtime_core.runtime_state_machine - INFO - Runtime State Machine initialized at IDLE
2026-06-03 19:04:01,177 - runtime_ui.animation_engine - INFO - Animation engine initialized
2026-06-03 19:04:01,177 - runtime_ui.overlay_manager - INFO - Overlay Manager initialized
2026-06-03 19:04:02,360 - runtime_ui.tray_manager - INFO - Tray Manager (UI) initialized
2026-06-03 19:04:02,504 - runtime_ui.status_controller - INFO - Status Controller initialized
2026-06-03 19:04:02,504 - runtime_ui.presence_manager - INFO - Presence Manager initialized
2026-06-03 19:04:02,521 - runtime_ui.ui_theme_manager - INFO - UI Theme Manager initialized with theme: cinematic_blue
2026-06-03 19:04:02,846 - runtime_ui.state_visualizer - INFO - State Visualizer initialized
2026-06-03 19:04:02,969 - runtime_ui.notification_manager - INFO - Notification Manager initialized
2026-06-03 19:04:03,268 - runtime_ui.overlay_renderer - INFO - Overlay Renderer initialized
2026-06-03 19:04:08,188 - runtime_ui.tray_manager - INFO - Initializing tray manager
2026-06-03 19:04:11,977 - runtime_ui.tray_manager - DEBUG - Tray libraries imported successfully
2026-06-03 19:04:11,977 - runtime_ui.overlay_manager - INFO - Initializing overlay manager
2026-06-03 19:04:11,977 - runtime_core.event_bus - DEBUG - Subscribed to STATE_CHANGE
2026-06-03 19:04:11,977 - runtime_core.event_bus - DEBUG - Subscribed to PAUSE
2026-06-03 19:04:11,977 - runtime_core.event_bus - DEBUG - Subscribed to RESUME
2026-06-03 19:04:11,977 - runtime_core.event_bus - DEBUG - Subscribed to WAKE_WORD_DETECTED
2026-06-03 19:04:11,977 - runtime_core.event_bus - DEBUG - Subscribed to COMMAND_RECEIVED
2026-06-03 19:04:11,977 - runtime_core.event_bus - DEBUG - Subscribed to THINKING_STARTED
2026-06-03 19:04:11,977 - runtime_core.event_bus - DEBUG - Subscribed to EXECUTION_STARTED
2026-06-03 19:04:11,977 - runtime_core.event_bus - DEBUG - Subscribed to SPEAK_START
2026-06-03 19:04:11,977 - runtime_core.event_bus - DEBUG - Subscribed to SPEAK_END
2026-06-03 19:04:11,977 - runtime_ui.presence_manager - INFO - Initializing presence manager
2026-06-03 19:04:12,012 - runtime_ui.tray_manager - INFO - Tray manager started
2026-06-03 19:04:12,012 - asyncio - DEBUG - Using proactor: IocpProactor
2026-06-03 19:04:12,028 - runtime_ui.overlay_manager - INFO - Creating AIIndicator instance
2026-06-03 19:04:14,093 - runtime_ui.ai_indicator - INFO - Glassmorphism AI Indicator initialized
2026-06-03 19:04:14,093 - runtime_ui.overlay_manager - INFO - AIIndicator created
2026-06-03 19:04:14,093 - runtime_ui.animation_engine - DEBUG - Animation target widget set: <runtime_ui.ai_indicator.AIIndicator object at 0x000002142D5F2A30>
2026-06-03 19:04:14,094 - runtime_ui.ai_indicator - INFO - Setting status to RuntimeState.IDLE with details: None
2026-06-03 19:04:14,094 - runtime_ui.overlay_manager - INFO - Overlay updated to IDLE
2026-06-03 19:04:36,022 - runtime_core.lifecycle_manager - INFO - Lifecycle Manager initialized
2026-06-03 19:04:36,074 - runtime_ui.overlay_manager - INFO - Overlay watchdog started
2026-06-03 19:04:36,074 - runtime_ui.overlay_manager - INFO - Overlay started completely
2026-06-03 19:04:36,725 - runtime_core.persistent_runtime - INFO - Persistent Runtime initialized
2026-06-03 19:04:36,897 - runtime_core.lifecycle_manager - INFO - ======================================================================
2026-06-03 19:04:36,897 - runtime_core.lifecycle_manager - INFO - JARVIS AI Operating System - Boot Sequence Starting
2026-06-03 19:04:36,897 - runtime_core.lifecycle_manager - INFO - ======================================================================
2026-06-03 19:04:36,897 - runtime_core.lifecycle_manager - DEBUG - Setting up Windows signal handlers
2026-06-03 19:04:36,897 - runtime_core.lifecycle_manager - DEBUG - Signal handlers set up
2026-06-03 19:04:36,897 - runtime_core.event_bus - DEBUG - Subscribed to PAUSE
2026-06-03 19:04:36,897 - runtime_core.event_bus - DEBUG - Subscribed to RESUME
2026-06-03 19:04:36,897 - runtime_core.event_bus - DEBUG - Subscribed to SHUTDOWN
2026-06-03 19:04:36,897 - runtime_core.lifecycle_manager - INFO - Initializing core subsystems...
2026-06-03 19:04:36,897 - runtime_core.runtime_state_machine - DEBUG - Already in state IDLE
2026-06-03 19:04:36,898 - runtime_core.lifecycle_manager - INFO - ======================================================================
2026-06-03 19:04:36,898 - runtime_core.lifecycle_manager - INFO - JARVIS AI Operating System - Boot Complete
2026-06-03 19:04:36,898 - runtime_core.lifecycle_manager - INFO - ======================================================================
2026-06-03 19:04:36,898 - runtime_core.persistent_runtime - INFO - Starting infinite runtime loop...
2026-06-03 19:04:37,984 - __main__ - INFO - Playing startup greeting (in main thread) - using DIRECT pyttsx3!
2026-06-03 19:04:39,041 - PIL.Image - DEBUG - Importing BlpImagePlugin
2026-06-03 19:04:39,201 - PIL.Image - DEBUG - Importing BmpImagePlugin
2026-06-03 19:04:39,202 - PIL.Image - DEBUG - Importing BufrStubImagePlugin
2026-06-03 19:04:39,256 - PIL.Image - DEBUG - Importing CurImagePlugin
2026-06-03 19:04:39,256 - comtypes - DEBUG - CoInitializeEx(None, 2)
2026-06-03 19:04:39,265 - PIL.Image - DEBUG - Importing DcxImagePlugin
2026-06-03 19:04:39,304 - PIL.Image - DEBUG - Importing DdsImagePlugin
2026-06-03 19:04:39,331 - PIL.Image - DEBUG - Importing EpsImagePlugin
2026-06-03 19:04:39,347 - PIL.Image - DEBUG - Importing FitsImagePlugin
2026-06-03 19:04:39,546 - PIL.Image - DEBUG - Importing FliImagePlugin
2026-06-03 19:04:39,549 - PIL.Image - DEBUG - Importing FpxImagePlugin
2026-06-03 19:04:39,589 - PIL.Image - DEBUG - Image: failed to import FpxImagePlugin: No module named 'olefile'
2026-06-03 19:04:39,589 - PIL.Image - DEBUG - Importing FtexImagePlugin
2026-06-03 19:04:39,646 - PIL.Image - DEBUG - Importing GbrImagePlugin
2026-06-03 19:04:39,678 - PIL.Image - DEBUG - Importing GifImagePlugin
2026-06-03 19:04:39,678 - PIL.Image - DEBUG - Importing GribStubImagePlugin
2026-06-03 19:04:39,711 - PIL.Image - DEBUG - Importing Hdf5StubImagePlugin
2026-06-03 19:04:39,736 - PIL.Image - DEBUG - Importing IcnsImagePlugin
2026-06-03 19:04:39,946 - PIL.Image - DEBUG - Importing IcoImagePlugin
2026-06-03 19:04:40,044 - PIL.Image - DEBUG - Importing ImImagePlugin
2026-06-03 19:04:40,052 - PIL.Image - DEBUG - Importing ImtImagePlugin
2026-06-03 19:04:40,079 - PIL.Image - DEBUG - Importing IptcImagePlugin
2026-06-03 19:04:40,185 - PIL.Image - DEBUG - Importing JpegImagePlugin
2026-06-03 19:04:40,185 - PIL.Image - DEBUG - Importing Jpeg2KImagePlugin
2026-06-03 19:04:40,185 - PIL.Image - DEBUG - Importing McIdasImagePlugin
2026-06-03 19:04:40,189 - PIL.Image - DEBUG - Importing MicImagePlugin
2026-06-03 19:04:40,190 - PIL.Image - DEBUG - Image: failed to import MicImagePlugin: No module named 'olefile'
2026-06-03 19:04:40,191 - PIL.Image - DEBUG - Importing MpegImagePlugin
2026-06-03 19:04:40,208 - PIL.Image - DEBUG - Importing MpoImagePlugin
2026-06-03 19:04:40,244 - PIL.Image - DEBUG - Importing MspImagePlugin
2026-06-03 19:04:40,245 - PIL.Image - DEBUG - Importing PalmImagePlugin
2026-06-03 19:04:40,305 - PIL.Image - DEBUG - Importing PcdImagePlugin
2026-06-03 19:04:40,308 - PIL.Image - DEBUG - Importing PcxImagePlugin
2026-06-03 19:04:40,308 - PIL.Image - DEBUG - Importing PdfImagePlugin
2026-06-03 19:04:40,350 - PIL.Image - DEBUG - Importing PixarImagePlugin
2026-06-03 19:04:40,352 - PIL.Image - DEBUG - Importing PngImagePlugin
2026-06-03 19:04:40,352 - PIL.Image - DEBUG - Importing PpmImagePlugin
2026-06-03 19:04:40,352 - PIL.Image - DEBUG - Importing PsdImagePlugin
2026-06-03 19:04:40,353 - PIL.Image - DEBUG - Importing QoiImagePlugin
2026-06-03 19:04:40,385 - PIL.Image - DEBUG - Importing SgiImagePlugin
2026-06-03 19:04:40,390 - PIL.Image - DEBUG - Importing SpiderImagePlugin
2026-06-03 19:04:40,415 - PIL.Image - DEBUG - Importing SunImagePlugin
2026-06-03 19:04:40,417 - PIL.Image - DEBUG - Importing TgaImagePlugin
2026-06-03 19:04:40,441 - PIL.Image - DEBUG - Importing TiffImagePlugin
2026-06-03 19:04:40,442 - PIL.Image - DEBUG - Importing WebPImagePlugin
2026-06-03 19:04:40,509 - voice.voice_profile_manager - INFO - Loaded 4 voice profiles
2026-06-03 19:04:40,687 - PIL.Image - DEBUG - Importing WmfImagePlugin
2026-06-03 19:04:40,729 - PIL.Image - DEBUG - Importing XbmImagePlugin
2026-06-03 19:04:40,848 - PIL.Image - DEBUG - Importing XpmImagePlugin
2026-06-03 19:04:40,857 - voice.text_to_speech - INFO - Loading voice profile: jarvis_classic
2026-06-03 19:04:40,857 - voice.tts_engines.piper_engine - INFO - Initializing Piper TTS engine...
2026-06-03 19:04:40,925 - PIL.Image - DEBUG - Importing XVThumbImagePlugin
2026-06-03 19:04:42,044 - comtypes.client._code_cache - INFO - Imported existing <module 'comtypes.gen' from 'C:\\Users\\jashw\\AppData\\Local\\Packages\\PythonSoftwareFoundation.Python.3.12_qbz5n2kfra8p0\\LocalCache\\local-packages\\Python312\\site-packages\\comtypes\\gen\\__init__.py'>
2026-06-03 19:04:42,044 - comtypes.client._code_cache - INFO - Using writeable comtypes cache directory: 'C:\Users\jashw\AppData\Local\Packages\PythonSoftwareFoundation.Python.3.12_qbz5n2kfra8p0\LocalCache\local-packages\Python312\site-packages\comtypes\gen'
2026-06-03 19:04:42,909 - comtypes.client._create - DEBUG - SAPI.SPVoice -> {96749377-3391-11D2-9EE3-00C04F797396}
2026-06-03 19:04:42,909 - comtypes.client._create - DEBUG - CoCreateInstance({96749377-3391-11D2-9EE3-00C04F797396}, clsctx=None, interface=None)
2026-06-03 19:04:42,926 - comtypes.client._managing - DEBUG - GetBestInterface(<POINTER(IUnknown) ptr=0x21429b10260 at 2144e243bd0>)
2026-06-03 19:04:42,926 - comtypes.client._managing - DEBUG - Does implement IProvideClassInfo
2026-06-03 19:04:43,011 - comtypes.client._managing - DEBUG - Default interface is {269316D8-57BD-11D2-9EEE-00C04F797396}
2026-06-03 19:04:43,011 - comtypes._post_coinit.unknwn - DEBUG - Release <POINTER(IUnknown) ptr=0x21429b102a0 at 2144e2fd250>
2026-06-03 19:04:43,011 - comtypes.client._generate - DEBUG - GetModule(TLIBATTR(GUID={C866CA3A-32F7-11D2-9602-00C04F8EE628}, Version=5.4, LCID=0, FLags=0x8))
2026-06-03 19:04:43,011 - comtypes.client._managing - DEBUG - Implements default interface from typeinfo <class 'comtypes.gen._C866CA3A_32F7_11D2_9602_00C04F8EE628_0_5_4.ISpeechVoice'>
2026-06-03 19:04:43,011 - comtypes.client._managing - DEBUG - Final result is <POINTER(ISpeechVoice) ptr=0x21429b102a0 at 2144e2fd1d0>
2026-06-03 19:04:43,011 - comtypes._post_coinit.unknwn - DEBUG - Release <POINTER(IProvideClassInfo) ptr=0x21429b102c0 at 2144e243b50>
2026-06-03 19:04:43,012 - comtypes._post_coinit.unknwn - DEBUG - Release <POINTER(ITypeInfo) ptr=0x2142c95b5c8 at 2144e243cd0>
2026-06-03 19:04:43,012 - comtypes._post_coinit.unknwn - DEBUG - Release <POINTER(ITypeInfo) ptr=0x2142c95b620 at 2144e2fd050>
2026-06-03 19:04:43,012 - comtypes._post_coinit.unknwn - DEBUG - Release <POINTER(ITypeLib) ptr=0x2144cbfdb60 at 2144e2fd250>
2026-06-03 19:04:43,012 - comtypes._post_coinit.unknwn - DEBUG - Release <POINTER(IUnknown) ptr=0x21429b10260 at 2144e243bd0>
2026-06-03 19:04:43,017 - comtypes.client._events - DEBUG - <POINTER(ISpeechVoice) ptr=0x21429b102a0 at 2144e2fd1d0> using sinkinterface from clsid <class 'comtypes.gen._C866CA3A_32F7_11D2_9602_00C04F8EE628_0_5_4._ISpeechVoiceEvents'>
2026-06-03 19:04:43,017 - comtypes._post_coinit.unknwn - DEBUG - Release <POINTER(IProvideClassInfo2) ptr=0x21429b102c0 at 2144e243bd0>
2026-06-03 19:04:43,017 - comtypes._vtbl - DEBUG - <comtypes.client._events.CreateEventReceiver.<locals>.Sink object at 0x0000021458321550>: _ISpeechVoiceEvents.VoiceChange not implemented
2026-06-03 19:04:43,018 - comtypes._vtbl - DEBUG - <comtypes.client._events.CreateEventReceiver.<locals>.Sink object at 0x0000021458321550>: _ISpeechVoiceEvents.Bookmark not implemented
2026-06-03 19:04:43,018 - comtypes._vtbl - DEBUG - <comtypes.client._events.CreateEventReceiver.<locals>.Sink object at 0x0000021458321550>: _ISpeechVoiceEvents.Sentence not implemented
2026-06-03 19:04:43,018 - comtypes._vtbl - DEBUG - <comtypes.client._events.CreateEventReceiver.<locals>.Sink object at 0x0000021458321550>: _ISpeechVoiceEvents.Phoneme not implemented
2026-06-03 19:04:43,018 - comtypes._vtbl - DEBUG - <comtypes.client._events.CreateEventReceiver.<locals>.Sink object at 0x0000021458321550>: _ISpeechVoiceEvents.Viseme not implemented
2026-06-03 19:04:43,018 - comtypes._vtbl - DEBUG - <comtypes.client._events.CreateEventReceiver.<locals>.Sink object at 0x0000021458321550>: _ISpeechVoiceEvents.AudioLevel not implemented
2026-06-03 19:04:43,018 - comtypes._vtbl - DEBUG - <comtypes.client._events.CreateEventReceiver.<locals>.Sink object at 0x0000021458321550>: _ISpeechVoiceEvents.EnginePrivate not implemented
2026-06-03 19:04:43,018 - comtypes.client._events - DEBUG - Start advise <class 'comtypes.gen._C866CA3A_32F7_11D2_9602_00C04F8EE628_0_5_4._ISpeechVoiceEvents'>
2026-06-03 19:04:43,024 - comtypes._comobject - DEBUG - <comtypes.client._events.CreateEventReceiver.<locals>.Sink object at 0x0000021458321550>.QueryInterface({A372ACD1-3BEF-4BBD-8FFB-CB3E2B416AF8}) -> S_OK
2026-06-03 19:04:43,024 - comtypes._comobject - DEBUG - 1 active COM objects: Added   <comtypes.client._events.CreateEventReceiver.<locals>.Sink object at 0x0000021458321550>
2026-06-03 19:04:43,024 - comtypes._comobject - DEBUG - <comtypes.client._events.CreateEventReceiver.<locals>.Sink object at 0x0000021458321550>.AddRef() -> 1
2026-06-03 19:04:43,026 - comtypes._post_coinit.unknwn - DEBUG - Release <POINTER(IConnectionPointContainer) ptr=0x21429b102c8 at 2144c9e3350>
2026-06-03 19:04:45,718 - comtypes.client._managing - DEBUG - wrap_outparam(<POINTER(ISpeechObjectToken) ptr=0x21429b659a0 at 2144c9e3350>)
2026-06-03 19:04:45,719 - comtypes._post_coinit.unknwn - DEBUG - Release <POINTER(ISpeechObjectToken) ptr=0x21429b659a0 at 2144c9e3350>
2026-06-03 19:04:45,719 - comtypes.client._managing - DEBUG - wrap_outparam(<POINTER(ISpeechObjectTokens) ptr=0x21459584b50 at 2144c9e3350>)
2026-06-03 19:04:45,719 - comtypes._post_coinit.unknwn - DEBUG - Release <POINTER(IUnknown) ptr=0x214594ab230 at 21459012350>
2026-06-03 19:04:45,719 - comtypes.client._managing - DEBUG - wrap_outparam(<POINTER(IDispatch) ptr=0x214361405f0 at 21459012850>)
2026-06-03 19:04:45,719 - comtypes.client._managing - DEBUG - GetBestInterface(<POINTER(IDispatch) ptr=0x214361405f0 at 21459012850>)
2026-06-03 19:04:45,720 - comtypes.client._managing - DEBUG - Does NOT implement IProvideClassInfo, trying IProvideClassInfo2
2026-06-03 19:04:45,720 - comtypes.client._managing - DEBUG - Does NOT implement IProvideClassInfo/IProvideClassInfo2
2026-06-03 19:04:45,721 - comtypes._post_coinit.unknwn - DEBUG - Release <POINTER(IUnknown) ptr=0x2142c95b6d0 at 21459012dd0>
2026-06-03 19:04:45,721 - comtypes.client._managing - DEBUG - Default interface is {C74A3ADC-B727-4500-A84A-B526721C8B8C}
2026-06-03 19:04:45,721 - comtypes._post_coinit.unknwn - DEBUG - Release <POINTER(IUnknown) ptr=0x214361405f0 at 21459012ed0>
2026-06-03 19:04:45,721 - comtypes.client._generate - DEBUG - GetModule(TLIBATTR(GUID={C866CA3A-32F7-11D2-9602-00C04F8EE628}, Version=5.4, LCID=0, FLags=0x8))
2026-06-03 19:04:45,722 - comtypes.client._managing - DEBUG - Implements default interface from typeinfo <class 'comtypes.gen._C866CA3A_32F7_11D2_9602_00C04F8EE628_0_5_4.ISpeechObjectToken'>
2026-06-03 19:04:45,722 - comtypes.client._managing - DEBUG - Final result is <POINTER(ISpeechObjectToken) ptr=0x214361405f0 at 21459012dd0>
2026-06-03 19:04:45,722 - comtypes._post_coinit.unknwn - DEBUG - Release <POINTER(IDispatch) ptr=0x214361405f0 at 21459012d50>
2026-06-03 19:04:45,722 - comtypes._post_coinit.unknwn - DEBUG - Release <POINTER(ITypeInfo) ptr=0x2142c95b6d0 at 21459012e50>
2026-06-03 19:04:45,722 - comtypes._post_coinit.unknwn - DEBUG - Release <POINTER(ITypeLib) ptr=0x2144cbfdb60 at 21459012ed0>
2026-06-03 19:04:45,722 - comtypes._post_coinit.unknwn - DEBUG - Release <POINTER(IDispatch) ptr=0x214361405f0 at 21459012850>
2026-06-03 19:04:45,722 - comtypes._post_coinit.unknwn - DEBUG - Release <POINTER(IEnumVARIANT) ptr=0x214594ab230 at 214590125d0>
2026-06-03 19:04:45,722 - comtypes._post_coinit.unknwn - DEBUG - Release <POINTER(ISpeechObjectTokens) ptr=0x21459584b50 at 2144c9e3350>
2026-06-03 19:04:45,722 - comtypes._post_coinit.unknwn - DEBUG - Release <POINTER(ISpeechObjectToken) ptr=0x214361405f0 at 21459012dd0>
2026-06-03 19:04:45,723 - comtypes.client._managing - DEBUG - wrap_outparam(<POINTER(ISpeechObjectTokens) ptr=0x21459584b50 at 2144c9e3350>)
2026-06-03 19:04:45,723 - comtypes._post_coinit.unknwn - DEBUG - Release <POINTER(IUnknown) ptr=0x214594ab230 at 21459012dd0>
2026-06-03 19:04:45,723 - comtypes._post_coinit.unknwn - DEBUG - Release <POINTER(ISpeechObjectTokens) ptr=0x21459584b50 at 2144c9e3350>
2026-06-03 19:04:45,723 - comtypes.client._managing - DEBUG - wrap_outparam(<POINTER(IDispatch) ptr=0x214361405f0 at 214590125d0>)
2026-06-03 19:04:45,723 - comtypes.client._managing - DEBUG - GetBestInterface(<POINTER(IDispatch) ptr=0x214361405f0 at 214590125d0>)
2026-06-03 19:04:45,724 - comtypes.client._managing - DEBUG - Does NOT implement IProvideClassInfo, trying IProvideClassInfo2
2026-06-03 19:04:45,724 - comtypes.client._managing - DEBUG - Does NOT implement IProvideClassInfo/IProvideClassInfo2
2026-06-03 19:04:45,724 - comtypes._post_coinit.unknwn - DEBUG - Release <POINTER(IUnknown) ptr=0x2142c95b6d0 at 21459012ed0>
2026-06-03 19:04:45,724 - comtypes.client._managing - DEBUG - Default interface is {C74A3ADC-B727-4500-A84A-B526721C8B8C}
2026-06-03 19:04:45,724 - comtypes._post_coinit.unknwn - DEBUG - Release <POINTER(IUnknown) ptr=0x214361405f0 at 21459012a50>
2026-06-03 19:04:45,724 - comtypes.client._generate - DEBUG - GetModule(TLIBATTR(GUID={C866CA3A-32F7-11D2-9602-00C04F8EE628}, Version=5.4, LCID=0, FLags=0x8))
2026-06-03 19:04:45,724 - comtypes.client._managing - DEBUG - Implements default interface from typeinfo <class 'comtypes.gen._C866CA3A_32F7_11D2_9602_00C04F8EE628_0_5_4.ISpeechObjectToken'>
2026-06-03 19:04:45,724 - comtypes.client._managing - DEBUG - Final result is <POINTER(ISpeechObjectToken) ptr=0x214361405f0 at 21459012ed0>
2026-06-03 19:04:45,725 - comtypes._post_coinit.unknwn - DEBUG - Release <POINTER(IDispatch) ptr=0x214361405f0 at 21459012850>
2026-06-03 19:04:45,725 - comtypes._post_coinit.unknwn - DEBUG - Release <POINTER(ITypeInfo) ptr=0x2142c95b6d0 at 21459012cd0>
2026-06-03 19:04:45,725 - comtypes._post_coinit.unknwn - DEBUG - Release <POINTER(ITypeLib) ptr=0x2144cbfdb60 at 21459012a50>
2026-06-03 19:04:45,725 - comtypes._post_coinit.unknwn - DEBUG - Release <POINTER(IDispatch) ptr=0x214361405f0 at 214590125d0>
2026-06-03 19:04:45,725 - comtypes.client._managing - DEBUG - wrap_outparam(<POINTER(IDispatch) ptr=0x21436140710 at 21459012a50>)
2026-06-03 19:04:45,725 - comtypes.client._managing - DEBUG - GetBestInterface(<POINTER(IDispatch) ptr=0x21436140710 at 21459012a50>)
2026-06-03 19:04:45,725 - comtypes.client._managing - DEBUG - Does NOT implement IProvideClassInfo, trying IProvideClassInfo2
2026-06-03 19:04:45,726 - comtypes.client._managing - DEBUG - Does NOT implement IProvideClassInfo/IProvideClassInfo2
2026-06-03 19:04:45,726 - comtypes._post_coinit.unknwn - DEBUG - Release <POINTER(IUnknown) ptr=0x2142c95b6d0 at 21459012850>
2026-06-03 19:04:45,726 - comtypes.client._managing - DEBUG - Default interface is {C74A3ADC-B727-4500-A84A-B526721C8B8C}
2026-06-03 19:04:45,726 - comtypes._post_coinit.unknwn - DEBUG - Release <POINTER(IUnknown) ptr=0x21436140710 at 21459012e50>
2026-06-03 19:04:45,726 - comtypes.client._generate - DEBUG - GetModule(TLIBATTR(GUID={C866CA3A-32F7-11D2-9602-00C04F8EE628}, Version=5.4, LCID=0, FLags=0x8))
2026-06-03 19:04:45,726 - comtypes.client._managing - DEBUG - Implements default interface from typeinfo <class 'comtypes.gen._C866CA3A_32F7_11D2_9602_00C04F8EE628_0_5_4.ISpeechObjectToken'>
2026-06-03 19:04:45,726 - comtypes.client._managing - DEBUG - Final result is <POINTER(ISpeechObjectToken) ptr=0x21436140710 at 21459012850>
2026-06-03 19:04:45,726 - comtypes._post_coinit.unknwn - DEBUG - Release <POINTER(IDispatch) ptr=0x21436140710 at 21459012cd0>
2026-06-03 19:04:45,726 - comtypes._post_coinit.unknwn - DEBUG - Release <POINTER(ITypeInfo) ptr=0x2142c95b6d0 at 21459012d50>
2026-06-03 19:04:45,726 - comtypes._post_coinit.unknwn - DEBUG - Release <POINTER(ITypeLib) ptr=0x2144cbfdb60 at 21459012e50>
2026-06-03 19:04:45,726 - comtypes._post_coinit.unknwn - DEBUG - Release <POINTER(IDispatch) ptr=0x21436140710 at 21459012a50>
2026-06-03 19:04:45,726 - comtypes._post_coinit.unknwn - DEBUG - Release <POINTER(ISpeechObjectToken) ptr=0x214361405f0 at 21459012ed0>
2026-06-03 19:04:45,727 - comtypes._post_coinit.unknwn - DEBUG - Release <POINTER(IEnumVARIANT) ptr=0x214594ab230 at 21459011b50>
2026-06-03 19:04:45,727 - comtypes._post_coinit.unknwn - DEBUG - Release <POINTER(ISpeechObjectToken) ptr=0x21436140710 at 21459012850>
2026-06-03 19:04:45,727 - __main__ - INFO - Calling engine.runAndWait()
2026-06-03 19:04:45,728 - comtypes.client._managing - DEBUG - wrap_outparam(<POINTER(ISpeechObjectTokens) ptr=0x21459584850 at 2144c9e3350>)
2026-06-03 19:04:45,728 - comtypes._post_coinit.unknwn - DEBUG - Release <POINTER(IUnknown) ptr=0x214594ab3c0 at 21459012850>
2026-06-03 19:04:45,728 - comtypes.client._managing - DEBUG - wrap_outparam(<POINTER(IDispatch) ptr=0x21436140dd0 at 214590131d0>)
2026-06-03 19:04:45,728 - comtypes.client._managing - DEBUG - GetBestInterface(<POINTER(IDispatch) ptr=0x21436140dd0 at 214590131d0>)
2026-06-03 19:04:45,728 - comtypes.client._managing - DEBUG - Does NOT implement IProvideClassInfo, trying IProvideClassInfo2
2026-06-03 19:04:45,729 - comtypes.client._managing - DEBUG - Does NOT implement IProvideClassInfo/IProvideClassInfo2
2026-06-03 19:04:45,729 - comtypes._post_coinit.unknwn - DEBUG - Release <POINTER(IUnknown) ptr=0x2142c95b6d0 at 214590133d0>
2026-06-03 19:04:45,729 - comtypes.client._managing - DEBUG - Default interface is {C74A3ADC-B727-4500-A84A-B526721C8B8C}
2026-06-03 19:04:45,729 - comtypes._post_coinit.unknwn - DEBUG - Release <POINTER(IUnknown) ptr=0x21436140dd0 at 214590134d0>
2026-06-03 19:04:45,729 - comtypes.client._generate - DEBUG - GetModule(TLIBATTR(GUID={C866CA3A-32F7-11D2-9602-00C04F8EE628}, Version=5.4, LCID=0, FLags=0x8))
2026-06-03 19:04:45,729 - comtypes.client._managing - DEBUG - Implements default interface from typeinfo <class 'comtypes.gen._C866CA3A_32F7_11D2_9602_00C04F8EE628_0_5_4.ISpeechObjectToken'>
2026-06-03 19:04:45,729 - comtypes.client._managing - DEBUG - Final result is <POINTER(ISpeechObjectToken) ptr=0x21436140dd0 at 214590133d0>
2026-06-03 19:04:45,729 - comtypes._post_coinit.unknwn - DEBUG - Release <POINTER(IDispatch) ptr=0x21436140dd0 at 21459013350>
2026-06-03 19:04:45,729 - comtypes._post_coinit.unknwn - DEBUG - Release <POINTER(ITypeInfo) ptr=0x2142c95b6d0 at 21459013450>
2026-06-03 19:04:45,729 - comtypes._post_coinit.unknwn - DEBUG - Release <POINTER(ITypeLib) ptr=0x2144cbfdb60 at 214590134d0>
2026-06-03 19:04:45,729 - comtypes._post_coinit.unknwn - DEBUG - Release <POINTER(IDispatch) ptr=0x21436140dd0 at 214590131d0>
2026-06-03 19:04:45,729 - comtypes._post_coinit.unknwn - DEBUG - Release <POINTER(IEnumVARIANT) ptr=0x214594ab3c0 at 21459011b50>
2026-06-03 19:04:45,730 - comtypes._post_coinit.unknwn - DEBUG - Release <POINTER(ISpeechObjectTokens) ptr=0x21459584850 at 2144c9e3350>
2026-06-03 19:04:45,730 - comtypes._post_coinit.unknwn - DEBUG - Release <POINTER(ISpeechObjectToken) ptr=0x21436140dd0 at 214590133d0>
2026-06-03 19:04:45,730 - comtypes.client._managing - DEBUG - wrap_outparam(<POINTER(ISpeechObjectToken) ptr=0x21429b659a0 at 2144c9e3350>)
2026-06-03 19:04:45,730 - comtypes._post_coinit.unknwn - DEBUG - Release <POINTER(ISpeechObjectToken) ptr=0x21429b659a0 at 2144c9e3350>
2026-06-03 19:04:46,280 - comtypes._comobject - DEBUG - <comtypes.client._events.CreateEventReceiver.<locals>.Sink object at 0x0000021458321550>.AddRef() -> 2
2026-06-03 19:04:46,312 - comtypes._comobject - DEBUG - <comtypes.client._events.CreateEventReceiver.<locals>.Sink object at 0x0000021458321550>.Release() -> 1
2026-06-03 19:04:46,313 - comtypes._comobject - DEBUG - <comtypes.client._events.CreateEventReceiver.<locals>.Sink object at 0x0000021458321550>.AddRef() -> 2
2026-06-03 19:04:46,314 - comtypes.client._managing - DEBUG - wrap_outparam(<POINTER(IDispatch) ptr=0x21429b65760 at 2145a1d5ed0>)
2026-06-03 19:04:46,314 - comtypes.client._managing - DEBUG - GetBestInterface(<POINTER(IDispatch) ptr=0x21429b65760 at 2145a1d5ed0>)
2026-06-03 19:04:46,314 - comtypes.client._managing - DEBUG - Does NOT implement IProvideClassInfo, trying IProvideClassInfo2
2026-06-03 19:04:46,314 - comtypes.client._managing - DEBUG - Does NOT implement IProvideClassInfo/IProvideClassInfo2
2026-06-03 19:04:46,315 - comtypes._post_coinit.unknwn - DEBUG - Release <POINTER(IUnknown) ptr=0x2142c95b6d0 at 2145a1d60d0>
2026-06-03 19:04:46,315 - comtypes.client._managing - DEBUG - Default interface is {C74A3ADC-B727-4500-A84A-B526721C8B8C}
2026-06-03 19:04:46,315 - comtypes._post_coinit.unknwn - DEBUG - Release <POINTER(IUnknown) ptr=0x21429b65760 at 2145a1d61d0>
2026-06-03 19:04:46,315 - comtypes.client._generate - DEBUG - GetModule(TLIBATTR(GUID={C866CA3A-32F7-11D2-9602-00C04F8EE628}, Version=5.4, LCID=0, FLags=0x8))
2026-06-03 19:04:46,315 - comtypes.client._managing - DEBUG - Implements default interface from typeinfo <class 'comtypes.gen._C866CA3A_32F7_11D2_9602_00C04F8EE628_0_5_4.ISpeechObjectToken'>
2026-06-03 19:04:46,315 - comtypes.client._managing - DEBUG - Final result is <POINTER(ISpeechObjectToken) ptr=0x21429b65760 at 2145a1d60d0>
2026-06-03 19:04:46,315 - comtypes._post_coinit.unknwn - DEBUG - Release <POINTER(IDispatch) ptr=0x21429b65760 at 2145a1d6050>
2026-06-03 19:04:46,316 - comtypes._post_coinit.unknwn - DEBUG - Release <POINTER(ITypeInfo) ptr=0x2142c95b6d0 at 2145a1d6150>
2026-06-03 19:04:46,316 - comtypes._post_coinit.unknwn - DEBUG - Release <POINTER(ITypeLib) ptr=0x2144cbfdb60 at 2145a1d61d0>
2026-06-03 19:04:46,316 - comtypes._post_coinit.unknwn - DEBUG - Release <POINTER(IDispatch) ptr=0x21429b65760 at 2145a1d5ed0>
2026-06-03 19:04:46,316 - comtypes._vtbl - DEBUG - unimplemented method _ISpeechVoiceEvents_VoiceChange called
2026-06-03 19:04:46,316 - comtypes._post_coinit.unknwn - DEBUG - Release <POINTER(ISpeechObjectToken) ptr=0x21429b65760 at 2145a1d60d0>
2026-06-03 19:04:46,316 - comtypes._comobject - DEBUG - <comtypes.client._events.CreateEventReceiver.<locals>.Sink object at 0x0000021458321550>.Release() -> 1
2026-06-03 19:04:47,458 - comtypes._comobject - DEBUG - <comtypes.client._events.CreateEventReceiver.<locals>.Sink object at 0x0000021458321550>.AddRef() -> 2
2026-06-03 19:04:47,458 - comtypes._vtbl - DEBUG - unimplemented method _ISpeechVoiceEvents_Sentence called
2026-06-03 19:04:47,458 - comtypes._comobject - DEBUG - <comtypes.client._events.CreateEventReceiver.<locals>.Sink object at 0x0000021458321550>.Release() -> 1
2026-06-03 19:04:47,458 - comtypes._comobject - DEBUG - <comtypes.client._events.CreateEventReceiver.<locals>.Sink object at 0x0000021458321550>.AddRef() -> 2
2026-06-03 19:04:47,458 - comtypes._vtbl - DEBUG - unimplemented method _ISpeechVoiceEvents_Phoneme called
2026-06-03 19:04:47,458 - comtypes._comobject - DEBUG - <comtypes.client._events.CreateEventReceiver.<locals>.Sink object at 0x0000021458321550>.Release() -> 1
2026-06-03 19:04:47,458 - comtypes._comobject - DEBUG - <comtypes.client._events.CreateEventReceiver.<locals>.Sink object at 0x0000021458321550>.AddRef() -> 2
2026-06-03 19:04:47,458 - comtypes._vtbl - DEBUG - unimplemented method _ISpeechVoiceEvents_Viseme called
2026-06-03 19:04:47,458 - comtypes._comobject - DEBUG - <comtypes.client._events.CreateEventReceiver.<locals>.Sink object at 0x0000021458321550>.Release() -> 1
2026-06-03 19:04:48,735 - comtypes._comobject - DEBUG - <comtypes.client._events.CreateEventReceiver.<locals>.Sink object at 0x0000021458321550>.AddRef() -> 2
2026-06-03 19:04:48,735 - comtypes._comobject - DEBUG - <comtypes.client._events.CreateEventReceiver.<locals>.Sink object at 0x0000021458321550>.Release() -> 1
2026-06-03 19:04:48,735 - comtypes._comobject - DEBUG - <comtypes.client._events.CreateEventReceiver.<locals>.Sink object at 0x0000021458321550>.AddRef() -> 2
2026-06-03 19:04:48,736 - comtypes._vtbl - DEBUG - unimplemented method _ISpeechVoiceEvents_Phoneme called
2026-06-03 19:04:48,736 - comtypes._comobject - DEBUG - <comtypes.client._events.CreateEventReceiver.<locals>.Sink object at 0x0000021458321550>.Release() -> 1
2026-06-03 19:04:48,736 - comtypes._comobject - DEBUG - <comtypes.client._events.CreateEventReceiver.<locals>.Sink object at 0x0000021458321550>.AddRef() -> 2
2026-06-03 19:04:48,736 - comtypes._vtbl - DEBUG - unimplemented method _ISpeechVoiceEvents_Viseme called
2026-06-03 19:04:48,736 - comtypes._comobject - DEBUG - <comtypes.client._events.CreateEventReceiver.<locals>.Sink object at 0x0000021458321550>.Release() -> 1
2026-06-03 19:04:48,736 - comtypes._comobject - DEBUG - <comtypes.client._events.CreateEventReceiver.<locals>.Sink object at 0x0000021458321550>.AddRef() -> 2
2026-06-03 19:04:48,736 - comtypes._vtbl - DEBUG - unimplemented method _ISpeechVoiceEvents_Viseme called
2026-06-03 19:04:48,736 - comtypes._comobject - DEBUG - <comtypes.client._events.CreateEventReceiver.<locals>.Sink object at 0x0000021458321550>.Release() -> 1
2026-06-03 19:04:48,736 - comtypes._comobject - DEBUG - <comtypes.client._events.CreateEventReceiver.<locals>.Sink object at 0x0000021458321550>.AddRef() -> 2
2026-06-03 19:04:48,736 - comtypes._vtbl - DEBUG - unimplemented method _ISpeechVoiceEvents_Phoneme called
2026-06-03 19:04:48,737 - comtypes._comobject - DEBUG - <comtypes.client._events.CreateEventReceiver.<locals>.Sink object at 0x0000021458321550>.Release() -> 1
2026-06-03 19:04:48,737 - comtypes._comobject - DEBUG - <comtypes.client._events.CreateEventReceiver.<locals>.Sink object at 0x0000021458321550>.AddRef() -> 2
2026-06-03 19:04:48,737 - comtypes._vtbl - DEBUG - unimplemented method _ISpeechVoiceEvents_Viseme called
2026-06-03 19:04:48,737 - comtypes._comobject - DEBUG - <comtypes.client._events.CreateEventReceiver.<locals>.Sink object at 0x0000021458321550>.Release() -> 1
2026-06-03 19:04:48,737 - comtypes._comobject - DEBUG - <comtypes.client._events.CreateEventReceiver.<locals>.Sink object at 0x0000021458321550>.AddRef() -> 2
2026-06-03 19:04:48,737 - comtypes._vtbl - DEBUG - unimplemented method _ISpeechVoiceEvents_Phoneme called
2026-06-03 19:04:48,737 - comtypes._comobject - DEBUG - <comtypes.client._events.CreateEventReceiver.<locals>.Sink object at 0x0000021458321550>.Release() -> 1
2026-06-03 19:04:48,738 - comtypes._comobject - DEBUG - <comtypes.client._events.CreateEventReceiver.<locals>.Sink object at 0x0000021458321550>.AddRef() -> 2
2026-06-03 19:04:48,738 - comtypes._vtbl - DEBUG - unimplemented method _ISpeechVoiceEvents_Viseme called
2026-06-03 19:04:48,738 - comtypes._comobject - DEBUG - <comtypes.client._events.CreateEventReceiver.<locals>.Sink object at 0x0000021458321550>.Release() -> 1
2026-06-03 19:04:48,738 - comtypes._comobject - DEBUG - <comtypes.client._events.CreateEventReceiver.<locals>.Sink object at 0x0000021458321550>.AddRef() -> 2
2026-06-03 19:04:48,738 - comtypes._vtbl - DEBUG - unimplemented method _ISpeechVoiceEvents_Phoneme called
2026-06-03 19:04:48,738 - comtypes._comobject - DEBUG - <comtypes.client._events.CreateEventReceiver.<locals>.Sink object at 0x0000021458321550>.Release() -> 1
2026-06-03 19:04:48,738 - comtypes._comobject - DEBUG - <comtypes.client._events.CreateEventReceiver.<locals>.Sink object at 0x0000021458321550>.AddRef() -> 2
2026-06-03 19:04:48,738 - comtypes._vtbl - DEBUG - unimplemented method _ISpeechVoiceEvents_Viseme called
2026-06-03 19:04:48,738 - comtypes._comobject - DEBUG - <comtypes.client._events.CreateEventReceiver.<locals>.Sink object at 0x0000021458321550>.Release() -> 1
2026-06-03 19:04:48,738 - comtypes._comobject - DEBUG - <comtypes.client._events.CreateEventReceiver.<locals>.Sink object at 0x0000021458321550>.AddRef() -> 2
2026-06-03 19:04:48,739 - comtypes._vtbl - DEBUG - unimplemented method _ISpeechVoiceEvents_Phoneme called
2026-06-03 19:04:48,739 - comtypes._comobject - DEBUG - <comtypes.client._events.CreateEventReceiver.<locals>.Sink object at 0x0000021458321550>.Release() -> 1
2026-06-03 19:04:48,739 - comtypes._comobject - DEBUG - <comtypes.client._events.CreateEventReceiver.<locals>.Sink object at 0x0000021458321550>.AddRef() -> 2
2026-06-03 19:04:48,739 - comtypes._vtbl - DEBUG - unimplemented method _ISpeechVoiceEvents_Viseme called
2026-06-03 19:04:48,739 - comtypes._comobject - DEBUG - <comtypes.client._events.CreateEventReceiver.<locals>.Sink object at 0x0000021458321550>.Release() -> 1
2026-06-03 19:04:48,739 - comtypes._comobject - DEBUG - <comtypes.client._events.CreateEventReceiver.<locals>.Sink object at 0x0000021458321550>.AddRef() -> 2
2026-06-03 19:04:48,739 - comtypes._vtbl - DEBUG - unimplemented method _ISpeechVoiceEvents_Phoneme called
2026-06-03 19:04:48,739 - comtypes._comobject - DEBUG - <comtypes.client._events.CreateEventReceiver.<locals>.Sink object at 0x0000021458321550>.Release() -> 1
2026-06-03 19:04:48,739 - comtypes._comobject - DEBUG - <comtypes.client._events.CreateEventReceiver.<locals>.Sink object at 0x0000021458321550>.AddRef() -> 2
2026-06-03 19:04:48,739 - comtypes._vtbl - DEBUG - unimplemented method _ISpeechVoiceEvents_Viseme called
2026-06-03 19:04:48,739 - comtypes._comobject - DEBUG - <comtypes.client._events.CreateEventReceiver.<locals>.Sink object at 0x0000021458321550>.Release() -> 1
2026-06-03 19:04:48,790 - comtypes._comobject - DEBUG - <comtypes.client._events.CreateEventReceiver.<locals>.Sink object at 0x0000021458321550>.AddRef() -> 2
2026-06-03 19:04:48,790 - comtypes._comobject - DEBUG - <comtypes.client._events.CreateEventReceiver.<locals>.Sink object at 0x0000021458321550>.Release() -> 1
2026-06-03 19:04:48,790 - comtypes._comobject - DEBUG - <comtypes.client._events.CreateEventReceiver.<locals>.Sink object at 0x0000021458321550>.AddRef() -> 2
2026-06-03 19:04:48,790 - comtypes._vtbl - DEBUG - unimplemented method _ISpeechVoiceEvents_Phoneme called
2026-06-03 19:04:48,792 - comtypes._comobject - DEBUG - <comtypes.client._events.CreateEventReceiver.<locals>.Sink object at 0x0000021458321550>.Release() -> 1
2026-06-03 19:04:48,792 - comtypes._comobject - DEBUG - <comtypes.client._events.CreateEventReceiver.<locals>.Sink object at 0x0000021458321550>.AddRef() -> 2
2026-06-03 19:04:48,792 - comtypes._vtbl - DEBUG - unimplemented method _ISpeechVoiceEvents_Viseme called
2026-06-03 19:04:48,792 - comtypes._comobject - DEBUG - <comtypes.client._events.CreateEventReceiver.<locals>.Sink object at 0x0000021458321550>.Release() -> 1
2026-06-03 19:04:48,892 - comtypes._comobject - DEBUG - <comtypes.client._events.CreateEventReceiver.<locals>.Sink object at 0x0000021458321550>.AddRef() -> 2
2026-06-03 19:04:48,892 - comtypes._vtbl - DEBUG - unimplemented method _ISpeechVoiceEvents_Phoneme called
2026-06-03 19:04:48,892 - comtypes._comobject - DEBUG - <comtypes.client._events.CreateEventReceiver.<locals>.Sink object at 0x0000021458321550>.Release() -> 1
2026-06-03 19:04:48,893 - comtypes._comobject - DEBUG - <comtypes.client._events.CreateEventReceiver.<locals>.Sink object at 0x0000021458321550>.AddRef() -> 2
2026-06-03 19:04:48,893 - comtypes._vtbl - DEBUG - unimplemented method _ISpeechVoiceEvents_Viseme called
2026-06-03 19:04:48,893 - comtypes._comobject - DEBUG - <comtypes.client._events.CreateEventReceiver.<locals>.Sink object at 0x0000021458321550>.Release() -> 1
2026-06-03 19:04:48,994 - comtypes._comobject - DEBUG - <comtypes.client._events.CreateEventReceiver.<locals>.Sink object at 0x0000021458321550>.AddRef() -> 2
2026-06-03 19:04:48,994 - comtypes._vtbl - DEBUG - unimplemented method _ISpeechVoiceEvents_Phoneme called
2026-06-03 19:04:48,994 - comtypes._comobject - DEBUG - <comtypes.client._events.CreateEventReceiver.<locals>.Sink object at 0x0000021458321550>.Release() -> 1
2026-06-03 19:04:48,994 - comtypes._comobject - DEBUG - <comtypes.client._events.CreateEventReceiver.<locals>.Sink object at 0x0000021458321550>.AddRef() -> 2
2026-06-03 19:04:48,994 - comtypes._vtbl - DEBUG - unimplemented method _ISpeechVoiceEvents_Viseme called
2026-06-03 19:04:48,994 - comtypes._comobject - DEBUG - <comtypes.client._events.CreateEventReceiver.<locals>.Sink object at 0x0000021458321550>.Release() -> 1
2026-06-03 19:04:49,045 - comtypes._comobject - DEBUG - <comtypes.client._events.CreateEventReceiver.<locals>.Sink object at 0x0000021458321550>.AddRef() -> 2
2026-06-03 19:04:49,045 - comtypes._vtbl - DEBUG - unimplemented method _ISpeechVoiceEvents_Phoneme called
2026-06-03 19:04:49,045 - comtypes._comobject - DEBUG - <comtypes.client._events.CreateEventReceiver.<locals>.Sink object at 0x0000021458321550>.Release() -> 1
2026-06-03 19:04:49,045 - comtypes._comobject - DEBUG - <comtypes.client._events.CreateEventReceiver.<locals>.Sink object at 0x0000021458321550>.AddRef() -> 2
2026-06-03 19:04:49,045 - comtypes._vtbl - DEBUG - unimplemented method _ISpeechVoiceEvents_Viseme called
2026-06-03 19:04:49,045 - comtypes._comobject - DEBUG - <comtypes.client._events.CreateEventReceiver.<locals>.Sink object at 0x0000021458321550>.Release() -> 1
2026-06-03 19:04:49,077 - voice.tts_engines.piper_engine - ERROR - Piper TTS dependencies not installed: No module named 'piper.download'
2026-06-03 19:04:49,077 - voice.tts_engines.piper_engine - WARNING - To install Piper: pip install piper-tts sounddevice numpy
2026-06-03 19:04:49,077 - voice.tts_engines.engine_selector - WARNING - Failed to initialize piper, falling back...
2026-06-03 19:04:49,078 - voice.tts_engines.piper_engine - INFO - Initializing Piper TTS engine...
2026-06-03 19:04:49,078 - voice.tts_engines.piper_engine - ERROR - Piper TTS dependencies not installed: No module named 'piper.download'
2026-06-03 19:04:49,078 - voice.tts_engines.piper_engine - WARNING - To install Piper: pip install piper-tts sounddevice numpy
2026-06-03 19:04:49,078 - voice.tts_engines.pyttsx3_engine - INFO - Initializing pyttsx3 TTS engine...
2026-06-03 19:04:49,078 - voice.tts_engines.pyttsx3_engine - INFO - Set initial TTS speed to 150 WPM
2026-06-03 19:04:49,079 - comtypes.client._managing - DEBUG - wrap_outparam(<POINTER(ISpeechObjectTokens) ptr=0x21459584c50 at 2145a2fe350>)
2026-06-03 19:04:49,079 - comtypes._post_coinit.unknwn - DEBUG - Release <POINTER(IUnknown) ptr=0x214594ab7d0 at 2145a2fe950>
2026-06-03 19:04:49,079 - comtypes._post_coinit.unknwn - DEBUG - Release <POINTER(ISpeechObjectTokens) ptr=0x21459584c50 at 2145a2fe350>
2026-06-03 19:04:49,079 - comtypes.client._managing - DEBUG - wrap_outparam(<POINTER(IDispatch) ptr=0x21436141be0 at 2145a2fe6d0>)
2026-06-03 19:04:49,079 - comtypes.client._managing - DEBUG - GetBestInterface(<POINTER(IDispatch) ptr=0x21436141be0 at 2145a2fe6d0>)
2026-06-03 19:04:49,080 - comtypes.client._managing - DEBUG - Does NOT implement IProvideClassInfo, trying IProvideClassInfo2
2026-06-03 19:04:49,080 - comtypes.client._managing - DEBUG - Does NOT implement IProvideClassInfo/IProvideClassInfo2
2026-06-03 19:04:49,080 - comtypes._post_coinit.unknwn - DEBUG - Release <POINTER(IUnknown) ptr=0x2142c95b6d0 at 2145a2fea50>
2026-06-03 19:04:49,080 - comtypes.client._managing - DEBUG - Default interface is {C74A3ADC-B727-4500-A84A-B526721C8B8C}
2026-06-03 19:04:49,081 - comtypes._post_coinit.unknwn - DEBUG - Release <POINTER(IUnknown) ptr=0x21436141be0 at 2145a2feb50>
2026-06-03 19:04:49,081 - comtypes.client._generate - DEBUG - GetModule(TLIBATTR(GUID={C866CA3A-32F7-11D2-9602-00C04F8EE628}, Version=5.4, LCID=0, FLags=0x8))
2026-06-03 19:04:49,081 - comtypes.client._managing - DEBUG - Implements default interface from typeinfo <class 'comtypes.gen._C866CA3A_32F7_11D2_9602_00C04F8EE628_0_5_4.ISpeechObjectToken'>
2026-06-03 19:04:49,081 - comtypes.client._managing - DEBUG - Final result is <POINTER(ISpeechObjectToken) ptr=0x21436141be0 at 2145a2fea50>
2026-06-03 19:04:49,081 - comtypes._post_coinit.unknwn - DEBUG - Release <POINTER(IDispatch) ptr=0x21436141be0 at 2145a2fe850>
2026-06-03 19:04:49,081 - comtypes._post_coinit.unknwn - DEBUG - Release <POINTER(ITypeInfo) ptr=0x2142c95b6d0 at 2145a2fead0>
2026-06-03 19:04:49,081 - comtypes._post_coinit.unknwn - DEBUG - Release <POINTER(ITypeLib) ptr=0x2144cbfdb60 at 2145a2feb50>
2026-06-03 19:04:49,081 - comtypes._post_coinit.unknwn - DEBUG - Release <POINTER(IDispatch) ptr=0x21436141be0 at 2145a2fe6d0>
2026-06-03 19:04:49,083 - comtypes.client._managing - DEBUG - wrap_outparam(<POINTER(IDispatch) ptr=0x21436141520 at 2145a2feb50>)
2026-06-03 19:04:49,083 - comtypes.client._managing - DEBUG - GetBestInterface(<POINTER(IDispatch) ptr=0x21436141520 at 2145a2feb50>)
2026-06-03 19:04:49,083 - comtypes.client._managing - DEBUG - Does NOT implement IProvideClassInfo, trying IProvideClassInfo2
2026-06-03 19:04:49,083 - comtypes.client._managing - DEBUG - Does NOT implement IProvideClassInfo/IProvideClassInfo2
2026-06-03 19:04:49,083 - comtypes._post_coinit.unknwn - DEBUG - Release <POINTER(IUnknown) ptr=0x2142c95b6d0 at 2145a2fe850>
2026-06-03 19:04:49,083 - comtypes.client._managing - DEBUG - Default interface is {C74A3ADC-B727-4500-A84A-B526721C8B8C}
2026-06-03 19:04:49,083 - comtypes._post_coinit.unknwn - DEBUG - Release <POINTER(IUnknown) ptr=0x21436141520 at 2145a2febd0>
2026-06-03 19:04:49,084 - comtypes.client._generate - DEBUG - GetModule(TLIBATTR(GUID={C866CA3A-32F7-11D2-9602-00C04F8EE628}, Version=5.4, LCID=0, FLags=0x8))
2026-06-03 19:04:49,084 - comtypes.client._managing - DEBUG - Implements default interface from typeinfo <class 'comtypes.gen._C866CA3A_32F7_11D2_9602_00C04F8EE628_0_5_4.ISpeechObjectToken'>
2026-06-03 19:04:49,084 - comtypes.client._managing - DEBUG - Final result is <POINTER(ISpeechObjectToken) ptr=0x21436141520 at 2145a2fe850>
2026-06-03 19:04:49,084 - comtypes._post_coinit.unknwn - DEBUG - Release <POINTER(IDispatch) ptr=0x21436141520 at 2145a2fead0>
2026-06-03 19:04:49,084 - comtypes._post_coinit.unknwn - DEBUG - Release <POINTER(ITypeInfo) ptr=0x2142c95b6d0 at 2145a2fec50>
2026-06-03 19:04:49,084 - comtypes._post_coinit.unknwn - DEBUG - Release <POINTER(ITypeLib) ptr=0x2144cbfdb60 at 2145a2febd0>
2026-06-03 19:04:49,084 - comtypes._post_coinit.unknwn - DEBUG - Release <POINTER(IDispatch) ptr=0x21436141520 at 2145a2feb50>
2026-06-03 19:04:49,084 - comtypes._post_coinit.unknwn - DEBUG - Release <POINTER(ISpeechObjectToken) ptr=0x21436141be0 at 2145a2fea50>
2026-06-03 19:04:49,085 - comtypes._post_coinit.unknwn - DEBUG - Release <POINTER(IEnumVARIANT) ptr=0x214594ab7d0 at 2145a2fe650>
2026-06-03 19:04:49,085 - comtypes._post_coinit.unknwn - DEBUG - Release <POINTER(ISpeechObjectToken) ptr=0x21436141520 at 2145a2fe850>
2026-06-03 19:04:49,085 - voice.tts_engines.pyttsx3_engine - INFO - Available voices: 2 found
2026-06-03 19:04:49,085 - voice.tts_engines.pyttsx3_engine - INFO -   Voice 0: Microsoft David Desktop - English (United States)
2026-06-03 19:04:49,085 - voice.tts_engines.pyttsx3_engine - INFO - Found target voice: Microsoft David Desktop - English (United States)
2026-06-03 19:04:49,085 - voice.tts_engines.pyttsx3_engine - INFO - pyttsx3 TTS initialized successfully!
2026-06-03 19:04:49,085 - voice.tts_engines.engine_selector - INFO - Using TTS engine: pyttsx3
2026-06-03 19:04:49,086 - voice.tts_engines.pyttsx3_engine - INFO - Set TTS speed to 150 WPM (scale: 1.0)
2026-06-03 19:04:49,146 - comtypes._comobject - DEBUG - <comtypes.client._events.CreateEventReceiver.<locals>.Sink object at 0x0000021458321550>.AddRef() -> 2
2026-06-03 19:04:49,146 - comtypes._vtbl - DEBUG - unimplemented method _ISpeechVoiceEvents_Viseme called
2026-06-03 19:04:49,146 - comtypes._comobject - DEBUG - <comtypes.client._events.CreateEventReceiver.<locals>.Sink object at 0x0000021458321550>.Release() -> 1
2026-06-03 19:04:49,197 - comtypes._comobject - DEBUG - <comtypes.client._events.CreateEventReceiver.<locals>.Sink object at 0x0000021458321550>.AddRef() -> 2
2026-06-03 19:04:49,197 - comtypes._vtbl - DEBUG - unimplemented method _ISpeechVoiceEvents_Phoneme called
2026-06-03 19:04:49,197 - comtypes._comobject - DEBUG - <comtypes.client._events.CreateEventReceiver.<locals>.Sink object at 0x0000021458321550>.Release() -> 1
2026-06-03 19:04:49,197 - comtypes._comobject - DEBUG - <comtypes.client._events.CreateEventReceiver.<locals>.Sink object at 0x0000021458321550>.AddRef() -> 2
2026-06-03 19:04:49,197 - comtypes._vtbl - DEBUG - unimplemented method _ISpeechVoiceEvents_Viseme called
2026-06-03 19:04:49,197 - comtypes._comobject - DEBUG - <comtypes.client._events.CreateEventReceiver.<locals>.Sink object at 0x0000021458321550>.Release() -> 1
2026-06-03 19:04:49,348 - comtypes._comobject - DEBUG - <comtypes.client._events.CreateEventReceiver.<locals>.Sink object at 0x0000021458321550>.AddRef() -> 2
2026-06-03 19:04:49,348 - comtypes._vtbl - DEBUG - unimplemented method _ISpeechVoiceEvents_Phoneme called
2026-06-03 19:04:49,348 - comtypes._comobject - DEBUG - <comtypes.client._events.CreateEventReceiver.<locals>.Sink object at 0x0000021458321550>.Release() -> 1
2026-06-03 19:04:49,348 - comtypes._comobject - DEBUG - <comtypes.client._events.CreateEventReceiver.<locals>.Sink object at 0x0000021458321550>.AddRef() -> 2
2026-06-03 19:04:49,348 - comtypes._vtbl - DEBUG - unimplemented method _ISpeechVoiceEvents_Viseme called
2026-06-03 19:04:49,348 - comtypes._comobject - DEBUG - <comtypes.client._events.CreateEventReceiver.<locals>.Sink object at 0x0000021458321550>.Release() -> 1
2026-06-03 19:04:49,688 - voice.voice_memory - INFO - Loaded 26 voice interactions
2026-06-03 19:04:50,253 - comtypes._comobject - DEBUG - <comtypes.client._events.CreateEventReceiver.<locals>.Sink object at 0x0000021458321550>.AddRef() -> 2
2026-06-03 19:04:50,253 - comtypes._vtbl - DEBUG - unimplemented method _ISpeechVoiceEvents_Sentence called
2026-06-03 19:04:50,253 - comtypes._comobject - DEBUG - <comtypes.client._events.CreateEventReceiver.<locals>.Sink object at 0x0000021458321550>.Release() -> 1
2026-06-03 19:04:50,253 - comtypes._comobject - DEBUG - <comtypes.client._events.CreateEventReceiver.<locals>.Sink object at 0x0000021458321550>.AddRef() -> 2
2026-06-03 19:04:50,253 - comtypes._vtbl - DEBUG - unimplemented method _ISpeechVoiceEvents_Phoneme called
2026-06-03 19:04:50,253 - comtypes._comobject - DEBUG - <comtypes.client._events.CreateEventReceiver.<locals>.Sink object at 0x0000021458321550>.Release() -> 1
2026-06-03 19:04:50,254 - comtypes._comobject - DEBUG - <comtypes.client._events.CreateEventReceiver.<locals>.Sink object at 0x0000021458321550>.AddRef() -> 2
2026-06-03 19:04:50,254 - comtypes._vtbl - DEBUG - unimplemented method _ISpeechVoiceEvents_Viseme called
2026-06-03 19:04:50,254 - comtypes._comobject - DEBUG - <comtypes.client._events.CreateEventReceiver.<locals>.Sink object at 0x0000021458321550>.Release() -> 1
2026-06-03 19:04:50,406 - comtypes._comobject - DEBUG - <comtypes.client._events.CreateEventReceiver.<locals>.Sink object at 0x0000021458321550>.AddRef() -> 2
2026-06-03 19:04:50,406 - comtypes._comobject - DEBUG - <comtypes.client._events.CreateEventReceiver.<locals>.Sink object at 0x0000021458321550>.Release() -> 1
2026-06-03 19:04:50,406 - comtypes._comobject - DEBUG - <comtypes.client._events.CreateEventReceiver.<locals>.Sink object at 0x0000021458321550>.AddRef() -> 2
2026-06-03 19:04:50,406 - comtypes._vtbl - DEBUG - unimplemented method _ISpeechVoiceEvents_Phoneme called
2026-06-03 19:04:50,406 - comtypes._comobject - DEBUG - <comtypes.client._events.CreateEventReceiver.<locals>.Sink object at 0x0000021458321550>.Release() -> 1
2026-06-03 19:04:50,406 - comtypes._comobject - DEBUG - <comtypes.client._events.CreateEventReceiver.<locals>.Sink object at 0x0000021458321550>.AddRef() -> 2
2026-06-03 19:04:50,406 - comtypes._vtbl - DEBUG - unimplemented method _ISpeechVoiceEvents_Viseme called
2026-06-03 19:04:50,406 - comtypes._comobject - DEBUG - <comtypes.client._events.CreateEventReceiver.<locals>.Sink object at 0x0000021458321550>.Release() -> 1
2026-06-03 19:04:50,457 - comtypes._comobject - DEBUG - <comtypes.client._events.CreateEventReceiver.<locals>.Sink object at 0x0000021458321550>.AddRef() -> 2
2026-06-03 19:04:50,457 - comtypes._vtbl - DEBUG - unimplemented method _ISpeechVoiceEvents_Phoneme called
2026-06-03 19:04:50,457 - comtypes._comobject - DEBUG - <comtypes.client._events.CreateEventReceiver.<locals>.Sink object at 0x0000021458321550>.Release() -> 1
2026-06-03 19:04:50,457 - comtypes._comobject - DEBUG - <comtypes.client._events.CreateEventReceiver.<locals>.Sink object at 0x0000021458321550>.AddRef() -> 2
2026-06-03 19:04:50,457 - comtypes._vtbl - DEBUG - unimplemented method _ISpeechVoiceEvents_Viseme called
2026-06-03 19:04:50,457 - comtypes._comobject - DEBUG - <comtypes.client._events.CreateEventReceiver.<locals>.Sink object at 0x0000021458321550>.Release() -> 1
2026-06-03 19:04:50,558 - comtypes._comobject - DEBUG - <comtypes.client._events.CreateEventReceiver.<locals>.Sink object at 0x0000021458321550>.AddRef() -> 2
2026-06-03 19:04:50,558 - comtypes._comobject - DEBUG - <comtypes.client._events.CreateEventReceiver.<locals>.Sink object at 0x0000021458321550>.Release() -> 1
2026-06-03 19:04:50,558 - comtypes._comobject - DEBUG - <comtypes.client._events.CreateEventReceiver.<locals>.Sink object at 0x0000021458321550>.AddRef() -> 2
2026-06-03 19:04:50,558 - comtypes._vtbl - DEBUG - unimplemented method _ISpeechVoiceEvents_Phoneme called
2026-06-03 19:04:50,558 - comtypes._comobject - DEBUG - <comtypes.client._events.CreateEventReceiver.<locals>.Sink object at 0x0000021458321550>.Release() -> 1
2026-06-03 19:04:50,558 - comtypes._comobject - DEBUG - <comtypes.client._events.CreateEventReceiver.<locals>.Sink object at 0x0000021458321550>.AddRef() -> 2
2026-06-03 19:04:50,558 - comtypes._vtbl - DEBUG - unimplemented method _ISpeechVoiceEvents_Viseme called
2026-06-03 19:04:50,558 - comtypes._comobject - DEBUG - <comtypes.client._events.CreateEventReceiver.<locals>.Sink object at 0x0000021458321550>.Release() -> 1
2026-06-03 19:04:50,709 - comtypes._comobject - DEBUG - <comtypes.client._events.CreateEventReceiver.<locals>.Sink object at 0x0000021458321550>.AddRef() -> 2
2026-06-03 19:04:50,709 - comtypes._vtbl - DEBUG - unimplemented method _ISpeechVoiceEvents_Phoneme called
2026-06-03 19:04:50,709 - comtypes._comobject - DEBUG - <comtypes.client._events.CreateEventReceiver.<locals>.Sink object at 0x0000021458321550>.Release() -> 1
2026-06-03 19:04:50,709 - comtypes._comobject - DEBUG - <comtypes.client._events.CreateEventReceiver.<locals>.Sink object at 0x0000021458321550>.AddRef() -> 2
2026-06-03 19:04:50,709 - comtypes._vtbl - DEBUG - unimplemented method _ISpeechVoiceEvents_Viseme called
2026-06-03 19:04:50,709 - comtypes._comobject - DEBUG - <comtypes.client._events.CreateEventReceiver.<locals>.Sink object at 0x0000021458321550>.Release() -> 1
2026-06-03 19:04:50,720 - voice.audio_router - INFO - Found 2 input devices, 2 output devices
2026-06-03 19:04:50,721 - runtime.runtime_manager - INFO - Initializing JARVIS runtime system
2026-06-03 19:04:50,721 - runtime_core.event_bus - DEBUG - Subscribed to PAUSE
2026-06-03 19:04:50,721 - runtime_core.event_bus - DEBUG - Subscribed to RESUME
2026-06-03 19:04:50,721 - runtime.hotkey_manager - INFO - Initializing hotkey manager
2026-06-03 19:04:50,760 - comtypes._comobject - DEBUG - <comtypes.client._events.CreateEventReceiver.<locals>.Sink object at 0x0000021458321550>.AddRef() -> 2
2026-06-03 19:04:50,760 - comtypes._vtbl - DEBUG - unimplemented method _ISpeechVoiceEvents_Phoneme called
2026-06-03 19:04:50,760 - comtypes._comobject - DEBUG - <comtypes.client._events.CreateEventReceiver.<locals>.Sink object at 0x0000021458321550>.Release() -> 1
2026-06-03 19:04:50,760 - comtypes._comobject - DEBUG - <comtypes.client._events.CreateEventReceiver.<locals>.Sink object at 0x0000021458321550>.AddRef() -> 2
2026-06-03 19:04:50,760 - comtypes._vtbl - DEBUG - unimplemented method _ISpeechVoiceEvents_Viseme called
2026-06-03 19:04:50,760 - comtypes._comobject - DEBUG - <comtypes.client._events.CreateEventReceiver.<locals>.Sink object at 0x0000021458321550>.Release() -> 1
2026-06-03 19:04:50,861 - comtypes._comobject - DEBUG - <comtypes.client._events.CreateEventReceiver.<locals>.Sink object at 0x0000021458321550>.AddRef() -> 2
2026-06-03 19:04:50,861 - comtypes._vtbl - DEBUG - unimplemented method _ISpeechVoiceEvents_Phoneme called
2026-06-03 19:04:50,861 - comtypes._comobject - DEBUG - <comtypes.client._events.CreateEventReceiver.<locals>.Sink object at 0x0000021458321550>.Release() -> 1
2026-06-03 19:04:50,861 - comtypes._comobject - DEBUG - <comtypes.client._events.CreateEventReceiver.<locals>.Sink object at 0x0000021458321550>.AddRef() -> 2
2026-06-03 19:04:50,861 - comtypes._vtbl - DEBUG - unimplemented method _ISpeechVoiceEvents_Viseme called
2026-06-03 19:04:50,861 - comtypes._comobject - DEBUG - <comtypes.client._events.CreateEventReceiver.<locals>.Sink object at 0x0000021458321550>.Release() -> 1
2026-06-03 19:04:50,912 - comtypes._comobject - DEBUG - <comtypes.client._events.CreateEventReceiver.<locals>.Sink object at 0x0000021458321550>.AddRef() -> 2
2026-06-03 19:04:50,912 - comtypes._vtbl - DEBUG - unimplemented method _ISpeechVoiceEvents_Phoneme called
2026-06-03 19:04:50,912 - comtypes._comobject - DEBUG - <comtypes.client._events.CreateEventReceiver.<locals>.Sink object at 0x0000021458321550>.Release() -> 1
2026-06-03 19:04:50,912 - comtypes._comobject - DEBUG - <comtypes.client._events.CreateEventReceiver.<locals>.Sink object at 0x0000021458321550>.AddRef() -> 2
2026-06-03 19:04:50,912 - comtypes._vtbl - DEBUG - unimplemented method _ISpeechVoiceEvents_Viseme called
2026-06-03 19:04:50,912 - comtypes._comobject - DEBUG - <comtypes.client._events.CreateEventReceiver.<locals>.Sink object at 0x0000021458321550>.Release() -> 1
2026-06-03 19:04:50,964 - comtypes._comobject - DEBUG - <comtypes.client._events.CreateEventReceiver.<locals>.Sink object at 0x0000021458321550>.AddRef() -> 2
2026-06-03 19:04:50,964 - comtypes._vtbl - DEBUG - unimplemented method _ISpeechVoiceEvents_Phoneme called
2026-06-03 19:04:50,964 - comtypes._comobject - DEBUG - <comtypes.client._events.CreateEventReceiver.<locals>.Sink object at 0x0000021458321550>.Release() -> 1
2026-06-03 19:04:50,964 - comtypes._comobject - DEBUG - <comtypes.client._events.CreateEventReceiver.<locals>.Sink object at 0x0000021458321550>.AddRef() -> 2
2026-06-03 19:04:50,964 - comtypes._vtbl - DEBUG - unimplemented method _ISpeechVoiceEvents_Viseme called
2026-06-03 19:04:50,964 - comtypes._comobject - DEBUG - <comtypes.client._events.CreateEventReceiver.<locals>.Sink object at 0x0000021458321550>.Release() -> 1
2026-06-03 19:04:51,015 - comtypes._comobject - DEBUG - <comtypes.client._events.CreateEventReceiver.<locals>.Sink object at 0x0000021458321550>.AddRef() -> 2
2026-06-03 19:04:51,015 - comtypes._vtbl - DEBUG - unimplemented method _ISpeechVoiceEvents_Phoneme called
2026-06-03 19:04:51,015 - comtypes._comobject - DEBUG - <comtypes.client._events.CreateEventReceiver.<locals>.Sink object at 0x0000021458321550>.Release() -> 1
2026-06-03 19:04:51,015 - comtypes._comobject - DEBUG - <comtypes.client._events.CreateEventReceiver.<locals>.Sink object at 0x0000021458321550>.AddRef() -> 2
2026-06-03 19:04:51,015 - comtypes._vtbl - DEBUG - unimplemented method _ISpeechVoiceEvents_Viseme called
2026-06-03 19:04:51,015 - comtypes._comobject - DEBUG - <comtypes.client._events.CreateEventReceiver.<locals>.Sink object at 0x0000021458321550>.Release() -> 1
2026-06-03 19:04:51,094 - runtime.hotkey_manager - DEBUG - Keyboard library imported successfully
2026-06-03 19:04:51,094 - runtime.idle_controller - INFO - Initializing idle controller
2026-06-03 19:04:51,095 - runtime.wake_listener - INFO - Initializing wake listener
2026-06-03 19:04:51,095 - runtime.wake_listener - INFO - SpeechRecognition version: 3.16.1
2026-06-03 19:04:51,116 - comtypes._comobject - DEBUG - <comtypes.client._events.CreateEventReceiver.<locals>.Sink object at 0x0000021458321550>.AddRef() -> 2
2026-06-03 19:04:51,116 - comtypes._comobject - DEBUG - <comtypes.client._events.CreateEventReceiver.<locals>.Sink object at 0x0000021458321550>.Release() -> 1
2026-06-03 19:04:51,116 - comtypes._comobject - DEBUG - <comtypes.client._events.CreateEventReceiver.<locals>.Sink object at 0x0000021458321550>.AddRef() -> 2
2026-06-03 19:04:51,116 - comtypes._vtbl - DEBUG - unimplemented method _ISpeechVoiceEvents_Phoneme called
2026-06-03 19:04:51,116 - comtypes._comobject - DEBUG - <comtypes.client._events.CreateEventReceiver.<locals>.Sink object at 0x0000021458321550>.Release() -> 1
2026-06-03 19:04:51,116 - comtypes._comobject - DEBUG - <comtypes.client._events.CreateEventReceiver.<locals>.Sink object at 0x0000021458321550>.AddRef() -> 2
2026-06-03 19:04:51,116 - comtypes._vtbl - DEBUG - unimplemented method _ISpeechVoiceEvents_Viseme called
2026-06-03 19:04:51,117 - comtypes._comobject - DEBUG - <comtypes.client._events.CreateEventReceiver.<locals>.Sink object at 0x0000021458321550>.Release() -> 1
2026-06-03 19:04:51,168 - comtypes._comobject - DEBUG - <comtypes.client._events.CreateEventReceiver.<locals>.Sink object at 0x0000021458321550>.AddRef() -> 2
2026-06-03 19:04:51,168 - comtypes._vtbl - DEBUG - unimplemented method _ISpeechVoiceEvents_Phoneme called
2026-06-03 19:04:51,168 - comtypes._comobject - DEBUG - <comtypes.client._events.CreateEventReceiver.<locals>.Sink object at 0x0000021458321550>.Release() -> 1
2026-06-03 19:04:51,168 - comtypes._comobject - DEBUG - <comtypes.client._events.CreateEventReceiver.<locals>.Sink object at 0x0000021458321550>.AddRef() -> 2
2026-06-03 19:04:51,168 - comtypes._vtbl - DEBUG - unimplemented method _ISpeechVoiceEvents_Viseme called
2026-06-03 19:04:51,168 - comtypes._comobject - DEBUG - <comtypes.client._events.CreateEventReceiver.<locals>.Sink object at 0x0000021458321550>.Release() -> 1
2026-06-03 19:04:51,219 - comtypes._comobject - DEBUG - <comtypes.client._events.CreateEventReceiver.<locals>.Sink object at 0x0000021458321550>.AddRef() -> 2
2026-06-03 19:04:51,219 - comtypes._vtbl - DEBUG - unimplemented method _ISpeechVoiceEvents_Phoneme called
2026-06-03 19:04:51,219 - comtypes._comobject - DEBUG - <comtypes.client._events.CreateEventReceiver.<locals>.Sink object at 0x0000021458321550>.Release() -> 1
2026-06-03 19:04:51,219 - comtypes._comobject - DEBUG - <comtypes.client._events.CreateEventReceiver.<locals>.Sink object at 0x0000021458321550>.AddRef() -> 2
2026-06-03 19:04:51,219 - comtypes._vtbl - DEBUG - unimplemented method _ISpeechVoiceEvents_Viseme called
2026-06-03 19:04:51,219 - comtypes._comobject - DEBUG - <comtypes.client._events.CreateEventReceiver.<locals>.Sink object at 0x0000021458321550>.Release() -> 1
2026-06-03 19:04:51,320 - comtypes._comobject - DEBUG - <comtypes.client._events.CreateEventReceiver.<locals>.Sink object at 0x0000021458321550>.AddRef() -> 2
2026-06-03 19:04:51,320 - comtypes._vtbl - DEBUG - unimplemented method _ISpeechVoiceEvents_Phoneme called
2026-06-03 19:04:51,320 - comtypes._comobject - DEBUG - <comtypes.client._events.CreateEventReceiver.<locals>.Sink object at 0x0000021458321550>.Release() -> 1
2026-06-03 19:04:51,320 - comtypes._comobject - DEBUG - <comtypes.client._events.CreateEventReceiver.<locals>.Sink object at 0x0000021458321550>.AddRef() -> 2
2026-06-03 19:04:51,320 - comtypes._vtbl - DEBUG - unimplemented method _ISpeechVoiceEvents_Viseme called
2026-06-03 19:04:51,320 - comtypes._comobject - DEBUG - <comtypes.client._events.CreateEventReceiver.<locals>.Sink object at 0x0000021458321550>.Release() -> 1
2026-06-03 19:04:51,422 - comtypes._comobject - DEBUG - <comtypes.client._events.CreateEventReceiver.<locals>.Sink object at 0x0000021458321550>.AddRef() -> 2
2026-06-03 19:04:51,422 - comtypes._vtbl - DEBUG - unimplemented method _ISpeechVoiceEvents_Phoneme called
2026-06-03 19:04:51,422 - comtypes._comobject - DEBUG - <comtypes.client._events.CreateEventReceiver.<locals>.Sink object at 0x0000021458321550>.Release() -> 1
2026-06-03 19:04:51,422 - comtypes._comobject - DEBUG - <comtypes.client._events.CreateEventReceiver.<locals>.Sink object at 0x0000021458321550>.AddRef() -> 2
2026-06-03 19:04:51,422 - comtypes._vtbl - DEBUG - unimplemented method _ISpeechVoiceEvents_Viseme called
2026-06-03 19:04:51,422 - comtypes._comobject - DEBUG - <comtypes.client._events.CreateEventReceiver.<locals>.Sink object at 0x0000021458321550>.Release() -> 1
2026-06-03 19:04:51,473 - comtypes._comobject - DEBUG - <comtypes.client._events.CreateEventReceiver.<locals>.Sink object at 0x0000021458321550>.AddRef() -> 2
2026-06-03 19:04:51,473 - comtypes._vtbl - DEBUG - unimplemented method _ISpeechVoiceEvents_Phoneme called
2026-06-03 19:04:51,473 - comtypes._comobject - DEBUG - <comtypes.client._events.CreateEventReceiver.<locals>.Sink object at 0x0000021458321550>.Release() -> 1
2026-06-03 19:04:51,473 - comtypes._comobject - DEBUG - <comtypes.client._events.CreateEventReceiver.<locals>.Sink object at 0x0000021458321550>.AddRef() -> 2
2026-06-03 19:04:51,473 - comtypes._vtbl - DEBUG - unimplemented method _ISpeechVoiceEvents_Viseme called
2026-06-03 19:04:51,473 - comtypes._comobject - DEBUG - <comtypes.client._events.CreateEventReceiver.<locals>.Sink object at 0x0000021458321550>.Release() -> 1
2026-06-03 19:04:51,475 - runtime.wake_listener - INFO - Speech recognition and microphone initialized successfully
2026-06-03 19:04:51,475 - runtime.wake_listener - INFO - Fixed energy threshold set to: 200
2026-06-03 19:04:51,475 - runtime.runtime_manager - INFO - Runtime manager initialized successfully
2026-06-03 19:04:51,475 - runtime.hotkey_manager - INFO - Initializing hotkey manager
2026-06-03 19:04:51,475 - runtime.hotkey_manager - DEBUG - Keyboard library imported successfully
2026-06-03 19:04:51,524 - comtypes._comobject - DEBUG - <comtypes.client._events.CreateEventReceiver.<locals>.Sink object at 0x0000021458321550>.AddRef() -> 2
2026-06-03 19:04:51,524 - comtypes._vtbl - DEBUG - unimplemented method _ISpeechVoiceEvents_Phoneme called
2026-06-03 19:04:51,524 - comtypes._comobject - DEBUG - <comtypes.client._events.CreateEventReceiver.<locals>.Sink object at 0x0000021458321550>.Release() -> 1
2026-06-03 19:04:51,524 - comtypes._comobject - DEBUG - <comtypes.client._events.CreateEventReceiver.<locals>.Sink object at 0x0000021458321550>.AddRef() -> 2
2026-06-03 19:04:51,524 - comtypes._vtbl - DEBUG - unimplemented method _ISpeechVoiceEvents_Viseme called
2026-06-03 19:04:51,524 - comtypes._comobject - DEBUG - <comtypes.client._events.CreateEventReceiver.<locals>.Sink object at 0x0000021458321550>.Release() -> 1
2026-06-03 19:04:51,527 - integration.speech_listener - INFO - Microphone initialized successfully!
2026-06-03 19:04:51,582 - runtime.hotkey_manager - INFO - Hotkey listener started (CTRL+P registered)
2026-06-03 19:04:51,643 - integration.speech_listener - INFO - Adjusting for ambient noise...
2026-06-03 19:04:51,675 - comtypes._comobject - DEBUG - <comtypes.client._events.CreateEventReceiver.<locals>.Sink object at 0x0000021458321550>.AddRef() -> 2
2026-06-03 19:04:51,711 - comtypes._vtbl - DEBUG - unimplemented method _ISpeechVoiceEvents_Viseme called
2026-06-03 19:04:51,711 - comtypes._comobject - DEBUG - <comtypes.client._events.CreateEventReceiver.<locals>.Sink object at 0x0000021458321550>.Release() -> 1
2026-06-03 19:04:51,711 - comtypes._comobject - DEBUG - <comtypes.client._events.CreateEventReceiver.<locals>.Sink object at 0x0000021458321550>.AddRef() -> 2
2026-06-03 19:04:51,711 - comtypes._vtbl - DEBUG - unimplemented method _ISpeechVoiceEvents_Phoneme called
2026-06-03 19:04:51,711 - comtypes._comobject - DEBUG - <comtypes.client._events.CreateEventReceiver.<locals>.Sink object at 0x0000021458321550>.Release() -> 1
2026-06-03 19:04:51,711 - comtypes._comobject - DEBUG - <comtypes.client._events.CreateEventReceiver.<locals>.Sink object at 0x0000021458321550>.AddRef() -> 2
2026-06-03 19:04:51,711 - comtypes._vtbl - DEBUG - unimplemented method _ISpeechVoiceEvents_Viseme called
2026-06-03 19:04:51,711 - comtypes._comobject - DEBUG - <comtypes.client._events.CreateEventReceiver.<locals>.Sink object at 0x0000021458321550>.Release() -> 1
2026-06-03 19:04:53,070 - comtypes._comobject - DEBUG - <comtypes.client._events.CreateEventReceiver.<locals>.Sink object at 0x0000021458321550>.AddRef() -> 2
2026-06-03 19:04:53,147 - comtypes._vtbl - DEBUG - unimplemented method _ISpeechVoiceEvents_Phoneme called
2026-06-03 19:04:53,147 - comtypes._comobject - DEBUG - <comtypes.client._events.CreateEventReceiver.<locals>.Sink object at 0x0000021458321550>.Release() -> 1
2026-06-03 19:04:53,147 - comtypes._comobject - DEBUG - <comtypes.client._events.CreateEventReceiver.<locals>.Sink object at 0x0000021458321550>.AddRef() -> 2
2026-06-03 19:04:53,147 - comtypes._vtbl - DEBUG - unimplemented method _ISpeechVoiceEvents_Viseme called
2026-06-03 19:04:53,147 - comtypes._comobject - DEBUG - <comtypes.client._events.CreateEventReceiver.<locals>.Sink object at 0x0000021458321550>.Release() -> 1
2026-06-03 19:04:53,147 - comtypes._comobject - DEBUG - <comtypes.client._events.CreateEventReceiver.<locals>.Sink object at 0x0000021458321550>.AddRef() -> 2
2026-06-03 19:04:53,148 - comtypes._comobject - DEBUG - <comtypes.client._events.CreateEventReceiver.<locals>.Sink object at 0x0000021458321550>.Release() -> 1
2026-06-03 19:04:53,148 - comtypes._comobject - DEBUG - <comtypes.client._events.CreateEventReceiver.<locals>.Sink object at 0x0000021458321550>.AddRef() -> 2
2026-06-03 19:04:53,148 - comtypes._vtbl - DEBUG - unimplemented method _ISpeechVoiceEvents_Phoneme called
2026-06-03 19:04:53,148 - comtypes._comobject - DEBUG - <comtypes.client._events.CreateEventReceiver.<locals>.Sink object at 0x0000021458321550>.Release() -> 1
2026-06-03 19:04:53,148 - comtypes._comobject - DEBUG - <comtypes.client._events.CreateEventReceiver.<locals>.Sink object at 0x0000021458321550>.AddRef() -> 2
2026-06-03 19:04:53,148 - comtypes._vtbl - DEBUG - unimplemented method _ISpeechVoiceEvents_Viseme called
2026-06-03 19:04:53,148 - comtypes._comobject - DEBUG - <comtypes.client._events.CreateEventReceiver.<locals>.Sink object at 0x0000021458321550>.Release() -> 1
2026-06-03 19:04:53,199 - comtypes._comobject - DEBUG - <comtypes.client._events.CreateEventReceiver.<locals>.Sink object at 0x0000021458321550>.AddRef() -> 2
2026-06-03 19:04:53,199 - comtypes._vtbl - DEBUG - unimplemented method _ISpeechVoiceEvents_Phoneme called
2026-06-03 19:04:53,199 - comtypes._comobject - DEBUG - <comtypes.client._events.CreateEventReceiver.<locals>.Sink object at 0x0000021458321550>.Release() -> 1
2026-06-03 19:04:53,199 - comtypes._comobject - DEBUG - <comtypes.client._events.CreateEventReceiver.<locals>.Sink object at 0x0000021458321550>.AddRef() -> 2
2026-06-03 19:04:53,199 - comtypes._vtbl - DEBUG - unimplemented method _ISpeechVoiceEvents_Viseme called
2026-06-03 19:04:53,199 - comtypes._comobject - DEBUG - <comtypes.client._events.CreateEventReceiver.<locals>.Sink object at 0x0000021458321550>.Release() -> 1
2026-06-03 19:04:53,300 - comtypes._comobject - DEBUG - <comtypes.client._events.CreateEventReceiver.<locals>.Sink object at 0x0000021458321550>.AddRef() -> 2
2026-06-03 19:04:53,300 - comtypes._comobject - DEBUG - <comtypes.client._events.CreateEventReceiver.<locals>.Sink object at 0x0000021458321550>.Release() -> 1
2026-06-03 19:04:53,300 - comtypes._comobject - DEBUG - <comtypes.client._events.CreateEventReceiver.<locals>.Sink object at 0x0000021458321550>.AddRef() -> 2
2026-06-03 19:04:53,300 - comtypes._vtbl - DEBUG - unimplemented method _ISpeechVoiceEvents_Phoneme called
2026-06-03 19:04:53,300 - comtypes._comobject - DEBUG - <comtypes.client._events.CreateEventReceiver.<locals>.Sink object at 0x0000021458321550>.Release() -> 1
2026-06-03 19:04:53,300 - comtypes._comobject - DEBUG - <comtypes.client._events.CreateEventReceiver.<locals>.Sink object at 0x0000021458321550>.AddRef() -> 2
2026-06-03 19:04:53,300 - comtypes._vtbl - DEBUG - unimplemented method _ISpeechVoiceEvents_Viseme called
2026-06-03 19:04:53,301 - comtypes._comobject - DEBUG - <comtypes.client._events.CreateEventReceiver.<locals>.Sink object at 0x0000021458321550>.Release() -> 1
2026-06-03 19:04:53,352 - comtypes._comobject - DEBUG - <comtypes.client._events.CreateEventReceiver.<locals>.Sink object at 0x0000021458321550>.AddRef() -> 2
2026-06-03 19:04:53,352 - comtypes._vtbl - DEBUG - unimplemented method _ISpeechVoiceEvents_Phoneme called
2026-06-03 19:04:53,352 - comtypes._comobject - DEBUG - <comtypes.client._events.CreateEventReceiver.<locals>.Sink object at 0x0000021458321550>.Release() -> 1
2026-06-03 19:04:53,352 - comtypes._comobject - DEBUG - <comtypes.client._events.CreateEventReceiver.<locals>.Sink object at 0x0000021458321550>.AddRef() -> 2
2026-06-03 19:04:53,352 - comtypes._vtbl - DEBUG - unimplemented method _ISpeechVoiceEvents_Viseme called
2026-06-03 19:04:53,352 - comtypes._comobject - DEBUG - <comtypes.client._events.CreateEventReceiver.<locals>.Sink object at 0x0000021458321550>.Release() -> 1
2026-06-03 19:04:53,403 - comtypes._comobject - DEBUG - <comtypes.client._events.CreateEventReceiver.<locals>.Sink object at 0x0000021458321550>.AddRef() -> 2
2026-06-03 19:04:53,403 - comtypes._vtbl - DEBUG - unimplemented method _ISpeechVoiceEvents_Phoneme called
2026-06-03 19:04:53,403 - comtypes._comobject - DEBUG - <comtypes.client._events.CreateEventReceiver.<locals>.Sink object at 0x0000021458321550>.Release() -> 1
2026-06-03 19:04:53,403 - comtypes._comobject - DEBUG - <comtypes.client._events.CreateEventReceiver.<locals>.Sink object at 0x0000021458321550>.AddRef() -> 2
2026-06-03 19:04:53,403 - comtypes._vtbl - DEBUG - unimplemented method _ISpeechVoiceEvents_Viseme called
2026-06-03 19:04:53,403 - comtypes._comobject - DEBUG - <comtypes.client._events.CreateEventReceiver.<locals>.Sink object at 0x0000021458321550>.Release() -> 1
2026-06-03 19:04:53,504 - comtypes._comobject - DEBUG - <comtypes.client._events.CreateEventReceiver.<locals>.Sink object at 0x0000021458321550>.AddRef() -> 2
2026-06-03 19:04:53,504 - comtypes._vtbl - DEBUG - unimplemented method _ISpeechVoiceEvents_Phoneme called
2026-06-03 19:04:53,504 - comtypes._comobject - DEBUG - <comtypes.client._events.CreateEventReceiver.<locals>.Sink object at 0x0000021458321550>.Release() -> 1
2026-06-03 19:04:53,504 - comtypes._comobject - DEBUG - <comtypes.client._events.CreateEventReceiver.<locals>.Sink object at 0x0000021458321550>.AddRef() -> 2
2026-06-03 19:04:53,504 - comtypes._vtbl - DEBUG - unimplemented method _ISpeechVoiceEvents_Viseme called
2026-06-03 19:04:53,504 - comtypes._comobject - DEBUG - <comtypes.client._events.CreateEventReceiver.<locals>.Sink object at 0x0000021458321550>.Release() -> 1
2026-06-03 19:04:53,656 - comtypes._comobject - DEBUG - <comtypes.client._events.CreateEventReceiver.<locals>.Sink object at 0x0000021458321550>.AddRef() -> 2
2026-06-03 19:04:53,656 - comtypes._vtbl - DEBUG - unimplemented method _ISpeechVoiceEvents_Phoneme called
2026-06-03 19:04:53,656 - comtypes._comobject - DEBUG - <comtypes.client._events.CreateEventReceiver.<locals>.Sink object at 0x0000021458321550>.Release() -> 1
2026-06-03 19:04:53,656 - comtypes._comobject - DEBUG - <comtypes.client._events.CreateEventReceiver.<locals>.Sink object at 0x0000021458321550>.AddRef() -> 2
2026-06-03 19:04:53,656 - comtypes._vtbl - DEBUG - unimplemented method _ISpeechVoiceEvents_Viseme called
2026-06-03 19:04:53,656 - comtypes._comobject - DEBUG - <comtypes.client._events.CreateEventReceiver.<locals>.Sink object at 0x0000021458321550>.Release() -> 1
2026-06-03 19:04:53,964 - integration.speech_listener - INFO - Energy threshold set to: 546.433589968508
2026-06-03 19:04:53,982 - integration.speech_listener - INFO - Speech listener started!
2026-06-03 19:04:53,982 - integration.speech_listener - DEBUG - Listening for wake word...
2026-06-03 19:04:53,982 - runtime.idle_controller - DEBUG - Idle controller: idle state - optimizing resources
2026-06-03 19:04:53,982 - runtime.runtime_manager - INFO - Starting JARVIS runtime service
2026-06-03 19:04:53,983 - runtime.background_service - INFO - Starting background service
2026-06-03 19:04:53,983 - asyncio - DEBUG - Using proactor: IocpProactor
2026-06-03 19:04:53,983 - runtime.background_service - INFO - Entering idle loop
2026-06-03 19:04:54,413 - comtypes._comobject - DEBUG - <comtypes.client._events.CreateEventReceiver.<locals>.Sink object at 0x0000021458321550>.AddRef() -> 2
2026-06-03 19:04:54,413 - comtypes._comobject - DEBUG - <comtypes.client._events.CreateEventReceiver.<locals>.Sink object at 0x0000021458321550>.Release() -> 1
2026-06-03 19:04:54,464 - __main__ - INFO - TTS FINISHED SPEAKING (SUCCESS!)
2026-06-03 19:04:54,983 - runtime.idle_controller - DEBUG - Idle controller: idle state - optimizing resources
2026-06-03 19:04:55,984 - runtime.idle_controller - DEBUG - Idle controller: idle state - optimizing resources
2026-06-03 19:04:56,984 - runtime.idle_controller - DEBUG - Idle controller: idle state - optimizing resources
2026-06-03 19:04:57,985 - runtime.idle_controller - DEBUG - Idle controller: idle state - optimizing resources
2026-06-03 19:04:58,985 - runtime.idle_controller - DEBUG - Idle controller: idle state - optimizing resources
2026-06-03 19:04:59,986 - runtime.idle_controller - DEBUG - Idle controller: idle state - optimizing resources
2026-06-03 19:05:00,987 - runtime.idle_controller - DEBUG - Idle controller: idle state - optimizing resources
2026-06-03 19:05:01,987 - runtime.idle_controller - DEBUG - Idle controller: idle state - optimizing resources
2026-06-03 19:05:02,988 - runtime.idle_controller - DEBUG - Idle controller: idle state - optimizing resources
2026-06-03 19:05:03,989 - runtime.idle_controller - DEBUG - Idle controller: idle state - optimizing resources
2026-06-03 19:05:04,989 - runtime.idle_controller - DEBUG - Idle controller: idle state - optimizing resources
2026-06-03 19:05:05,989 - runtime.idle_controller - DEBUG - Idle controller: idle state - optimizing resources
2026-06-03 19:05:06,990 - runtime.idle_controller - DEBUG - Idle controller: idle state - optimizing resources
2026-06-03 19:05:07,990 - runtime.idle_controller - DEBUG - Idle controller: idle state - optimizing resources
2026-06-03 19:05:08,991 - runtime.idle_controller - DEBUG - Idle controller: idle state - optimizing resources
2026-06-03 19:05:09,991 - runtime.idle_controller - DEBUG - Idle controller: idle state - optimizing resources
2026-06-03 19:05:10,992 - runtime.idle_controller - DEBUG - Idle controller: idle state - optimizing resources
2026-06-03 19:05:11,992 - runtime.idle_controller - DEBUG - Idle controller: idle state - optimizing resources
2026-06-03 19:05:12,993 - runtime.idle_controller - DEBUG - Idle controller: idle state - optimizing resources
2026-06-03 19:05:13,993 - runtime.idle_controller - DEBUG - Idle controller: idle state - optimizing resources
2026-06-03 19:05:14,994 - runtime.idle_controller - DEBUG - Idle controller: idle state - optimizing resources
2026-06-03 19:05:15,994 - runtime.idle_controller - DEBUG - Idle controller: idle state - optimizing resources
2026-06-03 19:05:16,995 - runtime.idle_controller - DEBUG - Idle controller: idle state - optimizing resources
2026-06-03 19:05:17,995 - runtime.idle_controller - DEBUG - Idle controller: idle state - optimizing resources
2026-06-03 19:05:18,996 - runtime.idle_controller - DEBUG - Idle controller: idle state - optimizing resources
2026-06-03 19:05:19,996 - runtime.idle_controller - DEBUG - Idle controller: idle state - optimizing resources
2026-06-03 19:05:20,997 - runtime.idle_controller - DEBUG - Idle controller: idle state - optimizing resources
2026-06-03 19:05:21,997 - runtime.idle_controller - DEBUG - Idle controller: idle state - optimizing resources
2026-06-03 19:05:22,998 - runtime.idle_controller - DEBUG - Idle controller: idle state - optimizing resources
2026-06-03 19:05:23,998 - runtime.idle_controller - DEBUG - Idle controller: idle state - optimizing resources
2026-06-03 19:05:24,999 - runtime.idle_controller - DEBUG - Idle controller: idle state - optimizing resources
2026-06-03 19:05:26,000 - runtime.idle_controller - DEBUG - Idle controller: idle state - optimizing resources
2026-06-03 19:05:27,000 - runtime.idle_controller - DEBUG - Idle controller: idle state - optimizing resources
2026-06-03 19:05:28,001 - runtime.idle_controller - DEBUG - Idle controller: idle state - optimizing resources
2026-06-03 19:05:29,001 - runtime.idle_controller - DEBUG - Idle controller: idle state - optimizing resources
2026-06-03 19:05:30,002 - runtime.idle_controller - DEBUG - Idle controller: idle state - optimizing resources
2026-06-03 19:05:31,003 - runtime.idle_controller - DEBUG - Idle controller: idle state - optimizing resources
2026-06-03 19:05:32,004 - runtime.idle_controller - DEBUG - Idle controller: idle state - optimizing resources
2026-06-03 19:05:33,004 - runtime.idle_controller - DEBUG - Idle controller: idle state - optimizing resources
2026-06-03 19:05:34,005 - runtime.idle_controller - DEBUG - Idle controller: idle state - optimizing resources
2026-06-03 19:05:35,006 - runtime.idle_controller - DEBUG - Idle controller: idle state - optimizing resources
2026-06-03 19:05:36,007 - runtime.idle_controller - DEBUG - Idle controller: idle state - optimizing resources
2026-06-03 19:05:37,007 - runtime.idle_controller - DEBUG - Idle controller: idle state - optimizing resources
2026-06-03 19:05:38,008 - runtime.idle_controller - DEBUG - Idle controller: idle state - optimizing resources
2026-06-03 19:05:39,038 - runtime.idle_controller - DEBUG - Idle controller: idle state - optimizing resources
2026-06-03 19:05:40,038 - runtime.idle_controller - DEBUG - Idle controller: idle state - optimizing resources
2026-06-03 19:05:41,038 - runtime.idle_controller - DEBUG - Idle controller: idle state - optimizing resources
2026-06-03 19:05:42,039 - runtime.idle_controller - DEBUG - Idle controller: idle state - optimizing resources
2026-06-03 19:05:43,039 - runtime.idle_controller - DEBUG - Idle controller: idle state - optimizing resources
2026-06-03 19:05:44,040 - runtime.idle_controller - DEBUG - Idle controller: idle state - optimizing resources
2026-06-03 19:05:45,040 - runtime.idle_controller - DEBUG - Idle controller: idle state - optimizing resources
2026-06-03 19:05:46,041 - runtime.idle_controller - DEBUG - Idle controller: idle state - optimizing resources
2026-06-03 19:05:47,042 - runtime.idle_controller - DEBUG - Idle controller: idle state - optimizing resources
2026-06-03 19:05:48,042 - runtime.idle_controller - DEBUG - Idle controller: idle state - optimizing resources
2026-06-03 19:05:49,042 - runtime.idle_controller - DEBUG - Idle controller: idle state - optimizing resources
2026-06-03 19:05:50,043 - runtime.idle_controller - DEBUG - Idle controller: idle state - optimizing resources
2026-06-03 19:05:51,043 - runtime.idle_controller - DEBUG - Idle controller: idle state - optimizing resources
2026-06-03 19:05:52,044 - runtime.idle_controller - DEBUG - Idle controller: idle state - optimizing resources
2026-06-03 19:05:53,044 - runtime.idle_controller - DEBUG - Idle controller: idle state - optimizing resources
2026-06-03 19:05:54,045 - runtime.idle_controller - DEBUG - Idle controller: idle state - optimizing resources
2026-06-03 19:05:55,045 - runtime.idle_controller - DEBUG - Idle controller: idle state - optimizing resources
2026-06-03 19:05:56,045 - runtime.idle_controller - DEBUG - Idle controller: idle state - optimizing resources
2026-06-03 19:05:57,046 - runtime.idle_controller - DEBUG - Idle controller: idle state - optimizing resources
2026-06-03 19:05:58,046 - runtime.idle_controller - DEBUG - Idle controller: idle state - optimizing resources
2026-06-03 19:05:59,047 - runtime.idle_controller - DEBUG - Idle controller: idle state - optimizing resources
2026-06-03 19:06:00,047 - runtime.idle_controller - DEBUG - Idle controller: idle state - optimizing resources
2026-06-03 19:06:01,047 - runtime.idle_controller - DEBUG - Idle controller: idle state - optimizing resources
2026-06-03 19:06:02,048 - runtime.idle_controller - DEBUG - Idle controller: idle state - optimizing resources
2026-06-03 19:06:03,048 - runtime.idle_controller - DEBUG - Idle controller: idle state - optimizing resources
2026-06-03 19:06:04,049 - runtime.idle_controller - DEBUG - Idle controller: idle state - optimizing resources
2026-06-03 19:06:05,049 - runtime.idle_controller - DEBUG - Idle controller: idle state - optimizing resources
2026-06-03 19:06:06,050 - runtime.idle_controller - DEBUG - Idle controller: idle state - optimizing resources
2026-06-03 19:06:07,050 - runtime.idle_controller - DEBUG - Idle controller: idle state - optimizing resources
2026-06-03 19:06:08,051 - runtime.idle_controller - DEBUG - Idle controller: idle state - optimizing resources
2026-06-03 19:06:09,051 - runtime.idle_controller - DEBUG - Idle controller: idle state - optimizing resources
2026-06-03 19:06:10,052 - runtime.idle_controller - DEBUG - Idle controller: idle state - optimizing resources
2026-06-03 19:06:11,052 - runtime.idle_controller - DEBUG - Idle controller: idle state - optimizing resources
2026-06-03 19:06:12,053 - runtime.idle_controller - DEBUG - Idle controller: idle state - optimizing resources
2026-06-03 19:06:13,053 - runtime.idle_controller - DEBUG - Idle controller: idle state - optimizing resources
2026-06-03 19:06:14,054 - runtime.idle_controller - DEBUG - Idle controller: idle state - optimizing resources
2026-06-03 19:06:15,054 - runtime.idle_controller - DEBUG - Idle controller: idle state - optimizing resources
2026-06-03 19:06:16,055 - runtime.idle_controller - DEBUG - Idle controller: idle state - optimizing resources
2026-06-03 19:06:17,056 - runtime.idle_controller - DEBUG - Idle controller: idle state - optimizing resources
2026-06-03 19:06:18,056 - runtime.idle_controller - DEBUG - Idle controller: idle state - optimizing resources
2026-06-03 23:38:23,218 - __main__ - INFO - ======================================================================
2026-06-03 23:38:23,279 - __main__ - INFO - JARVIS AI Operating System - Persistent Runtime Starting
2026-06-03 23:38:23,279 - __main__ - INFO - ======================================================================
2026-06-03 23:38:27,335 - runtime_core.event_bus - INFO - Event Bus initialized
2026-06-03 23:38:27,335 - runtime_core.runtime_state_machine - INFO - Runtime State Machine initialized at IDLE
2026-06-03 23:38:27,463 - runtime_ui.animation_engine - INFO - Animation engine initialized
2026-06-03 23:38:27,464 - runtime_ui.overlay_manager - INFO - Overlay Manager initialized
2026-06-03 23:38:28,188 - runtime_ui.tray_manager - INFO - Tray Manager (UI) initialized
2026-06-03 23:38:28,458 - runtime_ui.status_controller - INFO - Status Controller initialized
2026-06-03 23:38:28,458 - runtime_ui.presence_manager - INFO - Presence Manager initialized
2026-06-03 23:38:28,491 - runtime_ui.ui_theme_manager - INFO - UI Theme Manager initialized with theme: cinematic_blue
2026-06-03 23:38:28,634 - runtime_ui.state_visualizer - INFO - State Visualizer initialized
2026-06-03 23:38:28,705 - runtime_ui.notification_manager - INFO - Notification Manager initialized
2026-06-03 23:38:28,731 - runtime_ui.overlay_renderer - INFO - Overlay Renderer initialized
2026-06-03 23:38:31,191 - runtime_ui.tray_manager - INFO - Initializing tray manager
2026-06-03 23:38:33,162 - runtime_ui.tray_manager - DEBUG - Tray libraries imported successfully
2026-06-03 23:38:33,162 - runtime_ui.overlay_manager - INFO - Initializing overlay manager
2026-06-03 23:38:33,163 - runtime_core.event_bus - DEBUG - Subscribed to STATE_CHANGE
2026-06-03 23:38:33,163 - runtime_core.event_bus - DEBUG - Subscribed to PAUSE
2026-06-03 23:38:33,163 - runtime_core.event_bus - DEBUG - Subscribed to RESUME
2026-06-03 23:38:33,163 - runtime_core.event_bus - DEBUG - Subscribed to WAKE_WORD_DETECTED
2026-06-03 23:38:33,164 - runtime_core.event_bus - DEBUG - Subscribed to COMMAND_RECEIVED
2026-06-03 23:38:33,164 - runtime_core.event_bus - DEBUG - Subscribed to THINKING_STARTED
2026-06-03 23:38:33,164 - runtime_core.event_bus - DEBUG - Subscribed to EXECUTION_STARTED
2026-06-03 23:38:33,164 - runtime_core.event_bus - DEBUG - Subscribed to SPEAK_START
2026-06-03 23:38:33,164 - runtime_core.event_bus - DEBUG - Subscribed to SPEAK_END
2026-06-03 23:38:33,164 - runtime_ui.presence_manager - INFO - Initializing presence manager
2026-06-03 23:38:33,225 - runtime_ui.tray_manager - INFO - Tray manager started
2026-06-03 23:38:33,226 - asyncio - DEBUG - Using proactor: IocpProactor
2026-06-03 23:38:33,227 - runtime_ui.overlay_manager - INFO - Creating AIIndicator instance
2026-06-03 23:38:33,858 - runtime_ui.ai_indicator - INFO - Glassmorphism AI Indicator initialized
2026-06-03 23:38:33,858 - runtime_ui.overlay_manager - INFO - AIIndicator created
2026-06-03 23:38:33,858 - runtime_ui.animation_engine - DEBUG - Animation target widget set: <runtime_ui.ai_indicator.AIIndicator object at 0x00000201AFB22A30>
2026-06-03 23:38:33,858 - runtime_ui.ai_indicator - INFO - Setting status to RuntimeState.IDLE with details: None
2026-06-03 23:38:33,858 - runtime_ui.overlay_manager - INFO - Overlay updated to IDLE
2026-06-03 23:38:42,530 - runtime_ui.overlay_manager - INFO - Overlay watchdog started
2026-06-03 23:38:42,531 - runtime_core.lifecycle_manager - INFO - Lifecycle Manager initialized
2026-06-03 23:38:42,531 - runtime_ui.overlay_manager - INFO - Overlay started completely
2026-06-03 23:38:42,606 - runtime_core.persistent_runtime - INFO - Persistent Runtime initialized
2026-06-03 23:38:42,633 - runtime_core.lifecycle_manager - INFO - ======================================================================
2026-06-03 23:38:42,684 - runtime_core.lifecycle_manager - INFO - JARVIS AI Operating System - Boot Sequence Starting
2026-06-03 23:38:42,699 - runtime_core.lifecycle_manager - INFO - ======================================================================
2026-06-03 23:38:42,700 - runtime_core.lifecycle_manager - DEBUG - Setting up Windows signal handlers
2026-06-03 23:38:42,701 - runtime_core.lifecycle_manager - DEBUG - Signal handlers set up
2026-06-03 23:38:42,701 - runtime_core.event_bus - DEBUG - Subscribed to PAUSE
2026-06-03 23:38:42,701 - runtime_core.event_bus - DEBUG - Subscribed to RESUME
2026-06-03 23:38:42,701 - runtime_core.event_bus - DEBUG - Subscribed to SHUTDOWN
2026-06-03 23:38:42,701 - runtime_core.lifecycle_manager - INFO - Initializing core subsystems...
2026-06-03 23:38:42,701 - runtime_core.runtime_state_machine - DEBUG - Already in state IDLE
2026-06-03 23:38:42,701 - runtime_core.lifecycle_manager - INFO - ======================================================================
2026-06-03 23:38:42,701 - runtime_core.lifecycle_manager - INFO - JARVIS AI Operating System - Boot Complete
2026-06-03 23:38:42,701 - runtime_core.lifecycle_manager - INFO - ======================================================================
2026-06-03 23:38:42,701 - runtime_core.persistent_runtime - INFO - Starting infinite runtime loop...
2026-06-03 23:38:43,471 - PIL.Image - DEBUG - Importing BlpImagePlugin
2026-06-03 23:38:43,506 - PIL.Image - DEBUG - Importing BmpImagePlugin
2026-06-03 23:38:43,506 - PIL.Image - DEBUG - Importing BufrStubImagePlugin
2026-06-03 23:38:43,520 - PIL.Image - DEBUG - Importing CurImagePlugin
2026-06-03 23:38:43,531 - __main__ - INFO - Playing startup greeting (in main thread) - using DIRECT pyttsx3!
2026-06-03 23:38:43,632 - PIL.Image - DEBUG - Importing DcxImagePlugin
2026-06-03 23:38:43,668 - PIL.Image - DEBUG - Importing DdsImagePlugin
2026-06-03 23:38:43,678 - PIL.Image - DEBUG - Importing EpsImagePlugin
2026-06-03 23:38:43,693 - PIL.Image - DEBUG - Importing FitsImagePlugin
2026-06-03 23:38:43,818 - PIL.Image - DEBUG - Importing FliImagePlugin
2026-06-03 23:38:43,820 - PIL.Image - DEBUG - Importing FpxImagePlugin
2026-06-03 23:38:43,836 - PIL.Image - DEBUG - Image: failed to import FpxImagePlugin: No module named 'olefile'
2026-06-03 23:38:43,836 - PIL.Image - DEBUG - Importing FtexImagePlugin
2026-06-03 23:38:43,843 - PIL.Image - DEBUG - Importing GbrImagePlugin
2026-06-03 23:38:43,844 - PIL.Image - DEBUG - Importing GifImagePlugin
2026-06-03 23:38:43,844 - PIL.Image - DEBUG - Importing GribStubImagePlugin
2026-06-03 23:38:43,845 - PIL.Image - DEBUG - Importing Hdf5StubImagePlugin
2026-06-03 23:38:43,846 - PIL.Image - DEBUG - Importing IcnsImagePlugin
2026-06-03 23:38:43,892 - PIL.Image - DEBUG - Importing IcoImagePlugin
2026-06-03 23:38:43,903 - PIL.Image - DEBUG - Importing ImImagePlugin
2026-06-03 23:38:43,907 - PIL.Image - DEBUG - Importing ImtImagePlugin
2026-06-03 23:38:43,934 - PIL.Image - DEBUG - Importing IptcImagePlugin
2026-06-03 23:38:43,947 - PIL.Image - DEBUG - Importing JpegImagePlugin
2026-06-03 23:38:43,947 - PIL.Image - DEBUG - Importing Jpeg2KImagePlugin
2026-06-03 23:38:43,947 - PIL.Image - DEBUG - Importing McIdasImagePlugin
2026-06-03 23:38:43,949 - PIL.Image - DEBUG - Importing MicImagePlugin
2026-06-03 23:38:43,950 - PIL.Image - DEBUG - Image: failed to import MicImagePlugin: No module named 'olefile'
2026-06-03 23:38:43,950 - PIL.Image - DEBUG - Importing MpegImagePlugin
2026-06-03 23:38:43,963 - PIL.Image - DEBUG - Importing MpoImagePlugin
2026-06-03 23:38:44,558 - PIL.Image - DEBUG - Importing MspImagePlugin
2026-06-03 23:38:44,559 - PIL.Image - DEBUG - Importing PalmImagePlugin
2026-06-03 23:38:44,627 - comtypes - DEBUG - CoInitializeEx(None, 2)
2026-06-03 23:38:44,659 - PIL.Image - DEBUG - Importing PcdImagePlugin
2026-06-03 23:38:44,679 - PIL.Image - DEBUG - Importing PcxImagePlugin
2026-06-03 23:38:44,679 - PIL.Image - DEBUG - Importing PdfImagePlugin
2026-06-03 23:38:44,858 - PIL.Image - DEBUG - Importing PixarImagePlugin
2026-06-03 23:38:44,860 - PIL.Image - DEBUG - Importing PngImagePlugin
2026-06-03 23:38:44,860 - PIL.Image - DEBUG - Importing PpmImagePlugin
2026-06-03 23:38:44,860 - PIL.Image - DEBUG - Importing PsdImagePlugin
2026-06-03 23:38:44,867 - PIL.Image - DEBUG - Importing QoiImagePlugin
2026-06-03 23:38:44,873 - PIL.Image - DEBUG - Importing SgiImagePlugin
2026-06-03 23:38:44,920 - PIL.Image - DEBUG - Importing SpiderImagePlugin
2026-06-03 23:38:44,937 - PIL.Image - DEBUG - Importing SunImagePlugin
2026-06-03 23:38:44,955 - PIL.Image - DEBUG - Importing TgaImagePlugin
2026-06-03 23:38:44,989 - PIL.Image - DEBUG - Importing TiffImagePlugin
2026-06-03 23:38:44,989 - PIL.Image - DEBUG - Importing WebPImagePlugin
2026-06-03 23:38:45,058 - PIL.Image - DEBUG - Importing WmfImagePlugin
2026-06-03 23:38:45,072 - PIL.Image - DEBUG - Importing XbmImagePlugin
2026-06-03 23:38:45,132 - PIL.Image - DEBUG - Importing XpmImagePlugin
2026-06-03 23:38:45,152 - PIL.Image - DEBUG - Importing XVThumbImagePlugin
2026-06-03 23:38:45,994 - comtypes.client._code_cache - INFO - Imported existing <module 'comtypes.gen' from 'C:\\Users\\jashw\\AppData\\Local\\Packages\\PythonSoftwareFoundation.Python.3.12_qbz5n2kfra8p0\\LocalCache\\local-packages\\Python312\\site-packages\\comtypes\\gen\\__init__.py'>
2026-06-03 23:38:45,995 - comtypes.client._code_cache - INFO - Using writeable comtypes cache directory: 'C:\Users\jashw\AppData\Local\Packages\PythonSoftwareFoundation.Python.3.12_qbz5n2kfra8p0\LocalCache\local-packages\Python312\site-packages\comtypes\gen'
2026-06-03 23:38:46,580 - comtypes.client._create - DEBUG - SAPI.SPVoice -> {96749377-3391-11D2-9EE3-00C04F797396}
2026-06-03 23:38:46,580 - comtypes.client._create - DEBUG - CoCreateInstance({96749377-3391-11D2-9EE3-00C04F797396}, clsctx=None, interface=None)
2026-06-03 23:38:46,659 - voice.voice_profile_manager - INFO - Loaded 4 voice profiles
2026-06-03 23:38:46,740 - comtypes.client._managing - DEBUG - GetBestInterface(<POINTER(IUnknown) ptr=0x201abf23940 at 201d12f4350>)
2026-06-03 23:38:46,740 - comtypes.client._managing - DEBUG - Does implement IProvideClassInfo
2026-06-03 23:38:46,780 - voice.text_to_speech - INFO - Loading voice profile: jarvis_classic
2026-06-03 23:38:46,780 - voice.tts_engines.piper_engine - INFO - Initializing Piper TTS engine...
2026-06-03 23:38:46,843 - comtypes.client._managing - DEBUG - Default interface is {269316D8-57BD-11D2-9EEE-00C04F797396}
2026-06-03 23:38:46,843 - comtypes._post_coinit.unknwn - DEBUG - Release <POINTER(IUnknown) ptr=0x201abf23980 at 201d12f5ed0>
2026-06-03 23:38:46,843 - comtypes.client._generate - DEBUG - GetModule(TLIBATTR(GUID={C866CA3A-32F7-11D2-9602-00C04F8EE628}, Version=5.4, LCID=0, FLags=0x8))
2026-06-03 23:38:46,844 - comtypes.client._managing - DEBUG - Implements default interface from typeinfo <class 'comtypes.gen._C866CA3A_32F7_11D2_9602_00C04F8EE628_0_5_4.ISpeechVoice'>
2026-06-03 23:38:46,844 - comtypes.client._managing - DEBUG - Final result is <POINTER(ISpeechVoice) ptr=0x201abf23980 at 201d12f5e50>
2026-06-03 23:38:46,844 - comtypes._post_coinit.unknwn - DEBUG - Release <POINTER(IProvideClassInfo) ptr=0x201abf239a0 at 201d12f4f50>
2026-06-03 23:38:46,844 - comtypes._post_coinit.unknwn - DEBUG - Release <POINTER(ITypeInfo) ptr=0x201cfaf1928 at 201d12f4ed0>
2026-06-03 23:38:46,844 - comtypes._post_coinit.unknwn - DEBUG - Release <POINTER(ITypeInfo) ptr=0x201cfaf1980 at 201d12f5cd0>
2026-06-03 23:38:46,844 - comtypes._post_coinit.unknwn - DEBUG - Release <POINTER(ITypeLib) ptr=0x201cfaa2dd0 at 201d12f5ed0>
2026-06-03 23:38:46,844 - comtypes._post_coinit.unknwn - DEBUG - Release <POINTER(IUnknown) ptr=0x201abf23940 at 201d12f4350>
2026-06-03 23:38:46,845 - comtypes.client._events - DEBUG - <POINTER(ISpeechVoice) ptr=0x201abf23980 at 201d12f5e50> using sinkinterface from clsid <class 'comtypes.gen._C866CA3A_32F7_11D2_9602_00C04F8EE628_0_5_4._ISpeechVoiceEvents'>
2026-06-03 23:38:46,845 - comtypes._post_coinit.unknwn - DEBUG - Release <POINTER(IProvideClassInfo2) ptr=0x201abf239a0 at 201d12f4350>
2026-06-03 23:38:46,846 - comtypes._vtbl - DEBUG - <comtypes.client._events.CreateEventReceiver.<locals>.Sink object at 0x00000201CFD0DA60>: _ISpeechVoiceEvents.VoiceChange not implemented
2026-06-03 23:38:46,846 - comtypes._vtbl - DEBUG - <comtypes.client._events.CreateEventReceiver.<locals>.Sink object at 0x00000201CFD0DA60>: _ISpeechVoiceEvents.Bookmark not implemented
2026-06-03 23:38:46,846 - comtypes._vtbl - DEBUG - <comtypes.client._events.CreateEventReceiver.<locals>.Sink object at 0x00000201CFD0DA60>: _ISpeechVoiceEvents.Sentence not implemented
2026-06-03 23:38:46,846 - comtypes._vtbl - DEBUG - <comtypes.client._events.CreateEventReceiver.<locals>.Sink object at 0x00000201CFD0DA60>: _ISpeechVoiceEvents.Phoneme not implemented
2026-06-03 23:38:46,846 - comtypes._vtbl - DEBUG - <comtypes.client._events.CreateEventReceiver.<locals>.Sink object at 0x00000201CFD0DA60>: _ISpeechVoiceEvents.Viseme not implemented
2026-06-03 23:38:46,846 - comtypes._vtbl - DEBUG - <comtypes.client._events.CreateEventReceiver.<locals>.Sink object at 0x00000201CFD0DA60>: _ISpeechVoiceEvents.AudioLevel not implemented
2026-06-03 23:38:46,846 - comtypes._vtbl - DEBUG - <comtypes.client._events.CreateEventReceiver.<locals>.Sink object at 0x00000201CFD0DA60>: _ISpeechVoiceEvents.EnginePrivate not implemented
2026-06-03 23:38:46,846 - comtypes.client._events - DEBUG - Start advise <class 'comtypes.gen._C866CA3A_32F7_11D2_9602_00C04F8EE628_0_5_4._ISpeechVoiceEvents'>
2026-06-03 23:38:46,870 - comtypes._comobject - DEBUG - <comtypes.client._events.CreateEventReceiver.<locals>.Sink object at 0x00000201CFD0DA60>.QueryInterface({A372ACD1-3BEF-4BBD-8FFB-CB3E2B416AF8}) -> S_OK
2026-06-03 23:38:46,870 - comtypes._comobject - DEBUG - 1 active COM objects: Added   <comtypes.client._events.CreateEventReceiver.<locals>.Sink object at 0x00000201CFD0DA60>
2026-06-03 23:38:46,870 - comtypes._comobject - DEBUG - <comtypes.client._events.CreateEventReceiver.<locals>.Sink object at 0x00000201CFD0DA60>.AddRef() -> 1
2026-06-03 23:38:46,872 - comtypes._post_coinit.unknwn - DEBUG - Release <POINTER(IConnectionPointContainer) ptr=0x201abf239a8 at 201d12f59d0>
2026-06-03 23:38:48,744 - comtypes.client._managing - DEBUG - wrap_outparam(<POINTER(ISpeechObjectToken) ptr=0x201abf65ac0 at 201d12f59d0>)
2026-06-03 23:38:48,889 - comtypes._post_coinit.unknwn - DEBUG - Release <POINTER(ISpeechObjectToken) ptr=0x201abf65ac0 at 201d12f59d0>
2026-06-03 23:38:48,891 - comtypes.client._managing - DEBUG - wrap_outparam(<POINTER(ISpeechObjectTokens) ptr=0x201dc2cfad0 at 201d12f59d0>)
2026-06-03 23:38:48,892 - comtypes._post_coinit.unknwn - DEBUG - Release <POINTER(IUnknown) ptr=0x201dc29af60 at 201dc054c50>
2026-06-03 23:38:48,902 - comtypes.client._managing - DEBUG - wrap_outparam(<POINTER(IDispatch) ptr=0x201b87335f0 at 201dc055950>)
2026-06-03 23:38:48,903 - comtypes.client._managing - DEBUG - GetBestInterface(<POINTER(IDispatch) ptr=0x201b87335f0 at 201dc055950>)
2026-06-03 23:38:48,912 - comtypes.client._managing - DEBUG - Does NOT implement IProvideClassInfo, trying IProvideClassInfo2
2026-06-03 23:38:48,912 - comtypes.client._managing - DEBUG - Does NOT implement IProvideClassInfo/IProvideClassInfo2
2026-06-03 23:38:48,913 - comtypes._post_coinit.unknwn - DEBUG - Release <POINTER(IUnknown) ptr=0x201cfaf1a30 at 201dc055b50>
2026-06-03 23:38:48,915 - comtypes.client._managing - DEBUG - Default interface is {C74A3ADC-B727-4500-A84A-B526721C8B8C}
2026-06-03 23:38:48,915 - comtypes._post_coinit.unknwn - DEBUG - Release <POINTER(IUnknown) ptr=0x201b87335f0 at 201dc055cd0>
2026-06-03 23:38:48,915 - comtypes.client._generate - DEBUG - GetModule(TLIBATTR(GUID={C866CA3A-32F7-11D2-9602-00C04F8EE628}, Version=5.4, LCID=0, FLags=0x8))
2026-06-03 23:38:48,915 - comtypes.client._managing - DEBUG - Implements default interface from typeinfo <class 'comtypes.gen._C866CA3A_32F7_11D2_9602_00C04F8EE628_0_5_4.ISpeechObjectToken'>
2026-06-03 23:38:48,915 - comtypes.client._managing - DEBUG - Final result is <POINTER(ISpeechObjectToken) ptr=0x201b87335f0 at 201dc055b50>
2026-06-03 23:38:48,915 - comtypes._post_coinit.unknwn - DEBUG - Release <POINTER(IDispatch) ptr=0x201b87335f0 at 201dc055ad0>
2026-06-03 23:38:48,915 - comtypes._post_coinit.unknwn - DEBUG - Release <POINTER(ITypeInfo) ptr=0x201cfaf1a30 at 201dc055bd0>
2026-06-03 23:38:48,916 - comtypes._post_coinit.unknwn - DEBUG - Release <POINTER(ITypeLib) ptr=0x201cfaa2dd0 at 201dc055cd0>
2026-06-03 23:38:48,916 - comtypes._post_coinit.unknwn - DEBUG - Release <POINTER(IDispatch) ptr=0x201b87335f0 at 201dc055950>
2026-06-03 23:38:48,916 - comtypes._post_coinit.unknwn - DEBUG - Release <POINTER(IEnumVARIANT) ptr=0x201dc29af60 at 201dc0556d0>
2026-06-03 23:38:48,916 - comtypes._post_coinit.unknwn - DEBUG - Release <POINTER(ISpeechObjectTokens) ptr=0x201dc2cfad0 at 201d12f59d0>
2026-06-03 23:38:48,916 - comtypes._post_coinit.unknwn - DEBUG - Release <POINTER(ISpeechObjectToken) ptr=0x201b87335f0 at 201dc055b50>
2026-06-03 23:38:48,917 - comtypes.client._managing - DEBUG - wrap_outparam(<POINTER(ISpeechObjectTokens) ptr=0x201dc2cf8d0 at 201d12f59d0>)
2026-06-03 23:38:48,917 - comtypes._post_coinit.unknwn - DEBUG - Release <POINTER(IUnknown) ptr=0x201dc29b280 at 201dc055b50>
2026-06-03 23:38:48,917 - comtypes._post_coinit.unknwn - DEBUG - Release <POINTER(ISpeechObjectTokens) ptr=0x201dc2cf8d0 at 201d12f59d0>
2026-06-03 23:38:48,918 - comtypes.client._managing - DEBUG - wrap_outparam(<POINTER(IDispatch) ptr=0x201b8733c20 at 201dc0556d0>)
2026-06-03 23:38:48,918 - comtypes.client._managing - DEBUG - GetBestInterface(<POINTER(IDispatch) ptr=0x201b8733c20 at 201dc0556d0>)
2026-06-03 23:38:48,918 - comtypes.client._managing - DEBUG - Does NOT implement IProvideClassInfo, trying IProvideClassInfo2
2026-06-03 23:38:48,919 - comtypes.client._managing - DEBUG - Does NOT implement IProvideClassInfo/IProvideClassInfo2
2026-06-03 23:38:48,919 - comtypes._post_coinit.unknwn - DEBUG - Release <POINTER(IUnknown) ptr=0x201cfaf1a30 at 201dc055cd0>
2026-06-03 23:38:48,919 - comtypes.client._managing - DEBUG - Default interface is {C74A3ADC-B727-4500-A84A-B526721C8B8C}
2026-06-03 23:38:48,919 - comtypes._post_coinit.unknwn - DEBUG - Release <POINTER(IUnknown) ptr=0x201b8733c20 at 201dc0559d0>
2026-06-03 23:38:48,919 - comtypes.client._generate - DEBUG - GetModule(TLIBATTR(GUID={C866CA3A-32F7-11D2-9602-00C04F8EE628}, Version=5.4, LCID=0, FLags=0x8))
2026-06-03 23:38:48,919 - comtypes.client._managing - DEBUG - Implements default interface from typeinfo <class 'comtypes.gen._C866CA3A_32F7_11D2_9602_00C04F8EE628_0_5_4.ISpeechObjectToken'>
2026-06-03 23:38:48,919 - comtypes.client._managing - DEBUG - Final result is <POINTER(ISpeechObjectToken) ptr=0x201b8733c20 at 201dc055cd0>
2026-06-03 23:38:48,919 - comtypes._post_coinit.unknwn - DEBUG - Release <POINTER(IDispatch) ptr=0x201b8733c20 at 201dc055950>
2026-06-03 23:38:48,920 - comtypes._post_coinit.unknwn - DEBUG - Release <POINTER(ITypeInfo) ptr=0x201cfaf1a30 at 201dc055a50>
2026-06-03 23:38:48,920 - comtypes._post_coinit.unknwn - DEBUG - Release <POINTER(ITypeLib) ptr=0x201cfaa2dd0 at 201dc0559d0>
2026-06-03 23:38:48,920 - comtypes._post_coinit.unknwn - DEBUG - Release <POINTER(IDispatch) ptr=0x201b8733c20 at 201dc0556d0>
2026-06-03 23:38:48,921 - comtypes.client._managing - DEBUG - wrap_outparam(<POINTER(IDispatch) ptr=0x201b87335f0 at 201dc0559d0>)
2026-06-03 23:38:48,921 - comtypes.client._managing - DEBUG - GetBestInterface(<POINTER(IDispatch) ptr=0x201b87335f0 at 201dc0559d0>)
2026-06-03 23:38:48,921 - comtypes.client._managing - DEBUG - Does NOT implement IProvideClassInfo, trying IProvideClassInfo2
2026-06-03 23:38:48,922 - comtypes.client._managing - DEBUG - Does NOT implement IProvideClassInfo/IProvideClassInfo2
2026-06-03 23:38:48,922 - comtypes._post_coinit.unknwn - DEBUG - Release <POINTER(IUnknown) ptr=0x201cfaf1a30 at 201dc055950>
2026-06-03 23:38:48,922 - comtypes.client._managing - DEBUG - Default interface is {C74A3ADC-B727-4500-A84A-B526721C8B8C}
2026-06-03 23:38:48,922 - comtypes._post_coinit.unknwn - DEBUG - Release <POINTER(IUnknown) ptr=0x201b87335f0 at 201dc055bd0>
2026-06-03 23:38:48,922 - comtypes.client._generate - DEBUG - GetModule(TLIBATTR(GUID={C866CA3A-32F7-11D2-9602-00C04F8EE628}, Version=5.4, LCID=0, FLags=0x8))
2026-06-03 23:38:48,922 - comtypes.client._managing - DEBUG - Implements default interface from typeinfo <class 'comtypes.gen._C866CA3A_32F7_11D2_9602_00C04F8EE628_0_5_4.ISpeechObjectToken'>
2026-06-03 23:38:48,922 - comtypes.client._managing - DEBUG - Final result is <POINTER(ISpeechObjectToken) ptr=0x201b87335f0 at 201dc055950>
2026-06-03 23:38:48,933 - comtypes._post_coinit.unknwn - DEBUG - Release <POINTER(IDispatch) ptr=0x201b87335f0 at 201dc055a50>
2026-06-03 23:38:48,934 - comtypes._post_coinit.unknwn - DEBUG - Release <POINTER(ITypeInfo) ptr=0x201cfaf1a30 at 201dc055ad0>
2026-06-03 23:38:48,934 - comtypes._post_coinit.unknwn - DEBUG - Release <POINTER(ITypeLib) ptr=0x201cfaa2dd0 at 201dc055bd0>
2026-06-03 23:38:48,934 - comtypes._post_coinit.unknwn - DEBUG - Release <POINTER(IDispatch) ptr=0x201b87335f0 at 201dc0559d0>
2026-06-03 23:38:48,934 - comtypes._post_coinit.unknwn - DEBUG - Release <POINTER(ISpeechObjectToken) ptr=0x201b8733c20 at 201dc055cd0>
2026-06-03 23:38:48,936 - comtypes._post_coinit.unknwn - DEBUG - Release <POINTER(IEnumVARIANT) ptr=0x201dc29b280 at 201dc0557d0>
2026-06-03 23:38:48,936 - comtypes._post_coinit.unknwn - DEBUG - Release <POINTER(ISpeechObjectToken) ptr=0x201b87335f0 at 201dc055950>
2026-06-03 23:38:48,936 - __main__ - INFO - Calling engine.runAndWait()
2026-06-03 23:38:48,937 - comtypes.client._managing - DEBUG - wrap_outparam(<POINTER(ISpeechObjectTokens) ptr=0x201dc2cf1d0 at 201d12f59d0>)
2026-06-03 23:38:48,937 - comtypes._post_coinit.unknwn - DEBUG - Release <POINTER(IUnknown) ptr=0x201dc29b780 at 201dc055950>
2026-06-03 23:38:48,937 - comtypes.client._managing - DEBUG - wrap_outparam(<POINTER(IDispatch) ptr=0x201b87335f0 at 201dc0559d0>)
2026-06-03 23:38:48,937 - comtypes.client._managing - DEBUG - GetBestInterface(<POINTER(IDispatch) ptr=0x201b87335f0 at 201dc0559d0>)
2026-06-03 23:38:48,937 - comtypes.client._managing - DEBUG - Does NOT implement IProvideClassInfo, trying IProvideClassInfo2
2026-06-03 23:38:48,938 - comtypes.client._managing - DEBUG - Does NOT implement IProvideClassInfo/IProvideClassInfo2
2026-06-03 23:38:48,939 - comtypes._post_coinit.unknwn - DEBUG - Release <POINTER(IUnknown) ptr=0x201cfaf1a30 at 201dc055ad0>
2026-06-03 23:38:48,939 - comtypes.client._managing - DEBUG - Default interface is {C74A3ADC-B727-4500-A84A-B526721C8B8C}
2026-06-03 23:38:48,939 - comtypes._post_coinit.unknwn - DEBUG - Release <POINTER(IUnknown) ptr=0x201b87335f0 at 201dc055d50>
2026-06-03 23:38:48,939 - comtypes.client._generate - DEBUG - GetModule(TLIBATTR(GUID={C866CA3A-32F7-11D2-9602-00C04F8EE628}, Version=5.4, LCID=0, FLags=0x8))
2026-06-03 23:38:48,939 - comtypes.client._managing - DEBUG - Implements default interface from typeinfo <class 'comtypes.gen._C866CA3A_32F7_11D2_9602_00C04F8EE628_0_5_4.ISpeechObjectToken'>
2026-06-03 23:38:48,939 - comtypes.client._managing - DEBUG - Final result is <POINTER(ISpeechObjectToken) ptr=0x201b87335f0 at 201dc055ad0>
2026-06-03 23:38:48,939 - comtypes._post_coinit.unknwn - DEBUG - Release <POINTER(IDispatch) ptr=0x201b87335f0 at 201dc0558d0>
2026-06-03 23:38:48,939 - comtypes._post_coinit.unknwn - DEBUG - Release <POINTER(ITypeInfo) ptr=0x201cfaf1a30 at 201dc055a50>
2026-06-03 23:38:48,939 - comtypes._post_coinit.unknwn - DEBUG - Release <POINTER(ITypeLib) ptr=0x201cfaa2dd0 at 201dc055d50>
2026-06-03 23:38:48,939 - comtypes._post_coinit.unknwn - DEBUG - Release <POINTER(IDispatch) ptr=0x201b87335f0 at 201dc0559d0>
2026-06-03 23:38:48,939 - comtypes._post_coinit.unknwn - DEBUG - Release <POINTER(IEnumVARIANT) ptr=0x201dc29b780 at 201dc0557d0>
2026-06-03 23:38:48,940 - comtypes._post_coinit.unknwn - DEBUG - Release <POINTER(ISpeechObjectTokens) ptr=0x201dc2cf1d0 at 201d12f59d0>
2026-06-03 23:38:48,940 - comtypes._post_coinit.unknwn - DEBUG - Release <POINTER(ISpeechObjectToken) ptr=0x201b87335f0 at 201dc055ad0>
2026-06-03 23:38:48,940 - comtypes.client._managing - DEBUG - wrap_outparam(<POINTER(ISpeechObjectToken) ptr=0x201abf65ac0 at 201d12f59d0>)
2026-06-03 23:38:48,940 - comtypes._post_coinit.unknwn - DEBUG - Release <POINTER(ISpeechObjectToken) ptr=0x201abf65ac0 at 201d12f59d0>
2026-06-03 23:38:50,501 - comtypes._comobject - DEBUG - <comtypes.client._events.CreateEventReceiver.<locals>.Sink object at 0x00000201CFD0DA60>.AddRef() -> 2
2026-06-03 23:38:50,506 - comtypes._comobject - DEBUG - <comtypes.client._events.CreateEventReceiver.<locals>.Sink object at 0x00000201CFD0DA60>.Release() -> 1
2026-06-03 23:38:50,506 - comtypes._comobject - DEBUG - <comtypes.client._events.CreateEventReceiver.<locals>.Sink object at 0x00000201CFD0DA60>.AddRef() -> 2
2026-06-03 23:38:50,506 - comtypes.client._managing - DEBUG - wrap_outparam(<POINTER(IDispatch) ptr=0x201abf65c70 at 201dd335550>)
2026-06-03 23:38:50,506 - comtypes.client._managing - DEBUG - GetBestInterface(<POINTER(IDispatch) ptr=0x201abf65c70 at 201dd335550>)
2026-06-03 23:38:50,506 - comtypes.client._managing - DEBUG - Does NOT implement IProvideClassInfo, trying IProvideClassInfo2
2026-06-03 23:38:50,507 - comtypes.client._managing - DEBUG - Does NOT implement IProvideClassInfo/IProvideClassInfo2
2026-06-03 23:38:50,507 - comtypes._post_coinit.unknwn - DEBUG - Release <POINTER(IUnknown) ptr=0x201cfaf1a30 at 201dd335750>
2026-06-03 23:38:50,507 - comtypes.client._managing - DEBUG - Default interface is {C74A3ADC-B727-4500-A84A-B526721C8B8C}
2026-06-03 23:38:50,507 - comtypes._post_coinit.unknwn - DEBUG - Release <POINTER(IUnknown) ptr=0x201abf65c70 at 201dd335850>
2026-06-03 23:38:50,507 - comtypes.client._generate - DEBUG - GetModule(TLIBATTR(GUID={C866CA3A-32F7-11D2-9602-00C04F8EE628}, Version=5.4, LCID=0, FLags=0x8))
2026-06-03 23:38:50,507 - comtypes.client._managing - DEBUG - Implements default interface from typeinfo <class 'comtypes.gen._C866CA3A_32F7_11D2_9602_00C04F8EE628_0_5_4.ISpeechObjectToken'>
2026-06-03 23:38:50,507 - comtypes.client._managing - DEBUG - Final result is <POINTER(ISpeechObjectToken) ptr=0x201abf65c70 at 201dd335750>
2026-06-03 23:38:50,507 - comtypes._post_coinit.unknwn - DEBUG - Release <POINTER(IDispatch) ptr=0x201abf65c70 at 201dd3356d0>
2026-06-03 23:38:50,507 - comtypes._post_coinit.unknwn - DEBUG - Release <POINTER(ITypeInfo) ptr=0x201cfaf1a30 at 201dd3357d0>
2026-06-03 23:38:50,507 - comtypes._post_coinit.unknwn - DEBUG - Release <POINTER(ITypeLib) ptr=0x201cfaa2dd0 at 201dd335850>
2026-06-03 23:38:50,508 - comtypes._post_coinit.unknwn - DEBUG - Release <POINTER(IDispatch) ptr=0x201abf65c70 at 201dd335550>
2026-06-03 23:38:50,508 - comtypes._vtbl - DEBUG - unimplemented method _ISpeechVoiceEvents_VoiceChange called
2026-06-03 23:38:50,508 - comtypes._post_coinit.unknwn - DEBUG - Release <POINTER(ISpeechObjectToken) ptr=0x201abf65c70 at 201dd335750>
2026-06-03 23:38:50,508 - comtypes._comobject - DEBUG - <comtypes.client._events.CreateEventReceiver.<locals>.Sink object at 0x00000201CFD0DA60>.Release() -> 1
2026-06-03 23:38:51,645 - comtypes._comobject - DEBUG - <comtypes.client._events.CreateEventReceiver.<locals>.Sink object at 0x00000201CFD0DA60>.AddRef() -> 2
2026-06-03 23:38:51,645 - comtypes._vtbl - DEBUG - unimplemented method _ISpeechVoiceEvents_Sentence called
2026-06-03 23:38:51,645 - comtypes._comobject - DEBUG - <comtypes.client._events.CreateEventReceiver.<locals>.Sink object at 0x00000201CFD0DA60>.Release() -> 1
2026-06-03 23:38:51,645 - comtypes._comobject - DEBUG - <comtypes.client._events.CreateEventReceiver.<locals>.Sink object at 0x00000201CFD0DA60>.AddRef() -> 2
2026-06-03 23:38:51,645 - comtypes._vtbl - DEBUG - unimplemented method _ISpeechVoiceEvents_Phoneme called
2026-06-03 23:38:51,645 - comtypes._comobject - DEBUG - <comtypes.client._events.CreateEventReceiver.<locals>.Sink object at 0x00000201CFD0DA60>.Release() -> 1
2026-06-03 23:38:51,645 - comtypes._comobject - DEBUG - <comtypes.client._events.CreateEventReceiver.<locals>.Sink object at 0x00000201CFD0DA60>.AddRef() -> 2
2026-06-03 23:38:51,645 - comtypes._vtbl - DEBUG - unimplemented method _ISpeechVoiceEvents_Viseme called
2026-06-03 23:38:51,645 - comtypes._comobject - DEBUG - <comtypes.client._events.CreateEventReceiver.<locals>.Sink object at 0x00000201CFD0DA60>.Release() -> 1
2026-06-03 23:38:51,797 - comtypes._comobject - DEBUG - <comtypes.client._events.CreateEventReceiver.<locals>.Sink object at 0x00000201CFD0DA60>.AddRef() -> 2
2026-06-03 23:38:51,797 - comtypes._comobject - DEBUG - <comtypes.client._events.CreateEventReceiver.<locals>.Sink object at 0x00000201CFD0DA60>.Release() -> 1
2026-06-03 23:38:51,797 - comtypes._comobject - DEBUG - <comtypes.client._events.CreateEventReceiver.<locals>.Sink object at 0x00000201CFD0DA60>.AddRef() -> 2
2026-06-03 23:38:51,797 - comtypes._vtbl - DEBUG - unimplemented method _ISpeechVoiceEvents_Phoneme called
2026-06-03 23:38:51,797 - comtypes._comobject - DEBUG - <comtypes.client._events.CreateEventReceiver.<locals>.Sink object at 0x00000201CFD0DA60>.Release() -> 1
2026-06-03 23:38:51,797 - comtypes._comobject - DEBUG - <comtypes.client._events.CreateEventReceiver.<locals>.Sink object at 0x00000201CFD0DA60>.AddRef() -> 2
2026-06-03 23:38:51,797 - comtypes._vtbl - DEBUG - unimplemented method _ISpeechVoiceEvents_Viseme called
2026-06-03 23:38:51,797 - comtypes._comobject - DEBUG - <comtypes.client._events.CreateEventReceiver.<locals>.Sink object at 0x00000201CFD0DA60>.Release() -> 1
2026-06-03 23:38:51,848 - comtypes._comobject - DEBUG - <comtypes.client._events.CreateEventReceiver.<locals>.Sink object at 0x00000201CFD0DA60>.AddRef() -> 2
2026-06-03 23:38:51,848 - comtypes._vtbl - DEBUG - unimplemented method _ISpeechVoiceEvents_Viseme called
2026-06-03 23:38:51,848 - comtypes._comobject - DEBUG - <comtypes.client._events.CreateEventReceiver.<locals>.Sink object at 0x00000201CFD0DA60>.Release() -> 1
2026-06-03 23:38:51,898 - comtypes._comobject - DEBUG - <comtypes.client._events.CreateEventReceiver.<locals>.Sink object at 0x00000201CFD0DA60>.AddRef() -> 2
2026-06-03 23:38:51,898 - comtypes._vtbl - DEBUG - unimplemented method _ISpeechVoiceEvents_Phoneme called
2026-06-03 23:38:51,898 - comtypes._comobject - DEBUG - <comtypes.client._events.CreateEventReceiver.<locals>.Sink object at 0x00000201CFD0DA60>.Release() -> 1
2026-06-03 23:38:51,898 - comtypes._comobject - DEBUG - <comtypes.client._events.CreateEventReceiver.<locals>.Sink object at 0x00000201CFD0DA60>.AddRef() -> 2
2026-06-03 23:38:51,898 - comtypes._vtbl - DEBUG - unimplemented method _ISpeechVoiceEvents_Viseme called
2026-06-03 23:38:51,898 - comtypes._comobject - DEBUG - <comtypes.client._events.CreateEventReceiver.<locals>.Sink object at 0x00000201CFD0DA60>.Release() -> 1
2026-06-03 23:38:52,000 - comtypes._comobject - DEBUG - <comtypes.client._events.CreateEventReceiver.<locals>.Sink object at 0x00000201CFD0DA60>.AddRef() -> 2
2026-06-03 23:38:52,000 - comtypes._vtbl - DEBUG - unimplemented method _ISpeechVoiceEvents_Phoneme called
2026-06-03 23:38:52,000 - comtypes._comobject - DEBUG - <comtypes.client._events.CreateEventReceiver.<locals>.Sink object at 0x00000201CFD0DA60>.Release() -> 1
2026-06-03 23:38:52,000 - comtypes._comobject - DEBUG - <comtypes.client._events.CreateEventReceiver.<locals>.Sink object at 0x00000201CFD0DA60>.AddRef() -> 2
2026-06-03 23:38:52,000 - comtypes._vtbl - DEBUG - unimplemented method _ISpeechVoiceEvents_Viseme called
2026-06-03 23:38:52,000 - comtypes._comobject - DEBUG - <comtypes.client._events.CreateEventReceiver.<locals>.Sink object at 0x00000201CFD0DA60>.Release() -> 1
2026-06-03 23:38:52,052 - comtypes._comobject - DEBUG - <comtypes.client._events.CreateEventReceiver.<locals>.Sink object at 0x00000201CFD0DA60>.AddRef() -> 2
2026-06-03 23:38:52,052 - comtypes._vtbl - DEBUG - unimplemented method _ISpeechVoiceEvents_Phoneme called
2026-06-03 23:38:52,052 - comtypes._comobject - DEBUG - <comtypes.client._events.CreateEventReceiver.<locals>.Sink object at 0x00000201CFD0DA60>.Release() -> 1
2026-06-03 23:38:52,052 - comtypes._comobject - DEBUG - <comtypes.client._events.CreateEventReceiver.<locals>.Sink object at 0x00000201CFD0DA60>.AddRef() -> 2
2026-06-03 23:38:52,052 - comtypes._vtbl - DEBUG - unimplemented method _ISpeechVoiceEvents_Viseme called
2026-06-03 23:38:52,052 - comtypes._comobject - DEBUG - <comtypes.client._events.CreateEventReceiver.<locals>.Sink object at 0x00000201CFD0DA60>.Release() -> 1
2026-06-03 23:38:52,103 - comtypes._comobject - DEBUG - <comtypes.client._events.CreateEventReceiver.<locals>.Sink object at 0x00000201CFD0DA60>.AddRef() -> 2
2026-06-03 23:38:52,103 - comtypes._vtbl - DEBUG - unimplemented method _ISpeechVoiceEvents_Phoneme called
2026-06-03 23:38:52,103 - comtypes._comobject - DEBUG - <comtypes.client._events.CreateEventReceiver.<locals>.Sink object at 0x00000201CFD0DA60>.Release() -> 1
2026-06-03 23:38:52,103 - comtypes._comobject - DEBUG - <comtypes.client._events.CreateEventReceiver.<locals>.Sink object at 0x00000201CFD0DA60>.AddRef() -> 2
2026-06-03 23:38:52,103 - comtypes._vtbl - DEBUG - unimplemented method _ISpeechVoiceEvents_Viseme called
2026-06-03 23:38:52,103 - comtypes._comobject - DEBUG - <comtypes.client._events.CreateEventReceiver.<locals>.Sink object at 0x00000201CFD0DA60>.Release() -> 1
2026-06-03 23:38:52,154 - comtypes._comobject - DEBUG - <comtypes.client._events.CreateEventReceiver.<locals>.Sink object at 0x00000201CFD0DA60>.AddRef() -> 2
2026-06-03 23:38:52,154 - comtypes._vtbl - DEBUG - unimplemented method _ISpeechVoiceEvents_Phoneme called
2026-06-03 23:38:52,154 - comtypes._comobject - DEBUG - <comtypes.client._events.CreateEventReceiver.<locals>.Sink object at 0x00000201CFD0DA60>.Release() -> 1
2026-06-03 23:38:52,154 - comtypes._comobject - DEBUG - <comtypes.client._events.CreateEventReceiver.<locals>.Sink object at 0x00000201CFD0DA60>.AddRef() -> 2
2026-06-03 23:38:52,154 - comtypes._vtbl - DEBUG - unimplemented method _ISpeechVoiceEvents_Viseme called
2026-06-03 23:38:52,154 - comtypes._comobject - DEBUG - <comtypes.client._events.CreateEventReceiver.<locals>.Sink object at 0x00000201CFD0DA60>.Release() -> 1
2026-06-03 23:38:52,255 - comtypes._comobject - DEBUG - <comtypes.client._events.CreateEventReceiver.<locals>.Sink object at 0x00000201CFD0DA60>.AddRef() -> 2
2026-06-03 23:38:52,256 - comtypes._comobject - DEBUG - <comtypes.client._events.CreateEventReceiver.<locals>.Sink object at 0x00000201CFD0DA60>.Release() -> 1
2026-06-03 23:38:52,256 - comtypes._comobject - DEBUG - <comtypes.client._events.CreateEventReceiver.<locals>.Sink object at 0x00000201CFD0DA60>.AddRef() -> 2
2026-06-03 23:38:52,256 - comtypes._vtbl - DEBUG - unimplemented method _ISpeechVoiceEvents_Phoneme called
2026-06-03 23:38:52,256 - comtypes._comobject - DEBUG - <comtypes.client._events.CreateEventReceiver.<locals>.Sink object at 0x00000201CFD0DA60>.Release() -> 1
2026-06-03 23:38:52,256 - comtypes._comobject - DEBUG - <comtypes.client._events.CreateEventReceiver.<locals>.Sink object at 0x00000201CFD0DA60>.AddRef() -> 2
2026-06-03 23:38:52,256 - comtypes._vtbl - DEBUG - unimplemented method _ISpeechVoiceEvents_Viseme called
2026-06-03 23:38:52,256 - comtypes._comobject - DEBUG - <comtypes.client._events.CreateEventReceiver.<locals>.Sink object at 0x00000201CFD0DA60>.Release() -> 1
2026-06-03 23:38:52,477 - comtypes._comobject - DEBUG - <comtypes.client._events.CreateEventReceiver.<locals>.Sink object at 0x00000201CFD0DA60>.AddRef() -> 2
2026-06-03 23:38:52,477 - comtypes._vtbl - DEBUG - unimplemented method _ISpeechVoiceEvents_Phoneme called
2026-06-03 23:38:52,477 - comtypes._comobject - DEBUG - <comtypes.client._events.CreateEventReceiver.<locals>.Sink object at 0x00000201CFD0DA60>.Release() -> 1
2026-06-03 23:38:52,477 - comtypes._comobject - DEBUG - <comtypes.client._events.CreateEventReceiver.<locals>.Sink object at 0x00000201CFD0DA60>.AddRef() -> 2
2026-06-03 23:38:52,477 - comtypes._vtbl - DEBUG - unimplemented method _ISpeechVoiceEvents_Viseme called
2026-06-03 23:38:52,477 - comtypes._comobject - DEBUG - <comtypes.client._events.CreateEventReceiver.<locals>.Sink object at 0x00000201CFD0DA60>.Release() -> 1
2026-06-03 23:38:52,478 - comtypes._comobject - DEBUG - <comtypes.client._events.CreateEventReceiver.<locals>.Sink object at 0x00000201CFD0DA60>.AddRef() -> 2
2026-06-03 23:38:52,478 - comtypes._vtbl - DEBUG - unimplemented method _ISpeechVoiceEvents_Phoneme called
2026-06-03 23:38:52,478 - comtypes._comobject - DEBUG - <comtypes.client._events.CreateEventReceiver.<locals>.Sink object at 0x00000201CFD0DA60>.Release() -> 1
2026-06-03 23:38:52,478 - comtypes._comobject - DEBUG - <comtypes.client._events.CreateEventReceiver.<locals>.Sink object at 0x00000201CFD0DA60>.AddRef() -> 2
2026-06-03 23:38:52,478 - comtypes._vtbl - DEBUG - unimplemented method _ISpeechVoiceEvents_Viseme called
2026-06-03 23:38:52,478 - comtypes._comobject - DEBUG - <comtypes.client._events.CreateEventReceiver.<locals>.Sink object at 0x00000201CFD0DA60>.Release() -> 1
2026-06-03 23:38:52,478 - comtypes._comobject - DEBUG - <comtypes.client._events.CreateEventReceiver.<locals>.Sink object at 0x00000201CFD0DA60>.AddRef() -> 2
2026-06-03 23:38:52,478 - comtypes._vtbl - DEBUG - unimplemented method _ISpeechVoiceEvents_Phoneme called
2026-06-03 23:38:52,478 - comtypes._comobject - DEBUG - <comtypes.client._events.CreateEventReceiver.<locals>.Sink object at 0x00000201CFD0DA60>.Release() -> 1
2026-06-03 23:38:52,479 - comtypes._comobject - DEBUG - <comtypes.client._events.CreateEventReceiver.<locals>.Sink object at 0x00000201CFD0DA60>.AddRef() -> 2
2026-06-03 23:38:52,479 - comtypes._vtbl - DEBUG - unimplemented method _ISpeechVoiceEvents_Viseme called
2026-06-03 23:38:52,479 - comtypes._comobject - DEBUG - <comtypes.client._events.CreateEventReceiver.<locals>.Sink object at 0x00000201CFD0DA60>.Release() -> 1
2026-06-03 23:38:52,580 - comtypes._comobject - DEBUG - <comtypes.client._events.CreateEventReceiver.<locals>.Sink object at 0x00000201CFD0DA60>.AddRef() -> 2
2026-06-03 23:38:52,580 - comtypes._vtbl - DEBUG - unimplemented method _ISpeechVoiceEvents_Viseme called
2026-06-03 23:38:52,580 - comtypes._comobject - DEBUG - <comtypes.client._events.CreateEventReceiver.<locals>.Sink object at 0x00000201CFD0DA60>.Release() -> 1
2026-06-03 23:38:52,631 - comtypes._comobject - DEBUG - <comtypes.client._events.CreateEventReceiver.<locals>.Sink object at 0x00000201CFD0DA60>.AddRef() -> 2
2026-06-03 23:38:52,631 - comtypes._vtbl - DEBUG - unimplemented method _ISpeechVoiceEvents_Phoneme called
2026-06-03 23:38:52,631 - comtypes._comobject - DEBUG - <comtypes.client._events.CreateEventReceiver.<locals>.Sink object at 0x00000201CFD0DA60>.Release() -> 1
2026-06-03 23:38:52,631 - comtypes._comobject - DEBUG - <comtypes.client._events.CreateEventReceiver.<locals>.Sink object at 0x00000201CFD0DA60>.AddRef() -> 2
2026-06-03 23:38:52,631 - comtypes._vtbl - DEBUG - unimplemented method _ISpeechVoiceEvents_Viseme called
2026-06-03 23:38:52,631 - comtypes._comobject - DEBUG - <comtypes.client._events.CreateEventReceiver.<locals>.Sink object at 0x00000201CFD0DA60>.Release() -> 1
2026-06-03 23:38:52,782 - comtypes._comobject - DEBUG - <comtypes.client._events.CreateEventReceiver.<locals>.Sink object at 0x00000201CFD0DA60>.AddRef() -> 2
2026-06-03 23:38:52,782 - comtypes._vtbl - DEBUG - unimplemented method _ISpeechVoiceEvents_Phoneme called
2026-06-03 23:38:52,782 - comtypes._comobject - DEBUG - <comtypes.client._events.CreateEventReceiver.<locals>.Sink object at 0x00000201CFD0DA60>.Release() -> 1
2026-06-03 23:38:52,783 - comtypes._comobject - DEBUG - <comtypes.client._events.CreateEventReceiver.<locals>.Sink object at 0x00000201CFD0DA60>.AddRef() -> 2
2026-06-03 23:38:52,783 - comtypes._vtbl - DEBUG - unimplemented method _ISpeechVoiceEvents_Viseme called
2026-06-03 23:38:52,783 - comtypes._comobject - DEBUG - <comtypes.client._events.CreateEventReceiver.<locals>.Sink object at 0x00000201CFD0DA60>.Release() -> 1
2026-06-03 23:38:52,941 - voice.tts_engines.piper_engine - ERROR - Piper TTS dependencies not installed: No module named 'piper.download'
2026-06-03 23:38:52,941 - voice.tts_engines.piper_engine - WARNING - To install Piper: pip install piper-tts sounddevice numpy
2026-06-03 23:38:52,941 - voice.tts_engines.engine_selector - WARNING - Failed to initialize piper, falling back...
2026-06-03 23:38:52,941 - voice.tts_engines.piper_engine - INFO - Initializing Piper TTS engine...
2026-06-03 23:38:52,942 - voice.tts_engines.piper_engine - ERROR - Piper TTS dependencies not installed: No module named 'piper.download'
2026-06-03 23:38:52,942 - voice.tts_engines.piper_engine - WARNING - To install Piper: pip install piper-tts sounddevice numpy
2026-06-03 23:38:52,942 - voice.tts_engines.pyttsx3_engine - INFO - Initializing pyttsx3 TTS engine...
2026-06-03 23:38:52,942 - voice.tts_engines.pyttsx3_engine - INFO - Set initial TTS speed to 150 WPM
2026-06-03 23:38:52,943 - comtypes.client._managing - DEBUG - wrap_outparam(<POINTER(ISpeechObjectTokens) ptr=0x201dc2cffd0 at 201dd3e63d0>)
2026-06-03 23:38:52,944 - comtypes._post_coinit.unknwn - DEBUG - Release <POINTER(IUnknown) ptr=0x201dc29b820 at 201dd3e69d0>
2026-06-03 23:38:52,944 - comtypes._post_coinit.unknwn - DEBUG - Release <POINTER(ISpeechObjectTokens) ptr=0x201dc2cffd0 at 201dd3e63d0>
2026-06-03 23:38:52,944 - comtypes.client._managing - DEBUG - wrap_outparam(<POINTER(IDispatch) ptr=0x201b8734d00 at 201dd3e6750>)
2026-06-03 23:38:52,944 - comtypes.client._managing - DEBUG - GetBestInterface(<POINTER(IDispatch) ptr=0x201b8734d00 at 201dd3e6750>)
2026-06-03 23:38:52,945 - comtypes.client._managing - DEBUG - Does NOT implement IProvideClassInfo, trying IProvideClassInfo2
2026-06-03 23:38:52,945 - comtypes.client._managing - DEBUG - Does NOT implement IProvideClassInfo/IProvideClassInfo2
2026-06-03 23:38:52,945 - comtypes._post_coinit.unknwn - DEBUG - Release <POINTER(IUnknown) ptr=0x201cfaf1a30 at 201dd3e6ad0>
2026-06-03 23:38:52,945 - comtypes.client._managing - DEBUG - Default interface is {C74A3ADC-B727-4500-A84A-B526721C8B8C}
2026-06-03 23:38:52,945 - comtypes._post_coinit.unknwn - DEBUG - Release <POINTER(IUnknown) ptr=0x201b8734d00 at 201dd3e6bd0>
2026-06-03 23:38:52,945 - comtypes.client._generate - DEBUG - GetModule(TLIBATTR(GUID={C866CA3A-32F7-11D2-9602-00C04F8EE628}, Version=5.4, LCID=0, FLags=0x8))
2026-06-03 23:38:52,945 - comtypes.client._managing - DEBUG - Implements default interface from typeinfo <class 'comtypes.gen._C866CA3A_32F7_11D2_9602_00C04F8EE628_0_5_4.ISpeechObjectToken'>
2026-06-03 23:38:52,946 - comtypes.client._managing - DEBUG - Final result is <POINTER(ISpeechObjectToken) ptr=0x201b8734d00 at 201dd3e6ad0>
2026-06-03 23:38:52,946 - comtypes._post_coinit.unknwn - DEBUG - Release <POINTER(IDispatch) ptr=0x201b8734d00 at 201dd3e68d0>
2026-06-03 23:38:52,946 - comtypes._post_coinit.unknwn - DEBUG - Release <POINTER(ITypeInfo) ptr=0x201cfaf1a30 at 201dd3e6b50>
2026-06-03 23:38:52,946 - comtypes._post_coinit.unknwn - DEBUG - Release <POINTER(ITypeLib) ptr=0x201cfaa2dd0 at 201dd3e6bd0>
2026-06-03 23:38:52,946 - comtypes._post_coinit.unknwn - DEBUG - Release <POINTER(IDispatch) ptr=0x201b8734d00 at 201dd3e6750>
2026-06-03 23:38:52,946 - comtypes.client._managing - DEBUG - wrap_outparam(<POINTER(IDispatch) ptr=0x201b8734910 at 201dd3e6bd0>)
2026-06-03 23:38:52,947 - comtypes.client._managing - DEBUG - GetBestInterface(<POINTER(IDispatch) ptr=0x201b8734910 at 201dd3e6bd0>)
2026-06-03 23:38:52,947 - comtypes.client._managing - DEBUG - Does NOT implement IProvideClassInfo, trying IProvideClassInfo2
2026-06-03 23:38:52,947 - comtypes.client._managing - DEBUG - Does NOT implement IProvideClassInfo/IProvideClassInfo2
2026-06-03 23:38:52,947 - comtypes._post_coinit.unknwn - DEBUG - Release <POINTER(IUnknown) ptr=0x201cfaf1a30 at 201dd3e68d0>
2026-06-03 23:38:52,948 - comtypes.client._managing - DEBUG - Default interface is {C74A3ADC-B727-4500-A84A-B526721C8B8C}
2026-06-03 23:38:52,948 - comtypes._post_coinit.unknwn - DEBUG - Release <POINTER(IUnknown) ptr=0x201b8734910 at 201dd3e6c50>
2026-06-03 23:38:52,948 - comtypes.client._generate - DEBUG - GetModule(TLIBATTR(GUID={C866CA3A-32F7-11D2-9602-00C04F8EE628}, Version=5.4, LCID=0, FLags=0x8))
2026-06-03 23:38:52,948 - comtypes.client._managing - DEBUG - Implements default interface from typeinfo <class 'comtypes.gen._C866CA3A_32F7_11D2_9602_00C04F8EE628_0_5_4.ISpeechObjectToken'>
2026-06-03 23:38:52,948 - comtypes.client._managing - DEBUG - Final result is <POINTER(ISpeechObjectToken) ptr=0x201b8734910 at 201dd3e68d0>
2026-06-03 23:38:52,948 - comtypes._post_coinit.unknwn - DEBUG - Release <POINTER(IDispatch) ptr=0x201b8734910 at 201dd3e6b50>
2026-06-03 23:38:52,948 - comtypes._post_coinit.unknwn - DEBUG - Release <POINTER(ITypeInfo) ptr=0x201cfaf1a30 at 201dd3e6cd0>
2026-06-03 23:38:52,948 - comtypes._post_coinit.unknwn - DEBUG - Release <POINTER(ITypeLib) ptr=0x201cfaa2dd0 at 201dd3e6c50>
2026-06-03 23:38:52,948 - comtypes._post_coinit.unknwn - DEBUG - Release <POINTER(IDispatch) ptr=0x201b8734910 at 201dd3e6bd0>
2026-06-03 23:38:52,948 - comtypes._post_coinit.unknwn - DEBUG - Release <POINTER(ISpeechObjectToken) ptr=0x201b8734d00 at 201dd3e6ad0>
2026-06-03 23:38:52,949 - comtypes._post_coinit.unknwn - DEBUG - Release <POINTER(IEnumVARIANT) ptr=0x201dc29b820 at 201dd3e66d0>
2026-06-03 23:38:52,949 - comtypes._post_coinit.unknwn - DEBUG - Release <POINTER(ISpeechObjectToken) ptr=0x201b8734910 at 201dd3e68d0>
2026-06-03 23:38:52,949 - voice.tts_engines.pyttsx3_engine - INFO - Available voices: 2 found
2026-06-03 23:38:52,949 - voice.tts_engines.pyttsx3_engine - INFO -   Voice 0: Microsoft David Desktop - English (United States)
2026-06-03 23:38:52,949 - voice.tts_engines.pyttsx3_engine - INFO - Found target voice: Microsoft David Desktop - English (United States)
2026-06-03 23:38:52,949 - voice.tts_engines.pyttsx3_engine - INFO - pyttsx3 TTS initialized successfully!
2026-06-03 23:38:52,949 - voice.tts_engines.engine_selector - INFO - Using TTS engine: pyttsx3
2026-06-03 23:38:52,950 - voice.tts_engines.pyttsx3_engine - INFO - Set TTS speed to 150 WPM (scale: 1.0)
2026-06-03 23:38:54,140 - comtypes._comobject - DEBUG - <comtypes.client._events.CreateEventReceiver.<locals>.Sink object at 0x00000201CFD0DA60>.AddRef() -> 2
2026-06-03 23:38:54,140 - comtypes._vtbl - DEBUG - unimplemented method _ISpeechVoiceEvents_Sentence called
2026-06-03 23:38:54,140 - comtypes._comobject - DEBUG - <comtypes.client._events.CreateEventReceiver.<locals>.Sink object at 0x00000201CFD0DA60>.Release() -> 1
2026-06-03 23:38:54,140 - comtypes._comobject - DEBUG - <comtypes.client._events.CreateEventReceiver.<locals>.Sink object at 0x00000201CFD0DA60>.AddRef() -> 2
2026-06-03 23:38:54,140 - comtypes._vtbl - DEBUG - unimplemented method _ISpeechVoiceEvents_Phoneme called
2026-06-03 23:38:54,140 - comtypes._comobject - DEBUG - <comtypes.client._events.CreateEventReceiver.<locals>.Sink object at 0x00000201CFD0DA60>.Release() -> 1
2026-06-03 23:38:54,140 - comtypes._comobject - DEBUG - <comtypes.client._events.CreateEventReceiver.<locals>.Sink object at 0x00000201CFD0DA60>.AddRef() -> 2
2026-06-03 23:38:54,140 - comtypes._vtbl - DEBUG - unimplemented method _ISpeechVoiceEvents_Viseme called
2026-06-03 23:38:54,140 - comtypes._comobject - DEBUG - <comtypes.client._events.CreateEventReceiver.<locals>.Sink object at 0x00000201CFD0DA60>.Release() -> 1
2026-06-03 23:38:54,319 - comtypes._comobject - DEBUG - <comtypes.client._events.CreateEventReceiver.<locals>.Sink object at 0x00000201CFD0DA60>.AddRef() -> 2
2026-06-03 23:38:54,319 - voice.voice_memory - INFO - Loaded 26 voice interactions
2026-06-03 23:38:54,319 - comtypes._comobject - DEBUG - <comtypes.client._events.CreateEventReceiver.<locals>.Sink object at 0x00000201CFD0DA60>.Release() -> 1
2026-06-03 23:38:54,320 - comtypes._comobject - DEBUG - <comtypes.client._events.CreateEventReceiver.<locals>.Sink object at 0x00000201CFD0DA60>.AddRef() -> 2
2026-06-03 23:38:54,320 - comtypes._vtbl - DEBUG - unimplemented method _ISpeechVoiceEvents_Phoneme called
2026-06-03 23:38:54,320 - comtypes._comobject - DEBUG - <comtypes.client._events.CreateEventReceiver.<locals>.Sink object at 0x00000201CFD0DA60>.Release() -> 1
2026-06-03 23:38:54,320 - comtypes._comobject - DEBUG - <comtypes.client._events.CreateEventReceiver.<locals>.Sink object at 0x00000201CFD0DA60>.AddRef() -> 2
2026-06-03 23:38:54,321 - comtypes._vtbl - DEBUG - unimplemented method _ISpeechVoiceEvents_Viseme called
2026-06-03 23:38:54,321 - comtypes._comobject - DEBUG - <comtypes.client._events.CreateEventReceiver.<locals>.Sink object at 0x00000201CFD0DA60>.Release() -> 1
2026-06-03 23:38:54,371 - comtypes._comobject - DEBUG - <comtypes.client._events.CreateEventReceiver.<locals>.Sink object at 0x00000201CFD0DA60>.AddRef() -> 2
2026-06-03 23:38:54,371 - comtypes._vtbl - DEBUG - unimplemented method _ISpeechVoiceEvents_Phoneme called
2026-06-03 23:38:54,371 - comtypes._comobject - DEBUG - <comtypes.client._events.CreateEventReceiver.<locals>.Sink object at 0x00000201CFD0DA60>.Release() -> 1
2026-06-03 23:38:54,372 - comtypes._comobject - DEBUG - <comtypes.client._events.CreateEventReceiver.<locals>.Sink object at 0x00000201CFD0DA60>.AddRef() -> 2
2026-06-03 23:38:54,372 - comtypes._vtbl - DEBUG - unimplemented method _ISpeechVoiceEvents_Viseme called
2026-06-03 23:38:54,372 - comtypes._comobject - DEBUG - <comtypes.client._events.CreateEventReceiver.<locals>.Sink object at 0x00000201CFD0DA60>.Release() -> 1
2026-06-03 23:38:54,473 - comtypes._comobject - DEBUG - <comtypes.client._events.CreateEventReceiver.<locals>.Sink object at 0x00000201CFD0DA60>.AddRef() -> 2
2026-06-03 23:38:54,473 - comtypes._comobject - DEBUG - <comtypes.client._events.CreateEventReceiver.<locals>.Sink object at 0x00000201CFD0DA60>.Release() -> 1
2026-06-03 23:38:54,473 - comtypes._comobject - DEBUG - <comtypes.client._events.CreateEventReceiver.<locals>.Sink object at 0x00000201CFD0DA60>.AddRef() -> 2
2026-06-03 23:38:54,473 - comtypes._vtbl - DEBUG - unimplemented method _ISpeechVoiceEvents_Phoneme called
2026-06-03 23:38:54,473 - comtypes._comobject - DEBUG - <comtypes.client._events.CreateEventReceiver.<locals>.Sink object at 0x00000201CFD0DA60>.Release() -> 1
2026-06-03 23:38:54,473 - comtypes._comobject - DEBUG - <comtypes.client._events.CreateEventReceiver.<locals>.Sink object at 0x00000201CFD0DA60>.AddRef() -> 2
2026-06-03 23:38:54,473 - comtypes._vtbl - DEBUG - unimplemented method _ISpeechVoiceEvents_Viseme called
2026-06-03 23:38:54,473 - comtypes._comobject - DEBUG - <comtypes.client._events.CreateEventReceiver.<locals>.Sink object at 0x00000201CFD0DA60>.Release() -> 1
2026-06-03 23:38:54,625 - comtypes._comobject - DEBUG - <comtypes.client._events.CreateEventReceiver.<locals>.Sink object at 0x00000201CFD0DA60>.AddRef() -> 2
2026-06-03 23:38:54,625 - comtypes._vtbl - DEBUG - unimplemented method _ISpeechVoiceEvents_Phoneme called
2026-06-03 23:38:54,625 - comtypes._comobject - DEBUG - <comtypes.client._events.CreateEventReceiver.<locals>.Sink object at 0x00000201CFD0DA60>.Release() -> 1
2026-06-03 23:38:54,625 - comtypes._comobject - DEBUG - <comtypes.client._events.CreateEventReceiver.<locals>.Sink object at 0x00000201CFD0DA60>.AddRef() -> 2
2026-06-03 23:38:54,625 - comtypes._vtbl - DEBUG - unimplemented method _ISpeechVoiceEvents_Viseme called
2026-06-03 23:38:54,626 - comtypes._comobject - DEBUG - <comtypes.client._events.CreateEventReceiver.<locals>.Sink object at 0x00000201CFD0DA60>.Release() -> 1
2026-06-03 23:38:54,676 - comtypes._comobject - DEBUG - <comtypes.client._events.CreateEventReceiver.<locals>.Sink object at 0x00000201CFD0DA60>.AddRef() -> 2
2026-06-03 23:38:54,676 - comtypes._vtbl - DEBUG - unimplemented method _ISpeechVoiceEvents_Phoneme called
2026-06-03 23:38:54,676 - comtypes._comobject - DEBUG - <comtypes.client._events.CreateEventReceiver.<locals>.Sink object at 0x00000201CFD0DA60>.Release() -> 1
2026-06-03 23:38:54,676 - comtypes._comobject - DEBUG - <comtypes.client._events.CreateEventReceiver.<locals>.Sink object at 0x00000201CFD0DA60>.AddRef() -> 2
2026-06-03 23:38:54,676 - comtypes._vtbl - DEBUG - unimplemented method _ISpeechVoiceEvents_Viseme called
2026-06-03 23:38:54,677 - comtypes._comobject - DEBUG - <comtypes.client._events.CreateEventReceiver.<locals>.Sink object at 0x00000201CFD0DA60>.Release() -> 1
2026-06-03 23:38:54,725 - voice.audio_router - INFO - Found 2 input devices, 2 output devices
2026-06-03 23:38:54,726 - runtime.runtime_manager - INFO - Initializing JARVIS runtime system
2026-06-03 23:38:54,726 - runtime_core.event_bus - DEBUG - Subscribed to PAUSE
2026-06-03 23:38:54,726 - runtime_core.event_bus - DEBUG - Subscribed to RESUME
2026-06-03 23:38:54,726 - runtime.hotkey_manager - INFO - Initializing hotkey manager
2026-06-03 23:38:54,777 - comtypes._comobject - DEBUG - <comtypes.client._events.CreateEventReceiver.<locals>.Sink object at 0x00000201CFD0DA60>.AddRef() -> 2
2026-06-03 23:38:54,778 - comtypes._vtbl - DEBUG - unimplemented method _ISpeechVoiceEvents_Phoneme called
2026-06-03 23:38:54,778 - comtypes._comobject - DEBUG - <comtypes.client._events.CreateEventReceiver.<locals>.Sink object at 0x00000201CFD0DA60>.Release() -> 1
2026-06-03 23:38:54,778 - comtypes._comobject - DEBUG - <comtypes.client._events.CreateEventReceiver.<locals>.Sink object at 0x00000201CFD0DA60>.AddRef() -> 2
2026-06-03 23:38:54,778 - comtypes._vtbl - DEBUG - unimplemented method _ISpeechVoiceEvents_Viseme called
2026-06-03 23:38:54,778 - comtypes._comobject - DEBUG - <comtypes.client._events.CreateEventReceiver.<locals>.Sink object at 0x00000201CFD0DA60>.Release() -> 1
2026-06-03 23:38:54,828 - comtypes._comobject - DEBUG - <comtypes.client._events.CreateEventReceiver.<locals>.Sink object at 0x00000201CFD0DA60>.AddRef() -> 2
2026-06-03 23:38:54,828 - comtypes._vtbl - DEBUG - unimplemented method _ISpeechVoiceEvents_Phoneme called
2026-06-03 23:38:54,828 - comtypes._comobject - DEBUG - <comtypes.client._events.CreateEventReceiver.<locals>.Sink object at 0x00000201CFD0DA60>.Release() -> 1
2026-06-03 23:38:54,828 - comtypes._comobject - DEBUG - <comtypes.client._events.CreateEventReceiver.<locals>.Sink object at 0x00000201CFD0DA60>.AddRef() -> 2
2026-06-03 23:38:54,828 - comtypes._vtbl - DEBUG - unimplemented method _ISpeechVoiceEvents_Viseme called
2026-06-03 23:38:54,829 - comtypes._comobject - DEBUG - <comtypes.client._events.CreateEventReceiver.<locals>.Sink object at 0x00000201CFD0DA60>.Release() -> 1
2026-06-03 23:38:54,879 - comtypes._comobject - DEBUG - <comtypes.client._events.CreateEventReceiver.<locals>.Sink object at 0x00000201CFD0DA60>.AddRef() -> 2
2026-06-03 23:38:54,879 - comtypes._vtbl - DEBUG - unimplemented method _ISpeechVoiceEvents_Phoneme called
2026-06-03 23:38:54,879 - comtypes._comobject - DEBUG - <comtypes.client._events.CreateEventReceiver.<locals>.Sink object at 0x00000201CFD0DA60>.Release() -> 1
2026-06-03 23:38:54,879 - comtypes._comobject - DEBUG - <comtypes.client._events.CreateEventReceiver.<locals>.Sink object at 0x00000201CFD0DA60>.AddRef() -> 2
2026-06-03 23:38:54,879 - comtypes._vtbl - DEBUG - unimplemented method _ISpeechVoiceEvents_Viseme called
2026-06-03 23:38:54,879 - comtypes._comobject - DEBUG - <comtypes.client._events.CreateEventReceiver.<locals>.Sink object at 0x00000201CFD0DA60>.Release() -> 1
2026-06-03 23:38:54,882 - runtime.hotkey_manager - DEBUG - Keyboard library imported successfully
2026-06-03 23:38:54,882 - runtime.idle_controller - INFO - Initializing idle controller
2026-06-03 23:38:54,882 - runtime.wake_listener - INFO - Initializing wake listener
2026-06-03 23:38:54,882 - runtime.wake_listener - INFO - SpeechRecognition version: 3.16.1
2026-06-03 23:38:54,930 - comtypes._comobject - DEBUG - <comtypes.client._events.CreateEventReceiver.<locals>.Sink object at 0x00000201CFD0DA60>.AddRef() -> 2
2026-06-03 23:38:54,930 - comtypes._vtbl - DEBUG - unimplemented method _ISpeechVoiceEvents_Phoneme called
2026-06-03 23:38:54,930 - comtypes._comobject - DEBUG - <comtypes.client._events.CreateEventReceiver.<locals>.Sink object at 0x00000201CFD0DA60>.Release() -> 1
2026-06-03 23:38:54,930 - comtypes._comobject - DEBUG - <comtypes.client._events.CreateEventReceiver.<locals>.Sink object at 0x00000201CFD0DA60>.AddRef() -> 2
2026-06-03 23:38:54,930 - comtypes._vtbl - DEBUG - unimplemented method _ISpeechVoiceEvents_Viseme called
2026-06-03 23:38:54,930 - comtypes._comobject - DEBUG - <comtypes.client._events.CreateEventReceiver.<locals>.Sink object at 0x00000201CFD0DA60>.Release() -> 1
2026-06-03 23:38:55,032 - comtypes._comobject - DEBUG - <comtypes.client._events.CreateEventReceiver.<locals>.Sink object at 0x00000201CFD0DA60>.AddRef() -> 2
2026-06-03 23:38:55,032 - comtypes._comobject - DEBUG - <comtypes.client._events.CreateEventReceiver.<locals>.Sink object at 0x00000201CFD0DA60>.Release() -> 1
2026-06-03 23:38:55,032 - comtypes._comobject - DEBUG - <comtypes.client._events.CreateEventReceiver.<locals>.Sink object at 0x00000201CFD0DA60>.AddRef() -> 2
2026-06-03 23:38:55,032 - comtypes._vtbl - DEBUG - unimplemented method _ISpeechVoiceEvents_Phoneme called
2026-06-03 23:38:55,032 - comtypes._comobject - DEBUG - <comtypes.client._events.CreateEventReceiver.<locals>.Sink object at 0x00000201CFD0DA60>.Release() -> 1
2026-06-03 23:38:55,032 - comtypes._comobject - DEBUG - <comtypes.client._events.CreateEventReceiver.<locals>.Sink object at 0x00000201CFD0DA60>.AddRef() -> 2
2026-06-03 23:38:55,032 - comtypes._vtbl - DEBUG - unimplemented method _ISpeechVoiceEvents_Viseme called
2026-06-03 23:38:55,032 - comtypes._comobject - DEBUG - <comtypes.client._events.CreateEventReceiver.<locals>.Sink object at 0x00000201CFD0DA60>.Release() -> 1
2026-06-03 23:38:55,083 - comtypes._comobject - DEBUG - <comtypes.client._events.CreateEventReceiver.<locals>.Sink object at 0x00000201CFD0DA60>.AddRef() -> 2
2026-06-03 23:38:55,083 - comtypes._vtbl - DEBUG - unimplemented method _ISpeechVoiceEvents_Phoneme called
2026-06-03 23:38:55,083 - comtypes._comobject - DEBUG - <comtypes.client._events.CreateEventReceiver.<locals>.Sink object at 0x00000201CFD0DA60>.Release() -> 1
2026-06-03 23:38:55,083 - comtypes._comobject - DEBUG - <comtypes.client._events.CreateEventReceiver.<locals>.Sink object at 0x00000201CFD0DA60>.AddRef() -> 2
2026-06-03 23:38:55,083 - comtypes._vtbl - DEBUG - unimplemented method _ISpeechVoiceEvents_Viseme called
2026-06-03 23:38:55,083 - comtypes._comobject - DEBUG - <comtypes.client._events.CreateEventReceiver.<locals>.Sink object at 0x00000201CFD0DA60>.Release() -> 1
2026-06-03 23:38:55,134 - comtypes._comobject - DEBUG - <comtypes.client._events.CreateEventReceiver.<locals>.Sink object at 0x00000201CFD0DA60>.AddRef() -> 2
2026-06-03 23:38:55,134 - comtypes._vtbl - DEBUG - unimplemented method _ISpeechVoiceEvents_Phoneme called
2026-06-03 23:38:55,134 - comtypes._comobject - DEBUG - <comtypes.client._events.CreateEventReceiver.<locals>.Sink object at 0x00000201CFD0DA60>.Release() -> 1
2026-06-03 23:38:55,134 - comtypes._comobject - DEBUG - <comtypes.client._events.CreateEventReceiver.<locals>.Sink object at 0x00000201CFD0DA60>.AddRef() -> 2
2026-06-03 23:38:55,134 - comtypes._vtbl - DEBUG - unimplemented method _ISpeechVoiceEvents_Viseme called
2026-06-03 23:38:55,135 - comtypes._comobject - DEBUG - <comtypes.client._events.CreateEventReceiver.<locals>.Sink object at 0x00000201CFD0DA60>.Release() -> 1
2026-06-03 23:38:55,162 - runtime.wake_listener - INFO - Speech recognition and microphone initialized successfully
2026-06-03 23:38:55,163 - runtime.wake_listener - INFO - Fixed energy threshold set to: 200
2026-06-03 23:38:55,163 - runtime.runtime_manager - INFO - Runtime manager initialized successfully
2026-06-03 23:38:55,163 - runtime.hotkey_manager - INFO - Initializing hotkey manager
2026-06-03 23:38:55,163 - runtime.hotkey_manager - DEBUG - Keyboard library imported successfully
2026-06-03 23:38:55,216 - integration.speech_listener - INFO - Microphone initialized successfully!
2026-06-03 23:38:55,236 - comtypes._comobject - DEBUG - <comtypes.client._events.CreateEventReceiver.<locals>.Sink object at 0x00000201CFD0DA60>.AddRef() -> 2
2026-06-03 23:38:55,236 - comtypes._vtbl - DEBUG - unimplemented method _ISpeechVoiceEvents_Phoneme called
2026-06-03 23:38:55,236 - comtypes._comobject - DEBUG - <comtypes.client._events.CreateEventReceiver.<locals>.Sink object at 0x00000201CFD0DA60>.Release() -> 1
2026-06-03 23:38:55,236 - comtypes._comobject - DEBUG - <comtypes.client._events.CreateEventReceiver.<locals>.Sink object at 0x00000201CFD0DA60>.AddRef() -> 2
2026-06-03 23:38:55,236 - comtypes._vtbl - DEBUG - unimplemented method _ISpeechVoiceEvents_Viseme called
2026-06-03 23:38:55,237 - comtypes._comobject - DEBUG - <comtypes.client._events.CreateEventReceiver.<locals>.Sink object at 0x00000201CFD0DA60>.Release() -> 1
2026-06-03 23:38:55,266 - runtime.hotkey_manager - INFO - Hotkey listener started (CTRL+P registered)
2026-06-03 23:38:55,306 - integration.speech_listener - INFO - Adjusting for ambient noise...
2026-06-03 23:38:55,338 - comtypes._comobject - DEBUG - <comtypes.client._events.CreateEventReceiver.<locals>.Sink object at 0x00000201CFD0DA60>.AddRef() -> 2
2026-06-03 23:38:55,338 - comtypes._vtbl - DEBUG - unimplemented method _ISpeechVoiceEvents_Phoneme called
2026-06-03 23:38:55,338 - comtypes._comobject - DEBUG - <comtypes.client._events.CreateEventReceiver.<locals>.Sink object at 0x00000201CFD0DA60>.Release() -> 1
2026-06-03 23:38:55,338 - comtypes._comobject - DEBUG - <comtypes.client._events.CreateEventReceiver.<locals>.Sink object at 0x00000201CFD0DA60>.AddRef() -> 2
2026-06-03 23:38:55,338 - comtypes._vtbl - DEBUG - unimplemented method _ISpeechVoiceEvents_Viseme called
2026-06-03 23:38:55,338 - comtypes._comobject - DEBUG - <comtypes.client._events.CreateEventReceiver.<locals>.Sink object at 0x00000201CFD0DA60>.Release() -> 1
2026-06-03 23:38:55,338 - comtypes._comobject - DEBUG - <comtypes.client._events.CreateEventReceiver.<locals>.Sink object at 0x00000201CFD0DA60>.AddRef() -> 2
2026-06-03 23:38:55,338 - comtypes._vtbl - DEBUG - unimplemented method _ISpeechVoiceEvents_Phoneme called
2026-06-03 23:38:55,338 - comtypes._comobject - DEBUG - <comtypes.client._events.CreateEventReceiver.<locals>.Sink object at 0x00000201CFD0DA60>.Release() -> 1
2026-06-03 23:38:55,339 - comtypes._comobject - DEBUG - <comtypes.client._events.CreateEventReceiver.<locals>.Sink object at 0x00000201CFD0DA60>.AddRef() -> 2
2026-06-03 23:38:55,339 - comtypes._vtbl - DEBUG - unimplemented method _ISpeechVoiceEvents_Viseme called
2026-06-03 23:38:55,339 - comtypes._comobject - DEBUG - <comtypes.client._events.CreateEventReceiver.<locals>.Sink object at 0x00000201CFD0DA60>.Release() -> 1
2026-06-03 23:38:56,699 - comtypes._comobject - DEBUG - <comtypes.client._events.CreateEventReceiver.<locals>.Sink object at 0x00000201CFD0DA60>.AddRef() -> 2
2026-06-03 23:38:56,699 - comtypes._vtbl - DEBUG - unimplemented method _ISpeechVoiceEvents_Phoneme called
2026-06-03 23:38:56,699 - comtypes._comobject - DEBUG - <comtypes.client._events.CreateEventReceiver.<locals>.Sink object at 0x00000201CFD0DA60>.Release() -> 1
2026-06-03 23:38:56,699 - comtypes._comobject - DEBUG - <comtypes.client._events.CreateEventReceiver.<locals>.Sink object at 0x00000201CFD0DA60>.AddRef() -> 2
2026-06-03 23:38:56,699 - comtypes._vtbl - DEBUG - unimplemented method _ISpeechVoiceEvents_Viseme called
2026-06-03 23:38:56,699 - comtypes._comobject - DEBUG - <comtypes.client._events.CreateEventReceiver.<locals>.Sink object at 0x00000201CFD0DA60>.Release() -> 1
2026-06-03 23:38:56,800 - comtypes._comobject - DEBUG - <comtypes.client._events.CreateEventReceiver.<locals>.Sink object at 0x00000201CFD0DA60>.AddRef() -> 2
2026-06-03 23:38:56,800 - comtypes._vtbl - DEBUG - unimplemented method _ISpeechVoiceEvents_Viseme called
2026-06-03 23:38:56,800 - comtypes._comobject - DEBUG - <comtypes.client._events.CreateEventReceiver.<locals>.Sink object at 0x00000201CFD0DA60>.Release() -> 1
2026-06-03 23:38:56,851 - comtypes._comobject - DEBUG - <comtypes.client._events.CreateEventReceiver.<locals>.Sink object at 0x00000201CFD0DA60>.AddRef() -> 2
2026-06-03 23:38:56,851 - comtypes._vtbl - DEBUG - unimplemented method _ISpeechVoiceEvents_Phoneme called
2026-06-03 23:38:56,851 - comtypes._comobject - DEBUG - <comtypes.client._events.CreateEventReceiver.<locals>.Sink object at 0x00000201CFD0DA60>.Release() -> 1
2026-06-03 23:38:56,851 - comtypes._comobject - DEBUG - <comtypes.client._events.CreateEventReceiver.<locals>.Sink object at 0x00000201CFD0DA60>.AddRef() -> 2
2026-06-03 23:38:56,851 - comtypes._vtbl - DEBUG - unimplemented method _ISpeechVoiceEvents_Viseme called
2026-06-03 23:38:56,851 - comtypes._comobject - DEBUG - <comtypes.client._events.CreateEventReceiver.<locals>.Sink object at 0x00000201CFD0DA60>.Release() -> 1
2026-06-03 23:38:56,952 - comtypes._comobject - DEBUG - <comtypes.client._events.CreateEventReceiver.<locals>.Sink object at 0x00000201CFD0DA60>.AddRef() -> 2
2026-06-03 23:38:56,952 - comtypes._vtbl - DEBUG - unimplemented method _ISpeechVoiceEvents_Phoneme called
2026-06-03 23:38:56,952 - comtypes._comobject - DEBUG - <comtypes.client._events.CreateEventReceiver.<locals>.Sink object at 0x00000201CFD0DA60>.Release() -> 1
2026-06-03 23:38:56,952 - comtypes._comobject - DEBUG - <comtypes.client._events.CreateEventReceiver.<locals>.Sink object at 0x00000201CFD0DA60>.AddRef() -> 2
2026-06-03 23:38:56,952 - comtypes._vtbl - DEBUG - unimplemented method _ISpeechVoiceEvents_Viseme called
2026-06-03 23:38:56,952 - comtypes._comobject - DEBUG - <comtypes.client._events.CreateEventReceiver.<locals>.Sink object at 0x00000201CFD0DA60>.Release() -> 1
2026-06-03 23:38:57,003 - comtypes._comobject - DEBUG - <comtypes.client._events.CreateEventReceiver.<locals>.Sink object at 0x00000201CFD0DA60>.AddRef() -> 2
2026-06-03 23:38:57,008 - comtypes._comobject - DEBUG - <comtypes.client._events.CreateEventReceiver.<locals>.Sink object at 0x00000201CFD0DA60>.Release() -> 1
2026-06-03 23:38:57,008 - comtypes._comobject - DEBUG - <comtypes.client._events.CreateEventReceiver.<locals>.Sink object at 0x00000201CFD0DA60>.AddRef() -> 2
2026-06-03 23:38:57,008 - comtypes._vtbl - DEBUG - unimplemented method _ISpeechVoiceEvents_Phoneme called
2026-06-03 23:38:57,008 - comtypes._comobject - DEBUG - <comtypes.client._events.CreateEventReceiver.<locals>.Sink object at 0x00000201CFD0DA60>.Release() -> 1
2026-06-03 23:38:57,008 - comtypes._comobject - DEBUG - <comtypes.client._events.CreateEventReceiver.<locals>.Sink object at 0x00000201CFD0DA60>.AddRef() -> 2
2026-06-03 23:38:57,008 - comtypes._vtbl - DEBUG - unimplemented method _ISpeechVoiceEvents_Viseme called
2026-06-03 23:38:57,009 - comtypes._comobject - DEBUG - <comtypes.client._events.CreateEventReceiver.<locals>.Sink object at 0x00000201CFD0DA60>.Release() -> 1
2026-06-03 23:38:57,109 - comtypes._comobject - DEBUG - <comtypes.client._events.CreateEventReceiver.<locals>.Sink object at 0x00000201CFD0DA60>.AddRef() -> 2
2026-06-03 23:38:57,109 - comtypes._vtbl - DEBUG - unimplemented method _ISpeechVoiceEvents_Phoneme called
2026-06-03 23:38:57,109 - comtypes._comobject - DEBUG - <comtypes.client._events.CreateEventReceiver.<locals>.Sink object at 0x00000201CFD0DA60>.Release() -> 1
2026-06-03 23:38:57,110 - comtypes._comobject - DEBUG - <comtypes.client._events.CreateEventReceiver.<locals>.Sink object at 0x00000201CFD0DA60>.AddRef() -> 2
2026-06-03 23:38:57,110 - comtypes._vtbl - DEBUG - unimplemented method _ISpeechVoiceEvents_Viseme called
2026-06-03 23:38:57,110 - comtypes._comobject - DEBUG - <comtypes.client._events.CreateEventReceiver.<locals>.Sink object at 0x00000201CFD0DA60>.Release() -> 1
2026-06-03 23:38:57,162 - comtypes._comobject - DEBUG - <comtypes.client._events.CreateEventReceiver.<locals>.Sink object at 0x00000201CFD0DA60>.AddRef() -> 2
2026-06-03 23:38:57,163 - comtypes._comobject - DEBUG - <comtypes.client._events.CreateEventReceiver.<locals>.Sink object at 0x00000201CFD0DA60>.Release() -> 1
2026-06-03 23:38:57,164 - comtypes._comobject - DEBUG - <comtypes.client._events.CreateEventReceiver.<locals>.Sink object at 0x00000201CFD0DA60>.AddRef() -> 2
2026-06-03 23:38:57,165 - comtypes._vtbl - DEBUG - unimplemented method _ISpeechVoiceEvents_Phoneme called
2026-06-03 23:38:57,165 - comtypes._comobject - DEBUG - <comtypes.client._events.CreateEventReceiver.<locals>.Sink object at 0x00000201CFD0DA60>.Release() -> 1
2026-06-03 23:38:57,166 - comtypes._comobject - DEBUG - <comtypes.client._events.CreateEventReceiver.<locals>.Sink object at 0x00000201CFD0DA60>.AddRef() -> 2
2026-06-03 23:38:57,172 - comtypes._vtbl - DEBUG - unimplemented method _ISpeechVoiceEvents_Viseme called
2026-06-03 23:38:57,172 - comtypes._comobject - DEBUG - <comtypes.client._events.CreateEventReceiver.<locals>.Sink object at 0x00000201CFD0DA60>.Release() -> 1
2026-06-03 23:38:57,223 - comtypes._comobject - DEBUG - <comtypes.client._events.CreateEventReceiver.<locals>.Sink object at 0x00000201CFD0DA60>.AddRef() -> 2
2026-06-03 23:38:57,223 - comtypes._vtbl - DEBUG - unimplemented method _ISpeechVoiceEvents_Phoneme called
2026-06-03 23:38:57,223 - comtypes._comobject - DEBUG - <comtypes.client._events.CreateEventReceiver.<locals>.Sink object at 0x00000201CFD0DA60>.Release() -> 1
2026-06-03 23:38:57,223 - comtypes._comobject - DEBUG - <comtypes.client._events.CreateEventReceiver.<locals>.Sink object at 0x00000201CFD0DA60>.AddRef() -> 2
2026-06-03 23:38:57,223 - comtypes._vtbl - DEBUG - unimplemented method _ISpeechVoiceEvents_Viseme called
2026-06-03 23:38:57,223 - comtypes._comobject - DEBUG - <comtypes.client._events.CreateEventReceiver.<locals>.Sink object at 0x00000201CFD0DA60>.Release() -> 1
2026-06-03 23:38:57,274 - comtypes._comobject - DEBUG - <comtypes.client._events.CreateEventReceiver.<locals>.Sink object at 0x00000201CFD0DA60>.AddRef() -> 2
2026-06-03 23:38:57,274 - comtypes._vtbl - DEBUG - unimplemented method _ISpeechVoiceEvents_Phoneme called
2026-06-03 23:38:57,274 - comtypes._comobject - DEBUG - <comtypes.client._events.CreateEventReceiver.<locals>.Sink object at 0x00000201CFD0DA60>.Release() -> 1
2026-06-03 23:38:57,274 - comtypes._comobject - DEBUG - <comtypes.client._events.CreateEventReceiver.<locals>.Sink object at 0x00000201CFD0DA60>.AddRef() -> 2
2026-06-03 23:38:57,274 - comtypes._vtbl - DEBUG - unimplemented method _ISpeechVoiceEvents_Viseme called
2026-06-03 23:38:57,275 - comtypes._comobject - DEBUG - <comtypes.client._events.CreateEventReceiver.<locals>.Sink object at 0x00000201CFD0DA60>.Release() -> 1
2026-06-03 23:38:57,376 - comtypes._comobject - DEBUG - <comtypes.client._events.CreateEventReceiver.<locals>.Sink object at 0x00000201CFD0DA60>.AddRef() -> 2
2026-06-03 23:38:57,377 - comtypes._vtbl - DEBUG - unimplemented method _ISpeechVoiceEvents_Phoneme called
2026-06-03 23:38:57,377 - comtypes._comobject - DEBUG - <comtypes.client._events.CreateEventReceiver.<locals>.Sink object at 0x00000201CFD0DA60>.Release() -> 1
2026-06-03 23:38:57,378 - comtypes._comobject - DEBUG - <comtypes.client._events.CreateEventReceiver.<locals>.Sink object at 0x00000201CFD0DA60>.AddRef() -> 2
2026-06-03 23:38:57,378 - comtypes._vtbl - DEBUG - unimplemented method _ISpeechVoiceEvents_Viseme called
2026-06-03 23:38:57,378 - comtypes._comobject - DEBUG - <comtypes.client._events.CreateEventReceiver.<locals>.Sink object at 0x00000201CFD0DA60>.Release() -> 1
2026-06-03 23:38:57,530 - comtypes._comobject - DEBUG - <comtypes.client._events.CreateEventReceiver.<locals>.Sink object at 0x00000201CFD0DA60>.AddRef() -> 2
2026-06-03 23:38:57,530 - comtypes._vtbl - DEBUG - unimplemented method _ISpeechVoiceEvents_Phoneme called
2026-06-03 23:38:57,530 - comtypes._comobject - DEBUG - <comtypes.client._events.CreateEventReceiver.<locals>.Sink object at 0x00000201CFD0DA60>.Release() -> 1
2026-06-03 23:38:57,530 - comtypes._comobject - DEBUG - <comtypes.client._events.CreateEventReceiver.<locals>.Sink object at 0x00000201CFD0DA60>.AddRef() -> 2
2026-06-03 23:38:57,530 - comtypes._vtbl - DEBUG - unimplemented method _ISpeechVoiceEvents_Viseme called
2026-06-03 23:38:57,530 - comtypes._comobject - DEBUG - <comtypes.client._events.CreateEventReceiver.<locals>.Sink object at 0x00000201CFD0DA60>.Release() -> 1
2026-06-03 23:38:57,626 - integration.speech_listener - INFO - Energy threshold set to: 1773.2973671209584
2026-06-03 23:38:57,644 - integration.speech_listener - INFO - Speech listener started!
2026-06-03 23:38:57,645 - runtime.idle_controller - DEBUG - Idle controller: idle state - optimizing resources
2026-06-03 23:38:57,645 - runtime.runtime_manager - INFO - Starting JARVIS runtime service
2026-06-03 23:38:57,645 - integration.speech_listener - DEBUG - Listening for wake word...
2026-06-03 23:38:57,645 - runtime.background_service - INFO - Starting background service
2026-06-03 23:38:57,645 - asyncio - DEBUG - Using proactor: IocpProactor
2026-06-03 23:38:57,646 - runtime.background_service - INFO - Entering idle loop
2026-06-03 23:38:58,285 - comtypes._comobject - DEBUG - <comtypes.client._events.CreateEventReceiver.<locals>.Sink object at 0x00000201CFD0DA60>.AddRef() -> 2
2026-06-03 23:38:58,285 - comtypes._comobject - DEBUG - <comtypes.client._events.CreateEventReceiver.<locals>.Sink object at 0x00000201CFD0DA60>.Release() -> 1
2026-06-03 23:38:58,336 - __main__ - INFO - TTS FINISHED SPEAKING (SUCCESS!)
2026-06-03 23:38:58,646 - runtime.idle_controller - DEBUG - Idle controller: idle state - optimizing resources
2026-06-03 23:38:59,646 - runtime.idle_controller - DEBUG - Idle controller: idle state - optimizing resources
2026-06-03 23:39:00,647 - runtime.idle_controller - DEBUG - Idle controller: idle state - optimizing resources
2026-06-03 23:39:01,648 - runtime.idle_controller - DEBUG - Idle controller: idle state - optimizing resources
2026-06-03 23:39:02,648 - runtime.idle_controller - DEBUG - Idle controller: idle state - optimizing resources
2026-06-03 23:39:03,754 - runtime.idle_controller - DEBUG - Idle controller: idle state - optimizing resources
2026-06-03 23:39:04,756 - runtime.idle_controller - DEBUG - Idle controller: idle state - optimizing resources
2026-06-03 23:39:05,481 - integration.speech_listener - DEBUG - Didn't understand wake word
2026-06-03 23:39:05,481 - integration.speech_listener - DEBUG - Listening for wake word...
2026-06-03 23:39:05,756 - runtime.idle_controller - DEBUG - Idle controller: idle state - optimizing resources
2026-06-03 23:39:06,756 - runtime.idle_controller - DEBUG - Idle controller: idle state - optimizing resources
2026-06-03 23:39:07,757 - runtime.idle_controller - DEBUG - Idle controller: idle state - optimizing resources
2026-06-03 23:39:08,757 - runtime.idle_controller - DEBUG - Idle controller: idle state - optimizing resources
2026-06-03 23:39:09,055 - integration.speech_listener - DEBUG - Didn't understand wake word
2026-06-03 23:39:09,055 - integration.speech_listener - DEBUG - Listening for wake word...
2026-06-03 23:39:09,758 - runtime.idle_controller - DEBUG - Idle controller: idle state - optimizing resources
2026-06-03 23:39:10,684 - integration.speech_listener - DEBUG - Didn't understand wake word
2026-06-03 23:39:10,684 - integration.speech_listener - DEBUG - Listening for wake word...
2026-06-03 23:39:10,758 - runtime.idle_controller - DEBUG - Idle controller: idle state - optimizing resources
2026-06-03 23:39:11,759 - runtime.idle_controller - DEBUG - Idle controller: idle state - optimizing resources
2026-06-03 23:39:12,759 - runtime.idle_controller - DEBUG - Idle controller: idle state - optimizing resources
2026-06-03 23:39:13,550 - integration.speech_listener - DEBUG - Didn't understand wake word
2026-06-03 23:39:13,550 - integration.speech_listener - DEBUG - Listening for wake word...
2026-06-03 23:39:13,760 - runtime.idle_controller - DEBUG - Idle controller: idle state - optimizing resources
2026-06-03 23:39:14,761 - runtime.idle_controller - DEBUG - Idle controller: idle state - optimizing resources
2026-06-03 23:39:15,761 - runtime.idle_controller - DEBUG - Idle controller: idle state - optimizing resources
2026-06-03 23:39:16,336 - integration.speech_listener - DEBUG - Didn't understand wake word
2026-06-03 23:39:16,336 - integration.speech_listener - DEBUG - Listening for wake word...
2026-06-03 23:39:16,761 - runtime.idle_controller - DEBUG - Idle controller: idle state - optimizing resources
2026-06-03 23:39:17,762 - runtime.idle_controller - DEBUG - Idle controller: idle state - optimizing resources
2026-06-03 23:39:18,432 - integration.speech_listener - DEBUG - Didn't understand wake word
2026-06-03 23:39:18,432 - integration.speech_listener - DEBUG - Listening for wake word...
2026-06-03 23:39:18,762 - runtime.idle_controller - DEBUG - Idle controller: idle state - optimizing resources
2026-06-03 23:39:19,763 - runtime.idle_controller - DEBUG - Idle controller: idle state - optimizing resources
2026-06-03 23:39:20,564 - integration.speech_listener - DEBUG - Didn't understand wake word
2026-06-03 23:39:20,564 - integration.speech_listener - DEBUG - Listening for wake word...
2026-06-03 23:39:20,763 - runtime.idle_controller - DEBUG - Idle controller: idle state - optimizing resources
2026-06-03 23:39:22,025 - runtime.idle_controller - DEBUG - Idle controller: idle state - optimizing resources
2026-06-03 23:39:23,025 - runtime.idle_controller - DEBUG - Idle controller: idle state - optimizing resources
2026-06-03 23:39:24,026 - runtime.idle_controller - DEBUG - Idle controller: idle state - optimizing resources
2026-06-03 23:39:24,999 - integration.speech_listener - DEBUG - Didn't understand wake word
2026-06-03 23:39:25,000 - integration.speech_listener - DEBUG - Listening for wake word...
2026-06-03 23:39:25,026 - runtime.idle_controller - DEBUG - Idle controller: idle state - optimizing resources
2026-06-03 23:39:26,026 - runtime.idle_controller - DEBUG - Idle controller: idle state - optimizing resources
2026-06-03 23:39:27,027 - runtime.idle_controller - DEBUG - Idle controller: idle state - optimizing resources
2026-06-03 23:39:27,499 - integration.speech_listener - DEBUG - Didn't understand wake word
2026-06-03 23:39:27,499 - integration.speech_listener - DEBUG - Listening for wake word...
2026-06-03 23:39:28,027 - runtime.idle_controller - DEBUG - Idle controller: idle state - optimizing resources
2026-06-03 23:39:29,028 - runtime.idle_controller - DEBUG - Idle controller: idle state - optimizing resources
2026-06-03 23:39:30,028 - runtime.idle_controller - DEBUG - Idle controller: idle state - optimizing resources
2026-06-03 23:39:31,029 - runtime.idle_controller - DEBUG - Idle controller: idle state - optimizing resources
2026-06-03 23:39:32,030 - runtime.idle_controller - DEBUG - Idle controller: idle state - optimizing resources
2026-06-03 23:39:33,030 - runtime.idle_controller - DEBUG - Idle controller: idle state - optimizing resources
2026-06-03 23:39:34,031 - runtime.idle_controller - DEBUG - Idle controller: idle state - optimizing resources
2026-06-03 23:39:35,031 - runtime.idle_controller - DEBUG - Idle controller: idle state - optimizing resources
2026-06-03 23:39:36,032 - runtime.idle_controller - DEBUG - Idle controller: idle state - optimizing resources
2026-06-03 23:39:37,032 - runtime.idle_controller - DEBUG - Idle controller: idle state - optimizing resources
2026-06-03 23:39:38,033 - runtime.idle_controller - DEBUG - Idle controller: idle state - optimizing resources
2026-06-03 23:39:39,033 - runtime.idle_controller - DEBUG - Idle controller: idle state - optimizing resources
2026-06-03 23:39:40,034 - runtime.idle_controller - DEBUG - Idle controller: idle state - optimizing resources
2026-06-03 23:39:41,035 - runtime.idle_controller - DEBUG - Idle controller: idle state - optimizing resources
2026-06-03 23:39:42,035 - runtime.idle_controller - DEBUG - Idle controller: idle state - optimizing resources
2026-06-03 23:39:42,089 - integration.speech_listener - DEBUG - Didn't understand wake word
2026-06-03 23:39:42,089 - integration.speech_listener - DEBUG - Listening for wake word...
2026-06-03 23:39:43,035 - runtime.idle_controller - DEBUG - Idle controller: idle state - optimizing resources
2026-06-03 23:39:44,036 - runtime.idle_controller - DEBUG - Idle controller: idle state - optimizing resources
2026-06-03 23:39:45,037 - runtime.idle_controller - DEBUG - Idle controller: idle state - optimizing resources
2026-06-03 23:39:46,037 - runtime.idle_controller - DEBUG - Idle controller: idle state - optimizing resources
2026-06-03 23:39:46,266 - integration.speech_listener - DEBUG - Didn't understand wake word
2026-06-03 23:39:46,266 - integration.speech_listener - DEBUG - Listening for wake word...
2026-06-03 23:39:47,037 - runtime.idle_controller - DEBUG - Idle controller: idle state - optimizing resources
2026-06-03 23:39:48,038 - runtime.idle_controller - DEBUG - Idle controller: idle state - optimizing resources
2026-06-03 23:39:48,278 - integration.speech_listener - DEBUG - Didn't understand wake word
2026-06-03 23:39:48,278 - integration.speech_listener - DEBUG - Listening for wake word...
2026-06-03 23:39:49,038 - runtime.idle_controller - DEBUG - Idle controller: idle state - optimizing resources
2026-06-03 23:39:50,039 - runtime.idle_controller - DEBUG - Idle controller: idle state - optimizing resources
2026-06-03 23:39:51,040 - runtime.idle_controller - DEBUG - Idle controller: idle state - optimizing resources
2026-06-03 23:39:52,040 - runtime.idle_controller - DEBUG - Idle controller: idle state - optimizing resources
2026-06-03 23:39:53,041 - runtime.idle_controller - DEBUG - Idle controller: idle state - optimizing resources
2026-06-03 23:39:53,538 - integration.speech_listener - DEBUG - Heard: kachra kuchh mila
2026-06-03 23:39:53,538 - integration.speech_listener - DEBUG - Listening for wake word...
2026-06-03 23:39:54,041 - runtime.idle_controller - DEBUG - Idle controller: idle state - optimizing resources
2026-06-03 23:39:55,042 - runtime.idle_controller - DEBUG - Idle controller: idle state - optimizing resources
2026-06-03 23:39:56,042 - runtime.idle_controller - DEBUG - Idle controller: idle state - optimizing resources
2026-06-03 23:39:57,043 - runtime.idle_controller - DEBUG - Idle controller: idle state - optimizing resources
2026-06-03 23:39:57,257 - integration.speech_listener - DEBUG - Didn't understand wake word
2026-06-03 23:39:57,257 - integration.speech_listener - DEBUG - Listening for wake word...
2026-06-03 23:39:58,044 - runtime.idle_controller - DEBUG - Idle controller: idle state - optimizing resources
2026-06-03 23:39:59,044 - runtime.idle_controller - DEBUG - Idle controller: idle state - optimizing resources
2026-06-03 23:40:00,045 - runtime.idle_controller - DEBUG - Idle controller: idle state - optimizing resources
2026-06-03 23:40:01,046 - runtime.idle_controller - DEBUG - Idle controller: idle state - optimizing resources
2026-06-03 23:40:01,116 - integration.speech_listener - DEBUG - Didn't understand wake word
2026-06-03 23:40:01,116 - integration.speech_listener - DEBUG - Listening for wake word...
2026-06-03 23:40:02,046 - runtime.idle_controller - DEBUG - Idle controller: idle state - optimizing resources
2026-06-03 23:40:03,046 - runtime.idle_controller - DEBUG - Idle controller: idle state - optimizing resources
2026-06-03 23:40:04,047 - runtime.idle_controller - DEBUG - Idle controller: idle state - optimizing resources
2026-06-03 23:40:04,717 - integration.speech_listener - DEBUG - Didn't understand wake word
2026-06-03 23:40:04,717 - integration.speech_listener - DEBUG - Listening for wake word...
2026-06-03 23:40:05,048 - runtime.idle_controller - DEBUG - Idle controller: idle state - optimizing resources
2026-06-03 23:40:06,048 - runtime.idle_controller - DEBUG - Idle controller: idle state - optimizing resources
2026-06-03 23:40:07,049 - runtime.idle_controller - DEBUG - Idle controller: idle state - optimizing resources
2026-06-03 23:40:08,049 - runtime.idle_controller - DEBUG - Idle controller: idle state - optimizing resources
2026-06-03 23:40:08,378 - integration.speech_listener - DEBUG - Didn't understand wake word
2026-06-03 23:40:08,378 - integration.speech_listener - DEBUG - Listening for wake word...
2026-06-03 23:40:09,050 - runtime.idle_controller - DEBUG - Idle controller: idle state - optimizing resources
2026-06-03 23:40:10,050 - runtime.idle_controller - DEBUG - Idle controller: idle state - optimizing resources
2026-06-03 23:40:11,051 - runtime.idle_controller - DEBUG - Idle controller: idle state - optimizing resources
2026-06-03 23:40:11,935 - integration.speech_listener - DEBUG - Didn't understand wake word
2026-06-03 23:40:11,935 - integration.speech_listener - DEBUG - Listening for wake word...
2026-06-03 23:40:12,051 - runtime.idle_controller - DEBUG - Idle controller: idle state - optimizing resources
2026-06-03 23:40:13,052 - runtime.idle_controller - DEBUG - Idle controller: idle state - optimizing resources
2026-06-03 23:40:14,052 - runtime.idle_controller - DEBUG - Idle controller: idle state - optimizing resources
2026-06-03 23:40:15,053 - runtime.idle_controller - DEBUG - Idle controller: idle state - optimizing resources
2026-06-03 23:40:15,506 - integration.speech_listener - DEBUG - Didn't understand wake word
2026-06-03 23:40:15,506 - integration.speech_listener - DEBUG - Listening for wake word...
2026-06-03 23:40:16,053 - runtime.idle_controller - DEBUG - Idle controller: idle state - optimizing resources
2026-06-03 23:40:17,053 - runtime.idle_controller - DEBUG - Idle controller: idle state - optimizing resources
2026-06-03 23:40:18,054 - runtime.idle_controller - DEBUG - Idle controller: idle state - optimizing resources
2026-06-03 23:40:18,153 - integration.speech_listener - DEBUG - Didn't understand wake word
2026-06-03 23:40:18,153 - integration.speech_listener - DEBUG - Listening for wake word...
2026-06-03 23:40:19,055 - runtime.idle_controller - DEBUG - Idle controller: idle state - optimizing resources
2026-06-03 23:40:20,055 - runtime.idle_controller - DEBUG - Idle controller: idle state - optimizing resources
2026-06-03 23:40:21,056 - runtime.idle_controller - DEBUG - Idle controller: idle state - optimizing resources
2026-06-03 23:40:21,802 - integration.speech_listener - DEBUG - Didn't understand wake word
2026-06-03 23:40:21,802 - integration.speech_listener - DEBUG - Listening for wake word...
2026-06-03 23:40:22,056 - runtime.idle_controller - DEBUG - Idle controller: idle state - optimizing resources
2026-06-03 23:40:23,057 - runtime.idle_controller - DEBUG - Idle controller: idle state - optimizing resources
2026-06-03 23:40:24,057 - runtime.idle_controller - DEBUG - Idle controller: idle state - optimizing resources
2026-06-03 23:40:25,058 - runtime.idle_controller - DEBUG - Idle controller: idle state - optimizing resources
2026-06-03 23:40:25,416 - integration.speech_listener - DEBUG - Didn't understand wake word
2026-06-03 23:40:25,416 - integration.speech_listener - DEBUG - Listening for wake word...
2026-06-03 23:40:26,058 - runtime.idle_controller - DEBUG - Idle controller: idle state - optimizing resources
2026-06-03 23:40:27,059 - runtime.idle_controller - DEBUG - Idle controller: idle state - optimizing resources
