2026-06-02 16:03:54,225 - __main__ - INFO - ======================================================================
2026-06-02 16:03:54,225 - __main__ - INFO - JARVIS AI Operating System - Persistent Runtime Starting
2026-06-02 16:03:54,225 - __main__ - INFO - ======================================================================
2026-06-02 16:03:54,331 - runtime_core.event_bus - INFO - Event Bus initialized
2026-06-02 16:03:54,332 - runtime_core.runtime_state_machine - INFO - Runtime State Machine initialized at IDLE
2026-06-02 16:03:54,356 - runtime_ui.ui_theme_manager - INFO - UI Theme Manager initialized with theme: cinematic_blue
2026-06-02 16:03:54,357 - runtime_ui.animation_engine - INFO - Animation engine initialized
2026-06-02 16:03:54,358 - runtime_ui.overlay_manager - INFO - Overlay Manager initialized
2026-06-02 16:03:54,360 - runtime_ui.tray_manager - INFO - Tray Manager (UI) initialized
2026-06-02 16:03:54,362 - runtime_ui.status_controller - INFO - Status Controller initialized
2026-06-02 16:03:54,362 - runtime_ui.presence_manager - INFO - Presence Manager initialized
2026-06-02 16:03:54,363 - runtime_ui.state_visualizer - INFO - State Visualizer initialized
2026-06-02 16:03:54,364 - runtime_ui.notification_manager - INFO - Notification Manager initialized
2026-06-02 16:03:54,365 - runtime_ui.overlay_renderer - INFO - Overlay Renderer initialized
2026-06-02 16:03:54,390 - runtime_ui.tray_manager - INFO - Initializing tray manager
2026-06-02 16:03:54,458 - runtime_ui.overlay_manager - INFO - Initializing overlay manager
2026-06-02 16:03:54,458 - runtime_ui.presence_manager - INFO - Initializing presence manager
2026-06-02 16:03:54,459 - runtime_ui.tray_manager - INFO - Tray manager started
2026-06-02 16:03:54,460 - runtime_ui.overlay_manager - INFO - Creating AIIndicator instance
2026-06-02 16:03:54,460 - runtime_ui.ai_indicator - INFO - Setting up AIIndicator UI
2026-06-02 16:03:54,476 - runtime_ui.ai_indicator - INFO - Window flags set: 264203
2026-06-02 16:03:55,015 - runtime_ui.ai_indicator - INFO - AI Indicator initialized
2026-06-02 16:03:55,015 - runtime_ui.overlay_manager - INFO - AIIndicator created
2026-06-02 16:03:55,015 - runtime_ui.overlay_manager - INFO - Showing indicator and raising
2026-06-02 16:03:55,037 - runtime_ui.ai_indicator - INFO - AI Indicator status: IDLE -> IDLE
2026-06-02 16:03:55,040 - runtime_ui.overlay_manager - INFO - Overlay started completely
2026-06-02 16:03:55,072 - runtime_core.lifecycle_manager - INFO - Lifecycle Manager initialized
2026-06-02 16:03:55,073 - runtime_core.persistent_runtime - INFO - Persistent Runtime initialized
2026-06-02 16:03:55,073 - runtime_core.lifecycle_manager - INFO - ======================================================================
2026-06-02 16:03:55,073 - runtime_core.lifecycle_manager - INFO - JARVIS AI Operating System - Boot Sequence Starting
2026-06-02 16:03:55,073 - runtime_core.lifecycle_manager - INFO - ======================================================================
2026-06-02 16:03:55,073 - runtime_core.lifecycle_manager - INFO - Initializing core subsystems...
2026-06-02 16:03:55,073 - runtime_core.runtime_state_machine - WARNING - Invalid transition attempt: IDLE → IDLE
2026-06-02 16:03:55,090 - runtime_core.lifecycle_manager - INFO - ======================================================================
2026-06-02 16:03:55,090 - runtime_core.lifecycle_manager - INFO - JARVIS AI Operating System - Boot Complete
2026-06-02 16:03:55,090 - runtime_core.lifecycle_manager - INFO - ======================================================================
2026-06-02 16:03:55,091 - runtime_core.persistent_runtime - INFO - Starting infinite runtime loop...
2026-06-02 16:03:55,096 - voice.voice_profile_manager - INFO - Loaded 4 voice profiles
2026-06-02 16:03:55,106 - voice.text_to_speech - INFO - Loading voice profile: jarvis_classic
2026-06-02 16:03:55,106 - voice.tts_engines.piper_engine - INFO - Initializing Piper TTS engine...
2026-06-02 16:03:55,496 - voice.tts_engines.piper_engine - ERROR - Piper TTS dependencies not installed: No module named 'piper.download'
2026-06-02 16:03:55,496 - voice.tts_engines.piper_engine - WARNING - To install Piper: pip install piper-tts sounddevice numpy
2026-06-02 16:03:55,496 - voice.tts_engines.engine_selector - WARNING - Failed to initialize piper, falling back...
2026-06-02 16:03:55,496 - voice.tts_engines.piper_engine - INFO - Initializing Piper TTS engine...
2026-06-02 16:03:55,497 - voice.tts_engines.piper_engine - ERROR - Piper TTS dependencies not installed: No module named 'piper.download'
2026-06-02 16:03:55,497 - voice.tts_engines.piper_engine - WARNING - To install Piper: pip install piper-tts sounddevice numpy
2026-06-02 16:03:55,503 - voice.tts_engines.pyttsx3_engine - INFO - Initializing pyttsx3 TTS engine...
2026-06-02 16:03:55,592 - comtypes.client._code_cache - INFO - Imported existing <module 'comtypes.gen' from 'C:\\Users\\jashw\\AppData\\Local\\Packages\\PythonSoftwareFoundation.Python.3.12_qbz5n2kfra8p0\\LocalCache\\local-packages\\Python312\\site-packages\\comtypes\\gen\\__init__.py'>
2026-06-02 16:03:55,592 - comtypes.client._code_cache - INFO - Using writeable comtypes cache directory: 'C:\Users\jashw\AppData\Local\Packages\PythonSoftwareFoundation.Python.3.12_qbz5n2kfra8p0\LocalCache\local-packages\Python312\site-packages\comtypes\gen'
2026-06-02 16:03:55,768 - voice.tts_engines.pyttsx3_engine - INFO - Set initial TTS speed to 150 WPM
2026-06-02 16:03:55,770 - voice.tts_engines.pyttsx3_engine - INFO - Available voices: 2 found
2026-06-02 16:03:55,770 - voice.tts_engines.pyttsx3_engine - INFO -   Voice 0: Microsoft David Desktop - English (United States)
2026-06-02 16:03:55,770 - voice.tts_engines.pyttsx3_engine - INFO - Found target voice: Microsoft David Desktop - English (United States)
2026-06-02 16:03:55,770 - voice.tts_engines.pyttsx3_engine - INFO - pyttsx3 TTS initialized successfully!
2026-06-02 16:03:55,770 - voice.tts_engines.engine_selector - INFO - Using TTS engine: pyttsx3
2026-06-02 16:03:55,770 - voice.tts_engines.pyttsx3_engine - INFO - Set TTS speed to 150 WPM (scale: 1.0)
2026-06-02 16:03:55,798 - voice.voice_memory - INFO - Loaded 26 voice interactions
2026-06-02 16:03:55,823 - voice.audio_router - INFO - Found 2 input devices, 2 output devices
2026-06-02 16:03:55,824 - runtime.runtime_manager - INFO - Initializing JARVIS runtime system
2026-06-02 16:03:55,824 - runtime.hotkey_manager - INFO - Initializing hotkey manager
2026-06-02 16:03:55,837 - runtime.idle_controller - INFO - Initializing idle controller
2026-06-02 16:03:55,837 - runtime.wake_listener - INFO - Initializing wake listener
2026-06-02 16:03:55,837 - runtime.runtime_manager - INFO - Runtime manager initialized successfully
2026-06-02 16:03:55,837 - runtime.hotkey_manager - INFO - Initializing hotkey manager
2026-06-02 16:03:55,838 - runtime.wake_listener - INFO - Wake listener started (active)
2026-06-02 16:03:55,839 - __main__ - INFO - Playing startup greeting
2026-06-02 16:03:55,839 - voice.text_to_speech - INFO - Speaking: JARVIS online. All systems initialized.
2026-06-02 16:03:55,961 - runtime.hotkey_manager - INFO - Hotkey listener started (CTRL+P registered)
2026-06-02 16:04:00,319 - voice.text_to_speech - INFO - TTS finished speaking (success: True)
2026-06-02 16:04:00,319 - runtime.runtime_manager - INFO - Starting JARVIS runtime service
2026-06-02 16:04:00,319 - runtime.background_service - INFO - Starting background service
2026-06-02 16:04:00,319 - runtime.background_service - INFO - Entering idle loop
2026-06-02 16:11:47,224 - runtime.hotkey_manager - INFO - Hotkey CTRL+P pressed: toggling pause/resume
2026-06-02 16:11:47,224 - runtime_core.event_bus - INFO - Publishing event: PAUSE from hotkey
2026-06-02 16:11:47,339 - runtime.runtime_manager - INFO - Processing pause event from event bus
2026-06-02 16:11:47,339 - runtime.runtime_state - INFO - Runtime status changing: IDLE → PAUSED
2026-06-02 16:11:47,357 - runtime.runtime_state - ERROR - Status change callback failed: 'OverlayManager' object has no attribute 'update_status_display'
Traceback (most recent call last):
  File "C:\Users\jashw\OneDrive\Desktop\jarvis project\v1\runtime\runtime_state.py", line 61, in set_status
    callback(old_status, new_status)
  File "C:\Users\jashw\OneDrive\Desktop\jarvis project\v1\runtime_ui\presence_manager.py", line 47, in _on_status_change
    overlay_manager.update_status_display(new_status)
    ^^^^^^^^^^^^^^^^^^^^^^^^^^^^^^^^^^^^^
AttributeError: 'OverlayManager' object has no attribute 'update_status_display'
2026-06-02 16:11:47,359 - runtime_core.runtime_state_machine - INFO - State transition: IDLE → PAUSED
2026-06-02 16:11:47,364 - runtime_core.event_bus - INFO - Publishing event: STATE_CHANGE from state_machine
2026-06-02 16:18:00,193 - __main__ - INFO - ======================================================================
2026-06-02 16:18:00,193 - __main__ - INFO - JARVIS AI Operating System - Persistent Runtime Starting
2026-06-02 16:18:00,193 - __main__ - INFO - ======================================================================
2026-06-02 16:18:00,323 - runtime_core.event_bus - INFO - Event Bus initialized
2026-06-02 16:18:00,324 - runtime_core.runtime_state_machine - INFO - Runtime State Machine initialized at IDLE
2026-06-02 16:18:00,344 - runtime_ui.ui_theme_manager - INFO - UI Theme Manager initialized with theme: cinematic_blue
2026-06-02 16:18:00,345 - runtime_ui.animation_engine - INFO - Animation engine initialized
2026-06-02 16:18:00,346 - runtime_ui.overlay_manager - INFO - Overlay Manager initialized
2026-06-02 16:18:00,347 - runtime_ui.tray_manager - INFO - Tray Manager (UI) initialized
2026-06-02 16:18:00,350 - runtime_ui.status_controller - INFO - Status Controller initialized
2026-06-02 16:18:00,351 - runtime_ui.presence_manager - INFO - Presence Manager initialized
2026-06-02 16:18:00,352 - runtime_ui.state_visualizer - INFO - State Visualizer initialized
2026-06-02 16:18:00,354 - runtime_ui.notification_manager - INFO - Notification Manager initialized
2026-06-02 16:18:00,355 - runtime_ui.overlay_renderer - INFO - Overlay Renderer initialized
2026-06-02 16:18:00,396 - runtime_ui.tray_manager - INFO - Initializing tray manager
2026-06-02 16:18:00,501 - runtime_ui.overlay_manager - INFO - Initializing overlay manager
2026-06-02 16:18:00,501 - runtime_ui.presence_manager - INFO - Initializing presence manager
2026-06-02 16:18:00,502 - runtime_ui.tray_manager - INFO - Tray manager started
2026-06-02 16:18:00,503 - runtime_ui.overlay_manager - INFO - Creating AIIndicator instance
2026-06-02 16:18:00,504 - runtime_ui.ai_indicator - INFO - Setting up AIIndicator UI
2026-06-02 16:18:00,518 - runtime_ui.ai_indicator - INFO - Window flags set: 264203
2026-06-02 16:18:06,130 - runtime_ui.ai_indicator - INFO - AI Indicator initialized
2026-06-02 16:18:06,130 - runtime_ui.overlay_manager - INFO - AIIndicator created
2026-06-02 16:18:06,130 - runtime_ui.overlay_manager - INFO - Showing indicator and raising
2026-06-02 16:18:06,153 - runtime_ui.ai_indicator - INFO - AI Indicator status: IDLE -> IDLE
2026-06-02 16:18:06,153 - runtime_core.lifecycle_manager - INFO - Lifecycle Manager initialized
2026-06-02 16:18:06,155 - runtime_ui.overlay_manager - INFO - Overlay started completely
2026-06-02 16:18:06,155 - runtime_core.persistent_runtime - INFO - Persistent Runtime initialized
2026-06-02 16:18:06,155 - runtime_core.lifecycle_manager - INFO - ======================================================================
2026-06-02 16:18:06,156 - runtime_core.lifecycle_manager - INFO - JARVIS AI Operating System - Boot Sequence Starting
2026-06-02 16:18:06,156 - runtime_core.lifecycle_manager - INFO - ======================================================================
2026-06-02 16:18:06,156 - runtime_core.lifecycle_manager - INFO - Initializing core subsystems...
2026-06-02 16:18:06,156 - runtime_core.runtime_state_machine - WARNING - Invalid transition attempt: IDLE → IDLE
2026-06-02 16:18:06,185 - runtime_core.lifecycle_manager - INFO - ======================================================================
2026-06-02 16:18:06,185 - runtime_core.lifecycle_manager - INFO - JARVIS AI Operating System - Boot Complete
2026-06-02 16:18:06,185 - runtime_core.lifecycle_manager - INFO - ======================================================================
2026-06-02 16:18:06,185 - runtime_core.persistent_runtime - INFO - Starting infinite runtime loop...
2026-06-02 16:18:06,196 - voice.voice_profile_manager - INFO - Loaded 4 voice profiles
2026-06-02 16:18:06,204 - voice.text_to_speech - INFO - Loading voice profile: jarvis_classic
2026-06-02 16:18:06,204 - voice.tts_engines.piper_engine - INFO - Initializing Piper TTS engine...
2026-06-02 16:18:06,591 - voice.tts_engines.piper_engine - ERROR - Piper TTS dependencies not installed: No module named 'piper.download'
2026-06-02 16:18:06,591 - voice.tts_engines.piper_engine - WARNING - To install Piper: pip install piper-tts sounddevice numpy
2026-06-02 16:18:06,591 - voice.tts_engines.engine_selector - WARNING - Failed to initialize piper, falling back...
2026-06-02 16:18:06,591 - voice.tts_engines.piper_engine - INFO - Initializing Piper TTS engine...
2026-06-02 16:18:06,592 - voice.tts_engines.piper_engine - ERROR - Piper TTS dependencies not installed: No module named 'piper.download'
2026-06-02 16:18:06,592 - voice.tts_engines.piper_engine - WARNING - To install Piper: pip install piper-tts sounddevice numpy
2026-06-02 16:18:06,597 - voice.tts_engines.pyttsx3_engine - INFO - Initializing pyttsx3 TTS engine...
2026-06-02 16:18:06,677 - comtypes.client._code_cache - INFO - Imported existing <module 'comtypes.gen' from 'C:\\Users\\jashw\\AppData\\Local\\Packages\\PythonSoftwareFoundation.Python.3.12_qbz5n2kfra8p0\\LocalCache\\local-packages\\Python312\\site-packages\\comtypes\\gen\\__init__.py'>
2026-06-02 16:18:06,678 - comtypes.client._code_cache - INFO - Using writeable comtypes cache directory: 'C:\Users\jashw\AppData\Local\Packages\PythonSoftwareFoundation.Python.3.12_qbz5n2kfra8p0\LocalCache\local-packages\Python312\site-packages\comtypes\gen'
2026-06-02 16:18:06,840 - voice.tts_engines.pyttsx3_engine - INFO - Set initial TTS speed to 150 WPM
2026-06-02 16:18:06,842 - voice.tts_engines.pyttsx3_engine - INFO - Available voices: 2 found
2026-06-02 16:18:06,842 - voice.tts_engines.pyttsx3_engine - INFO -   Voice 0: Microsoft David Desktop - English (United States)
2026-06-02 16:18:06,842 - voice.tts_engines.pyttsx3_engine - INFO - Found target voice: Microsoft David Desktop - English (United States)
2026-06-02 16:18:06,842 - voice.tts_engines.pyttsx3_engine - INFO - pyttsx3 TTS initialized successfully!
2026-06-02 16:18:06,842 - voice.tts_engines.engine_selector - INFO - Using TTS engine: pyttsx3
2026-06-02 16:18:06,842 - voice.tts_engines.pyttsx3_engine - INFO - Set TTS speed to 150 WPM (scale: 1.0)
2026-06-02 16:18:06,864 - voice.voice_memory - INFO - Loaded 26 voice interactions
2026-06-02 16:18:06,887 - voice.audio_router - INFO - Found 2 input devices, 2 output devices
2026-06-02 16:18:06,888 - runtime.runtime_manager - INFO - Initializing JARVIS runtime system
2026-06-02 16:18:06,888 - runtime.hotkey_manager - INFO - Initializing hotkey manager
2026-06-02 16:18:06,898 - runtime.idle_controller - INFO - Initializing idle controller
2026-06-02 16:18:06,898 - runtime.wake_listener - INFO - Initializing wake listener
2026-06-02 16:18:06,898 - runtime.runtime_manager - INFO - Runtime manager initialized successfully
2026-06-02 16:18:06,899 - runtime.hotkey_manager - INFO - Initializing hotkey manager
2026-06-02 16:18:06,899 - runtime.wake_listener - INFO - Wake listener started (active)
2026-06-02 16:18:06,899 - __main__ - INFO - Playing startup greeting
2026-06-02 16:18:06,900 - voice.text_to_speech - INFO - Speaking: JARVIS online. All systems initialized.
2026-06-02 16:18:07,012 - runtime.hotkey_manager - INFO - Hotkey listener started (CTRL+P registered)
2026-06-02 16:18:11,378 - voice.text_to_speech - INFO - TTS finished speaking (success: True)
2026-06-02 16:18:11,378 - runtime.runtime_manager - INFO - Starting JARVIS runtime service
2026-06-02 16:18:11,378 - runtime.background_service - INFO - Starting background service
2026-06-02 16:18:11,378 - runtime.background_service - INFO - Entering idle loop
2026-06-02 16:24:58,196 - runtime.hotkey_manager - INFO - Hotkey CTRL+P pressed: toggling pause/resume
2026-06-02 16:24:58,196 - runtime_core.event_bus - INFO - Publishing event: PAUSE from hotkey
2026-06-02 16:24:58,200 - runtime.runtime_manager - INFO - Processing pause event from event bus
2026-06-02 16:24:58,200 - runtime.runtime_state - INFO - Runtime status changing: IDLE → PAUSED
2026-06-02 16:24:58,205 - runtime.runtime_state - ERROR - Status change callback failed: 'OverlayManager' object has no attribute 'update_status_display'
Traceback (most recent call last):
  File "C:\Users\jashw\OneDrive\Desktop\jarvis project\v1\runtime\runtime_state.py", line 61, in set_status
    callback(old_status, new_status)
  File "C:\Users\jashw\OneDrive\Desktop\jarvis project\v1\runtime_ui\presence_manager.py", line 47, in _on_status_change
    overlay_manager.update_status_display(new_status)
    ^^^^^^^^^^^^^^^^^^^^^^^^^^^^^^^^^^^^^
AttributeError: 'OverlayManager' object has no attribute 'update_status_display'
2026-06-02 16:24:58,207 - runtime_core.runtime_state_machine - INFO - State transition: IDLE → PAUSED
2026-06-02 16:24:58,213 - runtime_core.event_bus - INFO - Publishing event: STATE_CHANGE from state_machine
2026-06-02 16:38:31,723 - __main__ - INFO - ======================================================================
2026-06-02 16:38:31,723 - __main__ - INFO - JARVIS AI Operating System - Persistent Runtime Starting
2026-06-02 16:38:31,723 - __main__ - INFO - ======================================================================
2026-06-02 16:38:31,837 - runtime_core.event_bus - INFO - Event Bus initialized
2026-06-02 16:38:31,837 - runtime_core.runtime_state_machine - INFO - Runtime State Machine initialized at IDLE
2026-06-02 16:38:54,559 - __main__ - INFO - ======================================================================
2026-06-02 16:38:54,559 - __main__ - INFO - JARVIS AI Operating System - Persistent Runtime Starting
2026-06-02 16:38:54,559 - __main__ - INFO - ======================================================================
2026-06-02 16:38:54,622 - runtime_core.event_bus - INFO - Event Bus initialized
2026-06-02 16:38:54,622 - runtime_core.runtime_state_machine - INFO - Runtime State Machine initialized at IDLE
2026-06-02 16:38:54,665 - runtime_ui.ui_theme_manager - INFO - UI Theme Manager initialized with theme: cinematic_blue
2026-06-02 16:38:54,667 - runtime_ui.animation_engine - INFO - Animation engine initialized
2026-06-02 16:38:54,667 - runtime_ui.overlay_manager - INFO - Overlay Manager initialized
2026-06-02 16:38:54,668 - runtime_ui.tray_manager - INFO - Tray Manager (UI) initialized
2026-06-02 16:38:54,670 - runtime_ui.status_controller - INFO - Status Controller initialized
2026-06-02 16:38:54,671 - runtime_ui.presence_manager - INFO - Presence Manager initialized
2026-06-02 16:38:54,672 - runtime_ui.state_visualizer - INFO - State Visualizer initialized
2026-06-02 16:38:54,672 - runtime_ui.notification_manager - INFO - Notification Manager initialized
2026-06-02 16:38:54,674 - runtime_ui.overlay_renderer - INFO - Overlay Renderer initialized
2026-06-02 16:38:54,700 - runtime_ui.tray_manager - INFO - Initializing tray manager
2026-06-02 16:38:54,778 - runtime_ui.overlay_manager - INFO - Initializing overlay manager
2026-06-02 16:38:54,778 - runtime_ui.presence_manager - INFO - Initializing presence manager
2026-06-02 16:38:54,779 - runtime_ui.tray_manager - INFO - Tray manager started
2026-06-02 16:38:54,779 - runtime_ui.overlay_manager - INFO - Creating AIIndicator instance
2026-06-02 16:38:54,781 - runtime_ui.ai_indicator - INFO - Setting up AIIndicator UI
2026-06-02 16:38:54,798 - runtime_ui.ai_indicator - INFO - Window flags set: 264203
2026-06-02 16:38:54,802 - runtime_ui.ai_indicator - INFO - AI Indicator initialized
2026-06-02 16:38:54,802 - runtime_ui.overlay_manager - INFO - AIIndicator created
2026-06-02 16:38:54,803 - runtime_ui.overlay_manager - INFO - Showing indicator and raising
2026-06-02 16:38:55,517 - runtime_ui.ai_indicator - INFO - AI Indicator status: IDLE -> IDLE
2026-06-02 16:38:56,116 - runtime_ui.overlay_manager - INFO - Overlay updated -> 🤖 Personal A.I Active
2026-06-02 16:38:56,117 - runtime_core.lifecycle_manager - INFO - Lifecycle Manager initialized
2026-06-02 16:38:56,123 - runtime_ui.overlay_manager - INFO - Overlay watchdog started
2026-06-02 16:38:56,123 - runtime_ui.overlay_manager - INFO - Overlay started completely
2026-06-02 16:38:56,123 - runtime_core.persistent_runtime - INFO - Persistent Runtime initialized
2026-06-02 16:38:56,123 - runtime_core.lifecycle_manager - INFO - ======================================================================
2026-06-02 16:38:56,124 - runtime_core.lifecycle_manager - INFO - JARVIS AI Operating System - Boot Sequence Starting
2026-06-02 16:38:56,124 - runtime_core.lifecycle_manager - INFO - ======================================================================
2026-06-02 16:38:56,124 - runtime_core.lifecycle_manager - INFO - Initializing core subsystems...
2026-06-02 16:38:56,124 - runtime_core.lifecycle_manager - INFO - ======================================================================
2026-06-02 16:38:56,124 - runtime_core.lifecycle_manager - INFO - JARVIS AI Operating System - Boot Complete
2026-06-02 16:38:56,124 - runtime_core.lifecycle_manager - INFO - ======================================================================
2026-06-02 16:38:56,124 - runtime_core.persistent_runtime - INFO - Starting infinite runtime loop...
2026-06-02 16:38:56,150 - voice.voice_profile_manager - INFO - Loaded 4 voice profiles
2026-06-02 16:38:56,160 - voice.text_to_speech - INFO - Loading voice profile: jarvis_classic
2026-06-02 16:38:56,160 - voice.tts_engines.piper_engine - INFO - Initializing Piper TTS engine...
2026-06-02 16:38:56,553 - voice.tts_engines.piper_engine - ERROR - Piper TTS dependencies not installed: No module named 'piper.download'
2026-06-02 16:38:56,553 - voice.tts_engines.piper_engine - WARNING - To install Piper: pip install piper-tts sounddevice numpy
2026-06-02 16:38:56,553 - voice.tts_engines.engine_selector - WARNING - Failed to initialize piper, falling back...
2026-06-02 16:38:56,553 - voice.tts_engines.piper_engine - INFO - Initializing Piper TTS engine...
2026-06-02 16:38:56,553 - voice.tts_engines.piper_engine - ERROR - Piper TTS dependencies not installed: No module named 'piper.download'
2026-06-02 16:38:56,553 - voice.tts_engines.piper_engine - WARNING - To install Piper: pip install piper-tts sounddevice numpy
2026-06-02 16:38:56,559 - voice.tts_engines.pyttsx3_engine - INFO - Initializing pyttsx3 TTS engine...
2026-06-02 16:38:56,642 - comtypes.client._code_cache - INFO - Imported existing <module 'comtypes.gen' from 'C:\\Users\\jashw\\AppData\\Local\\Packages\\PythonSoftwareFoundation.Python.3.12_qbz5n2kfra8p0\\LocalCache\\local-packages\\Python312\\site-packages\\comtypes\\gen\\__init__.py'>
2026-06-02 16:38:56,642 - comtypes.client._code_cache - INFO - Using writeable comtypes cache directory: 'C:\Users\jashw\AppData\Local\Packages\PythonSoftwareFoundation.Python.3.12_qbz5n2kfra8p0\LocalCache\local-packages\Python312\site-packages\comtypes\gen'
2026-06-02 16:38:56,828 - voice.tts_engines.pyttsx3_engine - INFO - Set initial TTS speed to 150 WPM
2026-06-02 16:38:56,830 - voice.tts_engines.pyttsx3_engine - INFO - Available voices: 2 found
2026-06-02 16:38:56,830 - voice.tts_engines.pyttsx3_engine - INFO -   Voice 0: Microsoft David Desktop - English (United States)
2026-06-02 16:38:56,830 - voice.tts_engines.pyttsx3_engine - INFO - Found target voice: Microsoft David Desktop - English (United States)
2026-06-02 16:38:56,830 - voice.tts_engines.pyttsx3_engine - INFO - pyttsx3 TTS initialized successfully!
2026-06-02 16:38:56,830 - voice.tts_engines.engine_selector - INFO - Using TTS engine: pyttsx3
2026-06-02 16:38:56,830 - voice.tts_engines.pyttsx3_engine - INFO - Set TTS speed to 150 WPM (scale: 1.0)
2026-06-02 16:38:56,858 - voice.voice_memory - INFO - Loaded 26 voice interactions
2026-06-02 16:38:56,880 - voice.audio_router - INFO - Found 2 input devices, 2 output devices
2026-06-02 16:38:56,880 - runtime.runtime_manager - INFO - Initializing JARVIS runtime system
2026-06-02 16:38:56,880 - runtime.hotkey_manager - INFO - Initializing hotkey manager
2026-06-02 16:38:56,891 - runtime.idle_controller - INFO - Initializing idle controller
2026-06-02 16:38:56,891 - runtime.wake_listener - INFO - Initializing wake listener
2026-06-02 16:38:56,891 - runtime.runtime_manager - INFO - Runtime manager initialized successfully
2026-06-02 16:38:56,891 - runtime.hotkey_manager - INFO - Initializing hotkey manager
2026-06-02 16:38:56,892 - runtime.wake_listener - INFO - Wake listener started (active)
2026-06-02 16:38:56,892 - __main__ - INFO - Playing startup greeting
2026-06-02 16:38:56,892 - voice.text_to_speech - INFO - Speaking: JARVIS online. All systems initialized.
2026-06-02 16:38:57,000 - runtime.hotkey_manager - INFO - Hotkey listener started (CTRL+P registered)
2026-06-02 16:39:01,317 - voice.text_to_speech - INFO - TTS finished speaking (success: True)
2026-06-02 16:39:01,317 - runtime.runtime_manager - INFO - Starting JARVIS runtime service
2026-06-02 16:39:01,317 - runtime.background_service - INFO - Starting background service
2026-06-02 16:39:01,317 - runtime.background_service - INFO - Entering idle loop
2026-06-02 16:39:47,465 - __main__ - INFO - ======================================================================
2026-06-02 16:39:47,465 - __main__ - INFO - JARVIS AI Operating System - Persistent Runtime Starting
2026-06-02 16:39:47,465 - __main__ - INFO - ======================================================================
2026-06-02 16:39:47,525 - runtime_core.event_bus - INFO - Event Bus initialized
2026-06-02 16:39:47,526 - runtime_core.runtime_state_machine - INFO - Runtime State Machine initialized at IDLE
2026-06-02 16:39:47,552 - runtime_ui.ui_theme_manager - INFO - UI Theme Manager initialized with theme: cinematic_blue
2026-06-02 16:39:47,553 - runtime_ui.animation_engine - INFO - Animation engine initialized
2026-06-02 16:39:47,553 - runtime_ui.overlay_manager - INFO - Overlay Manager initialized
2026-06-02 16:39:47,555 - runtime_ui.tray_manager - INFO - Tray Manager (UI) initialized
2026-06-02 16:39:47,557 - runtime_ui.status_controller - INFO - Status Controller initialized
2026-06-02 16:39:47,557 - runtime_ui.presence_manager - INFO - Presence Manager initialized
2026-06-02 16:39:47,558 - runtime_ui.state_visualizer - INFO - State Visualizer initialized
2026-06-02 16:39:47,560 - runtime_ui.notification_manager - INFO - Notification Manager initialized
2026-06-02 16:39:47,561 - runtime_ui.overlay_renderer - INFO - Overlay Renderer initialized
2026-06-02 16:39:47,587 - runtime_ui.tray_manager - INFO - Initializing tray manager
2026-06-02 16:39:47,655 - runtime_ui.overlay_manager - INFO - Initializing overlay manager
2026-06-02 16:39:47,655 - runtime_ui.presence_manager - INFO - Initializing presence manager
2026-06-02 16:39:47,656 - runtime_ui.tray_manager - INFO - Tray manager started
2026-06-02 16:39:47,657 - runtime_ui.overlay_manager - INFO - Creating AIIndicator instance
2026-06-02 16:39:47,659 - runtime_ui.ai_indicator - INFO - Setting up AIIndicator UI
2026-06-02 16:39:47,672 - runtime_ui.ai_indicator - INFO - Window flags set: 264203
2026-06-02 16:39:47,676 - runtime_ui.ai_indicator - INFO - AI Indicator initialized
2026-06-02 16:39:47,676 - runtime_ui.overlay_manager - INFO - AIIndicator created
2026-06-02 16:39:47,677 - runtime_ui.overlay_manager - INFO - Showing indicator and raising
2026-06-02 16:39:47,947 - runtime_ui.ai_indicator - INFO - AI Indicator status: IDLE -> IDLE
2026-06-02 16:39:48,284 - runtime_ui.overlay_manager - INFO - Overlay updated -> 🤖 Personal A.I Active
2026-06-02 16:39:48,285 - runtime_core.lifecycle_manager - INFO - Lifecycle Manager initialized
2026-06-02 16:39:48,290 - runtime_core.persistent_runtime - INFO - Persistent Runtime initialized
2026-06-02 16:39:48,291 - runtime_core.lifecycle_manager - INFO - ======================================================================
2026-06-02 16:39:48,291 - runtime_ui.overlay_manager - INFO - Overlay watchdog started
2026-06-02 16:39:48,291 - runtime_core.lifecycle_manager - INFO - JARVIS AI Operating System - Boot Sequence Starting
2026-06-02 16:39:48,291 - runtime_ui.overlay_manager - INFO - Overlay started completely
2026-06-02 16:39:48,291 - runtime_core.lifecycle_manager - INFO - ======================================================================
2026-06-02 16:39:48,291 - runtime_core.lifecycle_manager - INFO - Initializing core subsystems...
2026-06-02 16:39:48,292 - runtime_core.lifecycle_manager - INFO - ======================================================================
2026-06-02 16:39:48,292 - runtime_core.lifecycle_manager - INFO - JARVIS AI Operating System - Boot Complete
2026-06-02 16:39:48,299 - runtime_core.lifecycle_manager - INFO - ======================================================================
2026-06-02 16:39:48,299 - runtime_core.persistent_runtime - INFO - Starting infinite runtime loop...
2026-06-02 16:39:48,319 - voice.voice_profile_manager - INFO - Loaded 4 voice profiles
2026-06-02 16:39:48,328 - voice.text_to_speech - INFO - Loading voice profile: jarvis_classic
2026-06-02 16:39:48,329 - voice.tts_engines.piper_engine - INFO - Initializing Piper TTS engine...
2026-06-02 16:39:48,681 - voice.tts_engines.piper_engine - ERROR - Piper TTS dependencies not installed: No module named 'piper.download'
2026-06-02 16:39:48,682 - voice.tts_engines.piper_engine - WARNING - To install Piper: pip install piper-tts sounddevice numpy
2026-06-02 16:39:48,682 - voice.tts_engines.engine_selector - WARNING - Failed to initialize piper, falling back...
2026-06-02 16:39:48,682 - voice.tts_engines.piper_engine - INFO - Initializing Piper TTS engine...
2026-06-02 16:39:48,682 - voice.tts_engines.piper_engine - ERROR - Piper TTS dependencies not installed: No module named 'piper.download'
2026-06-02 16:39:48,682 - voice.tts_engines.piper_engine - WARNING - To install Piper: pip install piper-tts sounddevice numpy
2026-06-02 16:39:48,687 - voice.tts_engines.pyttsx3_engine - INFO - Initializing pyttsx3 TTS engine...
2026-06-02 16:39:48,760 - comtypes.client._code_cache - INFO - Imported existing <module 'comtypes.gen' from 'C:\\Users\\jashw\\AppData\\Local\\Packages\\PythonSoftwareFoundation.Python.3.12_qbz5n2kfra8p0\\LocalCache\\local-packages\\Python312\\site-packages\\comtypes\\gen\\__init__.py'>
2026-06-02 16:39:48,761 - comtypes.client._code_cache - INFO - Using writeable comtypes cache directory: 'C:\Users\jashw\AppData\Local\Packages\PythonSoftwareFoundation.Python.3.12_qbz5n2kfra8p0\LocalCache\local-packages\Python312\site-packages\comtypes\gen'
2026-06-02 16:39:48,930 - voice.tts_engines.pyttsx3_engine - INFO - Set initial TTS speed to 150 WPM
2026-06-02 16:39:48,932 - voice.tts_engines.pyttsx3_engine - INFO - Available voices: 2 found
2026-06-02 16:39:48,932 - voice.tts_engines.pyttsx3_engine - INFO -   Voice 0: Microsoft David Desktop - English (United States)
2026-06-02 16:39:48,932 - voice.tts_engines.pyttsx3_engine - INFO - Found target voice: Microsoft David Desktop - English (United States)
2026-06-02 16:39:48,932 - voice.tts_engines.pyttsx3_engine - INFO - pyttsx3 TTS initialized successfully!
2026-06-02 16:39:48,932 - voice.tts_engines.engine_selector - INFO - Using TTS engine: pyttsx3
2026-06-02 16:39:48,932 - voice.tts_engines.pyttsx3_engine - INFO - Set TTS speed to 150 WPM (scale: 1.0)
2026-06-02 16:39:48,959 - voice.voice_memory - INFO - Loaded 26 voice interactions
2026-06-02 16:39:48,981 - voice.audio_router - INFO - Found 2 input devices, 2 output devices
2026-06-02 16:39:48,981 - runtime.runtime_manager - INFO - Initializing JARVIS runtime system
2026-06-02 16:39:48,981 - runtime.hotkey_manager - INFO - Initializing hotkey manager
2026-06-02 16:39:48,992 - runtime.idle_controller - INFO - Initializing idle controller
2026-06-02 16:39:48,992 - runtime.wake_listener - INFO - Initializing wake listener
2026-06-02 16:39:48,992 - runtime.runtime_manager - INFO - Runtime manager initialized successfully
2026-06-02 16:39:48,992 - runtime.hotkey_manager - INFO - Initializing hotkey manager
2026-06-02 16:39:48,993 - runtime.wake_listener - INFO - Wake listener started (active)
2026-06-02 16:39:48,993 - __main__ - INFO - Playing startup greeting
2026-06-02 16:39:48,993 - voice.text_to_speech - INFO - Speaking: JARVIS online. All systems initialized.
2026-06-02 16:39:49,094 - runtime.hotkey_manager - INFO - Hotkey listener started (CTRL+P registered)
2026-06-02 16:39:53,382 - voice.text_to_speech - INFO - TTS finished speaking (success: True)
2026-06-02 16:39:53,382 - runtime.runtime_manager - INFO - Starting JARVIS runtime service
2026-06-02 16:39:53,382 - runtime.background_service - INFO - Starting background service
2026-06-02 16:39:53,382 - runtime.background_service - INFO - Entering idle loop
2026-06-02 16:43:46,680 - __main__ - INFO - ======================================================================
2026-06-02 16:43:46,680 - __main__ - INFO - JARVIS AI Operating System - Persistent Runtime Starting
2026-06-02 16:43:46,680 - __main__ - INFO - ======================================================================
2026-06-02 16:43:46,713 - runtime_core.event_bus - INFO - Event Bus initialized
2026-06-02 16:43:46,713 - runtime_core.runtime_state_machine - INFO - Runtime State Machine initialized at IDLE
2026-06-02 16:43:46,721 - runtime_ui.ui_theme_manager - INFO - UI Theme Manager initialized with theme: cinematic_blue
2026-06-02 16:43:46,721 - runtime_ui.animation_engine - INFO - Animation engine initialized
2026-06-02 16:43:46,722 - runtime_ui.overlay_manager - INFO - Overlay Manager initialized
2026-06-02 16:43:46,722 - runtime_ui.tray_manager - INFO - Tray Manager (UI) initialized
2026-06-02 16:43:46,723 - runtime_ui.status_controller - INFO - Status Controller initialized
2026-06-02 16:43:46,723 - runtime_ui.presence_manager - INFO - Presence Manager initialized
2026-06-02 16:43:46,723 - runtime_ui.state_visualizer - INFO - State Visualizer initialized
2026-06-02 16:43:46,725 - runtime_ui.notification_manager - INFO - Notification Manager initialized
2026-06-02 16:43:46,726 - runtime_ui.overlay_renderer - INFO - Overlay Renderer initialized
2026-06-02 16:43:46,748 - runtime_ui.tray_manager - INFO - Initializing tray manager
2026-06-02 16:43:46,780 - runtime_ui.overlay_manager - INFO - Initializing overlay manager
2026-06-02 16:43:46,780 - runtime_ui.presence_manager - INFO - Initializing presence manager
2026-06-02 16:43:46,780 - runtime_ui.tray_manager - INFO - Tray manager started
2026-06-02 16:43:46,781 - runtime_ui.overlay_manager - INFO - Creating AIIndicator instance
2026-06-02 16:43:46,783 - runtime_ui.ai_indicator - INFO - Setting up AIIndicator UI
2026-06-02 16:43:46,797 - runtime_core.lifecycle_manager - INFO - Lifecycle Manager initialized
2026-06-02 16:43:46,799 - runtime_ui.ai_indicator - INFO - Window flags set: 264203
2026-06-02 16:43:46,799 - runtime_core.persistent_runtime - INFO - Persistent Runtime initialized
2026-06-02 16:43:46,801 - runtime_ui.ai_indicator - INFO - AI Indicator initialized
2026-06-02 16:43:46,802 - runtime_core.lifecycle_manager - INFO - ======================================================================
2026-06-02 16:43:46,802 - runtime_ui.overlay_manager - INFO - AIIndicator created
2026-06-02 16:43:46,802 - runtime_core.lifecycle_manager - INFO - JARVIS AI Operating System - Boot Sequence Starting
2026-06-02 16:43:46,802 - runtime_ui.overlay_manager - INFO - Showing indicator and raising
2026-06-02 16:43:46,802 - runtime_core.lifecycle_manager - INFO - ======================================================================
2026-06-02 16:43:50,813 - runtime_core.lifecycle_manager - INFO - Initializing core subsystems...
2026-06-02 16:43:50,816 - runtime_ui.ai_indicator - INFO - AI Indicator status: IDLE -> IDLE
2026-06-02 16:43:50,817 - runtime_core.lifecycle_manager - INFO - ======================================================================
2026-06-02 16:43:53,330 - runtime_ui.overlay_manager - INFO - Overlay updated -> AI Personal A.I Active
2026-06-02 16:43:53,331 - runtime_core.lifecycle_manager - INFO - JARVIS AI Operating System - Boot Complete
2026-06-02 16:43:53,331 - runtime_ui.overlay_manager - INFO - Overlay watchdog started
2026-06-02 16:43:53,331 - runtime_core.lifecycle_manager - INFO - ======================================================================
2026-06-02 16:43:53,331 - runtime_ui.overlay_manager - INFO - Overlay started completely
2026-06-02 16:43:53,332 - runtime_core.persistent_runtime - INFO - Starting infinite runtime loop...
2026-06-02 16:43:53,349 - voice.voice_profile_manager - INFO - Loaded 4 voice profiles
2026-06-02 16:43:53,356 - voice.text_to_speech - INFO - Loading voice profile: jarvis_classic
2026-06-02 16:43:53,356 - voice.tts_engines.piper_engine - INFO - Initializing Piper TTS engine...
2026-06-02 16:43:53,599 - voice.tts_engines.piper_engine - ERROR - Piper TTS dependencies not installed: No module named 'piper.download'
2026-06-02 16:43:53,600 - voice.tts_engines.piper_engine - WARNING - To install Piper: pip install piper-tts sounddevice numpy
2026-06-02 16:43:53,600 - voice.tts_engines.engine_selector - WARNING - Failed to initialize piper, falling back...
2026-06-02 16:43:53,600 - voice.tts_engines.piper_engine - INFO - Initializing Piper TTS engine...
2026-06-02 16:43:53,600 - voice.tts_engines.piper_engine - ERROR - Piper TTS dependencies not installed: No module named 'piper.download'
2026-06-02 16:43:53,600 - voice.tts_engines.piper_engine - WARNING - To install Piper: pip install piper-tts sounddevice numpy
2026-06-02 16:43:53,603 - voice.tts_engines.pyttsx3_engine - INFO - Initializing pyttsx3 TTS engine...
2026-06-02 16:43:53,640 - comtypes.client._code_cache - INFO - Imported existing <module 'comtypes.gen' from 'C:\\Users\\jashw\\AppData\\Local\\Packages\\PythonSoftwareFoundation.Python.3.12_qbz5n2kfra8p0\\LocalCache\\local-packages\\Python312\\site-packages\\comtypes\\gen\\__init__.py'>
2026-06-02 16:43:53,640 - comtypes.client._code_cache - INFO - Using writeable comtypes cache directory: 'C:\Users\jashw\AppData\Local\Packages\PythonSoftwareFoundation.Python.3.12_qbz5n2kfra8p0\LocalCache\local-packages\Python312\site-packages\comtypes\gen'
2026-06-02 16:43:53,804 - voice.tts_engines.pyttsx3_engine - INFO - Set initial TTS speed to 150 WPM
2026-06-02 16:43:53,805 - voice.tts_engines.pyttsx3_engine - INFO - Available voices: 2 found
2026-06-02 16:43:53,806 - voice.tts_engines.pyttsx3_engine - INFO -   Voice 0: Microsoft David Desktop - English (United States)
2026-06-02 16:43:53,806 - voice.tts_engines.pyttsx3_engine - INFO - Found target voice: Microsoft David Desktop - English (United States)
2026-06-02 16:43:53,806 - voice.tts_engines.pyttsx3_engine - INFO - pyttsx3 TTS initialized successfully!
2026-06-02 16:43:53,806 - voice.tts_engines.engine_selector - INFO - Using TTS engine: pyttsx3
2026-06-02 16:43:53,806 - voice.tts_engines.pyttsx3_engine - INFO - Set TTS speed to 150 WPM (scale: 1.0)
2026-06-02 16:43:53,817 - voice.voice_memory - INFO - Loaded 26 voice interactions
2026-06-02 16:43:53,829 - voice.audio_router - INFO - Found 2 input devices, 2 output devices
2026-06-02 16:43:53,830 - runtime.runtime_manager - INFO - Initializing JARVIS runtime system
2026-06-02 16:43:53,830 - runtime.hotkey_manager - INFO - Initializing hotkey manager
2026-06-02 16:43:53,834 - runtime.idle_controller - INFO - Initializing idle controller
2026-06-02 16:43:53,834 - runtime.wake_listener - INFO - Initializing wake listener
2026-06-02 16:43:53,834 - runtime.runtime_manager - INFO - Runtime manager initialized successfully
2026-06-02 16:43:53,834 - runtime.hotkey_manager - INFO - Initializing hotkey manager
2026-06-02 16:43:53,835 - runtime.wake_listener - INFO - Wake listener started (active)
2026-06-02 16:43:53,835 - __main__ - INFO - Playing startup greeting
2026-06-02 16:43:53,835 - voice.text_to_speech - INFO - Speaking: JARVIS online. All systems initialized.
2026-06-02 16:43:53,950 - runtime.hotkey_manager - INFO - Hotkey listener started (CTRL+P registered)
2026-06-02 16:43:58,222 - voice.text_to_speech - INFO - TTS finished speaking (success: True)
2026-06-02 16:43:58,222 - runtime.runtime_manager - INFO - Starting JARVIS runtime service
2026-06-02 16:43:58,222 - runtime.background_service - INFO - Starting background service
2026-06-02 16:43:58,222 - runtime.background_service - INFO - Entering idle loop
2026-06-02 16:45:04,320 - __main__ - INFO - ======================================================================
2026-06-02 16:45:04,320 - __main__ - INFO - JARVIS AI Operating System - Persistent Runtime Starting
2026-06-02 16:45:04,322 - __main__ - INFO - ======================================================================
2026-06-02 16:45:04,359 - runtime_core.event_bus - INFO - Event Bus initialized
2026-06-02 16:45:04,359 - runtime_core.runtime_state_machine - INFO - Runtime State Machine initialized at IDLE
2026-06-02 16:45:04,367 - runtime_ui.ui_theme_manager - INFO - UI Theme Manager initialized with theme: cinematic_blue
2026-06-02 16:45:04,368 - runtime_ui.animation_engine - INFO - Animation engine initialized
2026-06-02 16:45:04,368 - runtime_ui.overlay_manager - INFO - Overlay Manager initialized
2026-06-02 16:45:04,369 - runtime_ui.tray_manager - INFO - Tray Manager (UI) initialized
2026-06-02 16:45:04,370 - runtime_ui.status_controller - INFO - Status Controller initialized
2026-06-02 16:45:04,370 - runtime_ui.presence_manager - INFO - Presence Manager initialized
2026-06-02 16:45:04,371 - runtime_ui.state_visualizer - INFO - State Visualizer initialized
2026-06-02 16:45:04,372 - runtime_ui.notification_manager - INFO - Notification Manager initialized
2026-06-02 16:45:04,372 - runtime_ui.overlay_renderer - INFO - Overlay Renderer initialized
2026-06-02 16:45:04,397 - runtime_ui.tray_manager - INFO - Initializing tray manager
2026-06-02 16:45:04,430 - runtime_ui.overlay_manager - INFO - Initializing overlay manager
2026-06-02 16:45:04,430 - runtime_ui.presence_manager - INFO - Initializing presence manager
2026-06-02 16:45:04,431 - runtime_ui.tray_manager - INFO - Tray manager started
2026-06-02 16:45:04,432 - runtime_ui.overlay_manager - INFO - Creating AIIndicator instance
2026-06-02 16:45:04,434 - runtime_ui.ai_indicator - INFO - Setting up AIIndicator UI
2026-06-02 16:45:04,449 - runtime_ui.ai_indicator - INFO - Window flags set: 264203
2026-06-02 16:45:04,451 - runtime_ui.ai_indicator - INFO - AI Indicator initialized
2026-06-02 16:45:04,452 - runtime_ui.overlay_manager - INFO - AIIndicator created
2026-06-02 16:45:04,452 - runtime_core.lifecycle_manager - INFO - Lifecycle Manager initialized
2026-06-02 16:45:04,452 - runtime_ui.overlay_manager - INFO - Showing indicator and raising
2026-06-02 16:45:04,452 - runtime_core.persistent_runtime - INFO - Persistent Runtime initialized
2026-06-02 16:45:04,576 - runtime_core.lifecycle_manager - INFO - ======================================================================
2026-06-02 16:45:04,578 - runtime_ui.ai_indicator - INFO - AI Indicator status: IDLE -> IDLE
2026-06-02 16:45:04,578 - runtime_core.lifecycle_manager - INFO - JARVIS AI Operating System - Boot Sequence Starting
2026-06-02 16:45:04,929 - runtime_ui.overlay_manager - INFO - Overlay updated -> AI Personal A.I Active
2026-06-02 16:45:04,929 - runtime_core.lifecycle_manager - INFO - ======================================================================
2026-06-02 16:45:04,931 - runtime_core.lifecycle_manager - INFO - Initializing core subsystems...
2026-06-02 16:45:04,931 - runtime_ui.overlay_manager - INFO - Overlay watchdog started
2026-06-02 16:45:04,932 - runtime_core.lifecycle_manager - INFO - ======================================================================
2026-06-02 16:45:04,932 - runtime_ui.overlay_manager - INFO - Overlay started completely
2026-06-02 16:45:04,932 - runtime_core.lifecycle_manager - INFO - JARVIS AI Operating System - Boot Complete
2026-06-02 16:45:04,933 - runtime_core.lifecycle_manager - INFO - ======================================================================
2026-06-02 16:45:04,933 - runtime_core.persistent_runtime - INFO - Starting infinite runtime loop...
2026-06-02 16:45:04,950 - voice.voice_profile_manager - INFO - Loaded 4 voice profiles
2026-06-02 16:45:04,956 - voice.text_to_speech - INFO - Loading voice profile: jarvis_classic
2026-06-02 16:45:04,957 - voice.tts_engines.piper_engine - INFO - Initializing Piper TTS engine...
2026-06-02 16:45:05,179 - voice.tts_engines.piper_engine - ERROR - Piper TTS dependencies not installed: No module named 'piper.download'
2026-06-02 16:45:05,179 - voice.tts_engines.piper_engine - WARNING - To install Piper: pip install piper-tts sounddevice numpy
2026-06-02 16:45:05,180 - voice.tts_engines.engine_selector - WARNING - Failed to initialize piper, falling back...
2026-06-02 16:45:05,180 - voice.tts_engines.piper_engine - INFO - Initializing Piper TTS engine...
2026-06-02 16:45:05,180 - voice.tts_engines.piper_engine - ERROR - Piper TTS dependencies not installed: No module named 'piper.download'
2026-06-02 16:45:05,180 - voice.tts_engines.piper_engine - WARNING - To install Piper: pip install piper-tts sounddevice numpy
2026-06-02 16:45:05,182 - voice.tts_engines.pyttsx3_engine - INFO - Initializing pyttsx3 TTS engine...
2026-06-02 16:45:05,216 - comtypes.client._code_cache - INFO - Imported existing <module 'comtypes.gen' from 'C:\\Users\\jashw\\AppData\\Local\\Packages\\PythonSoftwareFoundation.Python.3.12_qbz5n2kfra8p0\\LocalCache\\local-packages\\Python312\\site-packages\\comtypes\\gen\\__init__.py'>
2026-06-02 16:45:05,216 - comtypes.client._code_cache - INFO - Using writeable comtypes cache directory: 'C:\Users\jashw\AppData\Local\Packages\PythonSoftwareFoundation.Python.3.12_qbz5n2kfra8p0\LocalCache\local-packages\Python312\site-packages\comtypes\gen'
2026-06-02 16:45:05,359 - voice.tts_engines.pyttsx3_engine - INFO - Set initial TTS speed to 150 WPM
2026-06-02 16:45:05,361 - voice.tts_engines.pyttsx3_engine - INFO - Available voices: 2 found
2026-06-02 16:45:05,361 - voice.tts_engines.pyttsx3_engine - INFO -   Voice 0: Microsoft David Desktop - English (United States)
2026-06-02 16:45:05,361 - voice.tts_engines.pyttsx3_engine - INFO - Found target voice: Microsoft David Desktop - English (United States)
2026-06-02 16:45:05,361 - voice.tts_engines.pyttsx3_engine - INFO - pyttsx3 TTS initialized successfully!
2026-06-02 16:45:05,361 - voice.tts_engines.engine_selector - INFO - Using TTS engine: pyttsx3
2026-06-02 16:45:05,361 - voice.tts_engines.pyttsx3_engine - INFO - Set TTS speed to 150 WPM (scale: 1.0)
2026-06-02 16:45:05,372 - voice.voice_memory - INFO - Loaded 26 voice interactions
2026-06-02 16:45:05,382 - voice.audio_router - INFO - Found 2 input devices, 2 output devices
2026-06-02 16:45:05,383 - runtime.runtime_manager - INFO - Initializing JARVIS runtime system
2026-06-02 16:45:05,384 - runtime.hotkey_manager - INFO - Initializing hotkey manager
2026-06-02 16:45:05,389 - runtime.idle_controller - INFO - Initializing idle controller
2026-06-02 16:45:05,390 - runtime.wake_listener - INFO - Initializing wake listener
2026-06-02 16:45:05,390 - runtime.runtime_manager - INFO - Runtime manager initialized successfully
2026-06-02 16:45:05,390 - runtime.hotkey_manager - INFO - Initializing hotkey manager
2026-06-02 16:45:05,391 - runtime.wake_listener - INFO - Wake listener started (active)
2026-06-02 16:45:05,391 - __main__ - INFO - Playing startup greeting
2026-06-02 16:45:05,391 - voice.text_to_speech - INFO - Speaking: JARVIS online. All systems initialized.
2026-06-02 16:45:05,509 - runtime.hotkey_manager - INFO - Hotkey listener started (CTRL+P registered)
2026-06-02 16:45:09,772 - voice.text_to_speech - INFO - TTS finished speaking (success: True)
2026-06-02 16:45:09,772 - runtime.runtime_manager - INFO - Starting JARVIS runtime service
2026-06-02 16:45:09,772 - runtime.background_service - INFO - Starting background service
2026-06-02 16:45:09,772 - runtime.background_service - INFO - Entering idle loop
2026-06-02 16:47:16,977 - __main__ - INFO - ======================================================================
2026-06-02 16:47:16,977 - __main__ - INFO - JARVIS AI Operating System - Persistent Runtime Starting
2026-06-02 16:47:16,977 - __main__ - INFO - ======================================================================
2026-06-02 16:47:17,040 - runtime_core.event_bus - INFO - Event Bus initialized
2026-06-02 16:47:17,040 - runtime_core.runtime_state_machine - INFO - Runtime State Machine initialized at IDLE
2026-06-02 16:47:17,066 - runtime_ui.animation_engine - INFO - Animation engine initialized
2026-06-02 16:47:17,066 - runtime_ui.overlay_manager - INFO - Overlay Manager initialized
2026-06-02 16:47:17,067 - runtime_ui.tray_manager - INFO - Tray Manager (UI) initialized
2026-06-02 16:47:17,071 - runtime_ui.status_controller - INFO - Status Controller initialized
2026-06-02 16:47:17,071 - runtime_ui.presence_manager - INFO - Presence Manager initialized
2026-06-02 16:47:17,073 - runtime_ui.ui_theme_manager - INFO - UI Theme Manager initialized with theme: cinematic_blue
2026-06-02 16:47:17,074 - runtime_ui.state_visualizer - INFO - State Visualizer initialized
2026-06-02 16:47:17,075 - runtime_ui.notification_manager - INFO - Notification Manager initialized
2026-06-02 16:47:17,077 - runtime_ui.overlay_renderer - INFO - Overlay Renderer initialized
2026-06-02 16:47:17,105 - runtime_ui.tray_manager - INFO - Initializing tray manager
2026-06-02 16:47:17,171 - runtime_ui.overlay_manager - INFO - Initializing overlay manager
2026-06-02 16:47:17,171 - runtime_ui.presence_manager - INFO - Initializing presence manager
2026-06-02 16:47:17,172 - runtime_ui.tray_manager - INFO - Tray manager started
2026-06-02 16:47:17,173 - runtime_ui.overlay_manager - INFO - Creating AIIndicator instance
2026-06-02 16:47:17,190 - runtime_ui.ai_indicator - INFO - TEMP TEST AI Indicator initialized - BRIGHT RED!
2026-06-02 16:47:17,190 - runtime_ui.overlay_manager - INFO - AIIndicator created
2026-06-02 16:47:17,191 - runtime_ui.overlay_manager - INFO - Showing indicator and raising
2026-06-02 16:47:17,710 - runtime_ui.ai_indicator - INFO - TEMP: Setting status to IDLE
2026-06-02 16:47:17,711 - runtime_ui.overlay_manager - INFO - Overlay updated -> AI Personal A.I Active
2026-06-02 16:47:17,711 - runtime_ui.overlay_manager - INFO - Overlay watchdog started
2026-06-02 16:47:17,711 - runtime_ui.overlay_manager - INFO - Overlay started completely
2026-06-02 16:47:17,713 - runtime_core.lifecycle_manager - INFO - Lifecycle Manager initialized
2026-06-02 16:47:17,714 - runtime_core.persistent_runtime - INFO - Persistent Runtime initialized
2026-06-02 16:47:17,714 - runtime_core.lifecycle_manager - INFO - ======================================================================
2026-06-02 16:47:17,714 - runtime_core.lifecycle_manager - INFO - JARVIS AI Operating System - Boot Sequence Starting
2026-06-02 16:47:17,714 - runtime_core.lifecycle_manager - INFO - ======================================================================
2026-06-02 16:47:17,714 - runtime_core.lifecycle_manager - INFO - Initializing core subsystems...
2026-06-02 16:47:17,714 - runtime_core.lifecycle_manager - INFO - ======================================================================
2026-06-02 16:47:17,714 - runtime_core.lifecycle_manager - INFO - JARVIS AI Operating System - Boot Complete
2026-06-02 16:47:17,714 - runtime_core.lifecycle_manager - INFO - ======================================================================
2026-06-02 16:47:17,715 - runtime_core.persistent_runtime - INFO - Starting infinite runtime loop...
2026-06-02 16:47:17,755 - voice.voice_profile_manager - INFO - Loaded 4 voice profiles
2026-06-02 16:47:17,766 - voice.text_to_speech - INFO - Loading voice profile: jarvis_classic
2026-06-02 16:47:17,766 - voice.tts_engines.piper_engine - INFO - Initializing Piper TTS engine...
2026-06-02 16:47:18,123 - voice.tts_engines.piper_engine - ERROR - Piper TTS dependencies not installed: No module named 'piper.download'
2026-06-02 16:47:18,123 - voice.tts_engines.piper_engine - WARNING - To install Piper: pip install piper-tts sounddevice numpy
2026-06-02 16:47:18,123 - voice.tts_engines.engine_selector - WARNING - Failed to initialize piper, falling back...
2026-06-02 16:47:18,123 - voice.tts_engines.piper_engine - INFO - Initializing Piper TTS engine...
2026-06-02 16:47:18,123 - voice.tts_engines.piper_engine - ERROR - Piper TTS dependencies not installed: No module named 'piper.download'
2026-06-02 16:47:18,123 - voice.tts_engines.piper_engine - WARNING - To install Piper: pip install piper-tts sounddevice numpy
2026-06-02 16:47:18,128 - voice.tts_engines.pyttsx3_engine - INFO - Initializing pyttsx3 TTS engine...
2026-06-02 16:47:18,204 - comtypes.client._code_cache - INFO - Imported existing <module 'comtypes.gen' from 'C:\\Users\\jashw\\AppData\\Local\\Packages\\PythonSoftwareFoundation.Python.3.12_qbz5n2kfra8p0\\LocalCache\\local-packages\\Python312\\site-packages\\comtypes\\gen\\__init__.py'>
2026-06-02 16:47:18,205 - comtypes.client._code_cache - INFO - Using writeable comtypes cache directory: 'C:\Users\jashw\AppData\Local\Packages\PythonSoftwareFoundation.Python.3.12_qbz5n2kfra8p0\LocalCache\local-packages\Python312\site-packages\comtypes\gen'
2026-06-02 16:47:18,369 - voice.tts_engines.pyttsx3_engine - INFO - Set initial TTS speed to 150 WPM
2026-06-02 16:47:18,370 - voice.tts_engines.pyttsx3_engine - INFO - Available voices: 2 found
2026-06-02 16:47:18,370 - voice.tts_engines.pyttsx3_engine - INFO -   Voice 0: Microsoft David Desktop - English (United States)
2026-06-02 16:47:18,370 - voice.tts_engines.pyttsx3_engine - INFO - Found target voice: Microsoft David Desktop - English (United States)
2026-06-02 16:47:18,370 - voice.tts_engines.pyttsx3_engine - INFO - pyttsx3 TTS initialized successfully!
2026-06-02 16:47:18,370 - voice.tts_engines.engine_selector - INFO - Using TTS engine: pyttsx3
2026-06-02 16:47:18,370 - voice.tts_engines.pyttsx3_engine - INFO - Set TTS speed to 150 WPM (scale: 1.0)
2026-06-02 16:47:18,394 - voice.voice_memory - INFO - Loaded 26 voice interactions
2026-06-02 16:47:18,414 - voice.audio_router - INFO - Found 2 input devices, 2 output devices
2026-06-02 16:47:18,416 - runtime.runtime_manager - INFO - Initializing JARVIS runtime system
2026-06-02 16:47:18,416 - runtime.hotkey_manager - INFO - Initializing hotkey manager
2026-06-02 16:47:18,425 - runtime.idle_controller - INFO - Initializing idle controller
2026-06-02 16:47:18,425 - runtime.wake_listener - INFO - Initializing wake listener
2026-06-02 16:47:18,425 - runtime.runtime_manager - INFO - Runtime manager initialized successfully
2026-06-02 16:47:18,425 - runtime.hotkey_manager - INFO - Initializing hotkey manager
2026-06-02 16:47:18,426 - runtime.wake_listener - INFO - Wake listener started (active)
2026-06-02 16:47:18,426 - __main__ - INFO - Playing startup greeting
2026-06-02 16:47:18,426 - voice.text_to_speech - INFO - Speaking: JARVIS online. All systems initialized.
2026-06-02 16:47:18,536 - runtime.hotkey_manager - INFO - Hotkey listener started (CTRL+P registered)
2026-06-02 16:47:22,818 - voice.text_to_speech - INFO - TTS finished speaking (success: True)
2026-06-02 16:47:22,818 - runtime.runtime_manager - INFO - Starting JARVIS runtime service
2026-06-02 16:47:22,818 - runtime.background_service - INFO - Starting background service
2026-06-02 16:47:22,818 - runtime.background_service - INFO - Entering idle loop
2026-06-02 16:48:43,850 - __main__ - INFO - ======================================================================
2026-06-02 16:48:43,850 - __main__ - INFO - JARVIS AI Operating System - Persistent Runtime Starting
2026-06-02 16:48:43,850 - __main__ - INFO - ======================================================================
2026-06-02 16:48:43,924 - runtime_core.event_bus - INFO - Event Bus initialized
2026-06-02 16:48:43,924 - runtime_core.runtime_state_machine - INFO - Runtime State Machine initialized at IDLE
2026-06-02 16:48:43,950 - runtime_ui.animation_engine - INFO - Animation engine initialized
2026-06-02 16:48:43,950 - runtime_ui.overlay_manager - INFO - Overlay Manager initialized
2026-06-02 16:48:43,951 - runtime_ui.tray_manager - INFO - Tray Manager (UI) initialized
2026-06-02 16:48:43,953 - runtime_ui.status_controller - INFO - Status Controller initialized
2026-06-02 16:48:43,954 - runtime_ui.presence_manager - INFO - Presence Manager initialized
2026-06-02 16:48:43,957 - runtime_ui.ui_theme_manager - INFO - UI Theme Manager initialized with theme: cinematic_blue
2026-06-02 16:48:43,958 - runtime_ui.state_visualizer - INFO - State Visualizer initialized
2026-06-02 16:48:43,960 - runtime_ui.notification_manager - INFO - Notification Manager initialized
2026-06-02 16:48:43,961 - runtime_ui.overlay_renderer - INFO - Overlay Renderer initialized
2026-06-02 16:48:43,991 - runtime_ui.tray_manager - INFO - Initializing tray manager
2026-06-02 16:48:44,065 - runtime_ui.overlay_manager - INFO - Initializing overlay manager
2026-06-02 16:48:44,067 - runtime_ui.presence_manager - INFO - Initializing presence manager
2026-06-02 16:48:44,067 - runtime_ui.tray_manager - INFO - Tray manager started
2026-06-02 16:48:44,068 - runtime_ui.overlay_manager - INFO - Creating AIIndicator instance
2026-06-02 16:48:44,087 - runtime_ui.ai_indicator - INFO - TEMP TEST AI Indicator initialized - BRIGHT RED!
2026-06-02 16:48:44,087 - runtime_ui.overlay_manager - INFO - AIIndicator created
2026-06-02 16:48:44,087 - runtime_ui.overlay_manager - INFO - Showing indicator and raising
2026-06-02 16:48:44,087 - runtime_ui.ai_indicator - INFO - TEMP: SHOW CALLED! MAKING OVERLAY VISIBLE NOW!
2026-06-02 16:48:44,644 - runtime_ui.ai_indicator - INFO - TEMP: Overlay visible status: True, pos: PyQt6.QtCore.QPoint(100, 100)
2026-06-02 16:48:44,644 - runtime_ui.overlay_manager - INFO - TEMP: NOT MOVING OVERLAY - keeping at PyQt6.QtCore.QPoint(100, 100)
2026-06-02 16:48:44,644 - runtime_ui.ai_indicator - INFO - TEMP: fade_in called - SKIPPED! (Force showing immediately!)
2026-06-02 16:48:44,645 - runtime_ui.ai_indicator - INFO - TEMP: SHOW CALLED! MAKING OVERLAY VISIBLE NOW!
2026-06-02 16:48:44,645 - runtime_ui.ai_indicator - INFO - TEMP: Overlay visible status: True, pos: PyQt6.QtCore.QPoint(100, 100)
2026-06-02 16:48:44,645 - runtime_ui.ai_indicator - INFO - TEMP: Setting status to IDLE
2026-06-02 16:48:44,645 - runtime_ui.overlay_manager - INFO - Overlay updated -> AI Personal A.I Active
2026-06-02 16:48:44,646 - runtime_ui.overlay_manager - INFO - Overlay watchdog started
2026-06-02 16:48:44,646 - runtime_ui.overlay_manager - INFO - Overlay started completely
2026-06-02 16:48:44,647 - runtime_core.lifecycle_manager - INFO - Lifecycle Manager initialized
2026-06-02 16:48:44,648 - runtime_core.persistent_runtime - INFO - Persistent Runtime initialized
2026-06-02 16:48:44,648 - runtime_core.lifecycle_manager - INFO - ======================================================================
2026-06-02 16:48:44,648 - runtime_core.lifecycle_manager - INFO - JARVIS AI Operating System - Boot Sequence Starting
2026-06-02 16:48:44,649 - runtime_core.lifecycle_manager - INFO - ======================================================================
2026-06-02 16:48:44,649 - runtime_core.lifecycle_manager - INFO - Initializing core subsystems...
2026-06-02 16:48:44,649 - runtime_core.lifecycle_manager - INFO - ======================================================================
2026-06-02 16:48:44,649 - runtime_core.lifecycle_manager - INFO - JARVIS AI Operating System - Boot Complete
2026-06-02 16:48:44,649 - runtime_core.lifecycle_manager - INFO - ======================================================================
2026-06-02 16:48:44,649 - runtime_core.persistent_runtime - INFO - Starting infinite runtime loop...
2026-06-02 16:48:44,680 - voice.voice_profile_manager - INFO - Loaded 4 voice profiles
2026-06-02 16:48:44,689 - voice.text_to_speech - INFO - Loading voice profile: jarvis_classic
2026-06-02 16:48:44,689 - voice.tts_engines.piper_engine - INFO - Initializing Piper TTS engine...
2026-06-02 16:48:45,055 - voice.tts_engines.piper_engine - ERROR - Piper TTS dependencies not installed: No module named 'piper.download'
2026-06-02 16:48:45,055 - voice.tts_engines.piper_engine - WARNING - To install Piper: pip install piper-tts sounddevice numpy
2026-06-02 16:48:45,055 - voice.tts_engines.engine_selector - WARNING - Failed to initialize piper, falling back...
2026-06-02 16:48:45,055 - voice.tts_engines.piper_engine - INFO - Initializing Piper TTS engine...
2026-06-02 16:48:45,055 - voice.tts_engines.piper_engine - ERROR - Piper TTS dependencies not installed: No module named 'piper.download'
2026-06-02 16:48:45,055 - voice.tts_engines.piper_engine - WARNING - To install Piper: pip install piper-tts sounddevice numpy
2026-06-02 16:48:45,061 - voice.tts_engines.pyttsx3_engine - INFO - Initializing pyttsx3 TTS engine...
2026-06-02 16:48:45,137 - comtypes.client._code_cache - INFO - Imported existing <module 'comtypes.gen' from 'C:\\Users\\jashw\\AppData\\Local\\Packages\\PythonSoftwareFoundation.Python.3.12_qbz5n2kfra8p0\\LocalCache\\local-packages\\Python312\\site-packages\\comtypes\\gen\\__init__.py'>
2026-06-02 16:48:45,138 - comtypes.client._code_cache - INFO - Using writeable comtypes cache directory: 'C:\Users\jashw\AppData\Local\Packages\PythonSoftwareFoundation.Python.3.12_qbz5n2kfra8p0\LocalCache\local-packages\Python312\site-packages\comtypes\gen'
2026-06-02 16:48:45,303 - voice.tts_engines.pyttsx3_engine - INFO - Set initial TTS speed to 150 WPM
2026-06-02 16:48:45,304 - voice.tts_engines.pyttsx3_engine - INFO - Available voices: 2 found
2026-06-02 16:48:45,304 - voice.tts_engines.pyttsx3_engine - INFO -   Voice 0: Microsoft David Desktop - English (United States)
2026-06-02 16:48:45,304 - voice.tts_engines.pyttsx3_engine - INFO - Found target voice: Microsoft David Desktop - English (United States)
2026-06-02 16:48:45,304 - voice.tts_engines.pyttsx3_engine - INFO - pyttsx3 TTS initialized successfully!
2026-06-02 16:48:45,304 - voice.tts_engines.engine_selector - INFO - Using TTS engine: pyttsx3
2026-06-02 16:48:45,304 - voice.tts_engines.pyttsx3_engine - INFO - Set TTS speed to 150 WPM (scale: 1.0)
2026-06-02 16:48:45,328 - voice.voice_memory - INFO - Loaded 26 voice interactions
2026-06-02 16:48:45,352 - voice.audio_router - INFO - Found 2 input devices, 2 output devices
2026-06-02 16:48:45,352 - runtime.runtime_manager - INFO - Initializing JARVIS runtime system
2026-06-02 16:48:45,352 - runtime.hotkey_manager - INFO - Initializing hotkey manager
2026-06-02 16:48:45,363 - runtime.idle_controller - INFO - Initializing idle controller
2026-06-02 16:48:45,363 - runtime.wake_listener - INFO - Initializing wake listener
2026-06-02 16:48:45,363 - runtime.runtime_manager - INFO - Runtime manager initialized successfully
2026-06-02 16:48:45,363 - runtime.hotkey_manager - INFO - Initializing hotkey manager
2026-06-02 16:48:45,364 - runtime.wake_listener - INFO - Wake listener started (active)
2026-06-02 16:48:45,364 - __main__ - INFO - Playing startup greeting
2026-06-02 16:48:45,364 - voice.text_to_speech - INFO - Speaking: JARVIS online. All systems initialized.
2026-06-02 16:48:45,474 - runtime.hotkey_manager - INFO - Hotkey listener started (CTRL+P registered)
2026-06-02 16:48:47,643 - runtime_ui.ai_indicator - INFO - TEMP: SHOW CALLED! MAKING OVERLAY VISIBLE NOW!
2026-06-02 16:48:47,644 - runtime_ui.ai_indicator - INFO - TEMP: Overlay visible status: True, pos: PyQt6.QtCore.QPoint(100, 100)
2026-06-02 16:48:49,759 - voice.text_to_speech - INFO - TTS finished speaking (success: True)
2026-06-02 16:48:49,759 - runtime.runtime_manager - INFO - Starting JARVIS runtime service
2026-06-02 16:48:49,759 - runtime.background_service - INFO - Starting background service
2026-06-02 16:48:49,759 - runtime.background_service - INFO - Entering idle loop
2026-06-02 16:48:50,641 - runtime_ui.ai_indicator - INFO - TEMP: SHOW CALLED! MAKING OVERLAY VISIBLE NOW!
2026-06-02 16:48:50,641 - runtime_ui.ai_indicator - INFO - TEMP: Overlay visible status: True, pos: PyQt6.QtCore.QPoint(1490, 30)
2026-06-02 16:48:53,636 - runtime_ui.ai_indicator - INFO - TEMP: SHOW CALLED! MAKING OVERLAY VISIBLE NOW!
2026-06-02 16:48:53,636 - runtime_ui.ai_indicator - INFO - TEMP: Overlay visible status: True, pos: PyQt6.QtCore.QPoint(1490, 30)
2026-06-02 16:48:56,648 - runtime_ui.ai_indicator - INFO - TEMP: SHOW CALLED! MAKING OVERLAY VISIBLE NOW!
2026-06-02 16:48:56,649 - runtime_ui.ai_indicator - INFO - TEMP: Overlay visible status: True, pos: PyQt6.QtCore.QPoint(1490, 30)
2026-06-02 16:48:59,652 - runtime_ui.ai_indicator - INFO - TEMP: SHOW CALLED! MAKING OVERLAY VISIBLE NOW!
2026-06-02 16:48:59,653 - runtime_ui.ai_indicator - INFO - TEMP: Overlay visible status: True, pos: PyQt6.QtCore.QPoint(1490, 30)
2026-06-02 16:49:02,665 - runtime_ui.ai_indicator - INFO - TEMP: SHOW CALLED! MAKING OVERLAY VISIBLE NOW!
2026-06-02 16:49:02,665 - runtime_ui.ai_indicator - INFO - TEMP: Overlay visible status: True, pos: PyQt6.QtCore.QPoint(1490, 30)
2026-06-02 16:49:05,665 - runtime_ui.ai_indicator - INFO - TEMP: SHOW CALLED! MAKING OVERLAY VISIBLE NOW!
2026-06-02 16:49:05,665 - runtime_ui.ai_indicator - INFO - TEMP: Overlay visible status: True, pos: PyQt6.QtCore.QPoint(1490, 30)
2026-06-02 16:49:31,019 - __main__ - INFO - ======================================================================
2026-06-02 16:49:31,019 - __main__ - INFO - JARVIS AI Operating System - Persistent Runtime Starting
2026-06-02 16:49:31,019 - __main__ - INFO - ======================================================================
2026-06-02 16:49:31,088 - runtime_core.event_bus - INFO - Event Bus initialized
2026-06-02 16:49:31,088 - runtime_core.runtime_state_machine - INFO - Runtime State Machine initialized at IDLE
2026-06-02 16:49:31,115 - runtime_ui.animation_engine - INFO - Animation engine initialized
2026-06-02 16:49:31,116 - runtime_ui.overlay_manager - INFO - Overlay Manager initialized
2026-06-02 16:49:31,117 - runtime_ui.tray_manager - INFO - Tray Manager (UI) initialized
2026-06-02 16:49:31,119 - runtime_ui.status_controller - INFO - Status Controller initialized
2026-06-02 16:49:31,119 - runtime_ui.presence_manager - INFO - Presence Manager initialized
2026-06-02 16:49:31,122 - runtime_ui.ui_theme_manager - INFO - UI Theme Manager initialized with theme: cinematic_blue
2026-06-02 16:49:31,123 - runtime_ui.state_visualizer - INFO - State Visualizer initialized
2026-06-02 16:49:31,124 - runtime_ui.notification_manager - INFO - Notification Manager initialized
2026-06-02 16:49:31,125 - runtime_ui.overlay_renderer - INFO - Overlay Renderer initialized
2026-06-02 16:49:31,151 - runtime_ui.tray_manager - INFO - Initializing tray manager
2026-06-02 16:49:31,224 - runtime_ui.overlay_manager - INFO - Initializing overlay manager
2026-06-02 16:49:31,224 - runtime_ui.presence_manager - INFO - Initializing presence manager
2026-06-02 16:49:31,225 - runtime_ui.tray_manager - INFO - Tray manager started
2026-06-02 16:49:31,226 - runtime_ui.overlay_manager - INFO - Creating AIIndicator instance
2026-06-02 16:49:31,243 - runtime_ui.ai_indicator - INFO - TEMP TEST AI Indicator initialized - BRIGHT RED!
2026-06-02 16:49:31,245 - runtime_ui.overlay_manager - INFO - AIIndicator created
2026-06-02 16:49:31,245 - runtime_ui.overlay_manager - INFO - Showing indicator and raising
2026-06-02 16:49:31,245 - runtime_ui.ai_indicator - INFO - TEMP: SHOW CALLED! MAKING OVERLAY VISIBLE NOW!
2026-06-02 16:49:31,793 - runtime_ui.ai_indicator - INFO - TEMP: Overlay visible status: True, pos: PyQt6.QtCore.QPoint(100, 100)
2026-06-02 16:49:31,793 - runtime_ui.overlay_manager - INFO - TEMP: NOT MOVING OVERLAY - keeping at PyQt6.QtCore.QPoint(100, 100)
2026-06-02 16:49:31,793 - runtime_ui.ai_indicator - INFO - TEMP: fade_in called - SKIPPED! (Force showing immediately!)
2026-06-02 16:49:31,795 - runtime_ui.ai_indicator - INFO - TEMP: SHOW CALLED! MAKING OVERLAY VISIBLE NOW!
2026-06-02 16:49:31,795 - runtime_ui.ai_indicator - INFO - TEMP: Overlay visible status: True, pos: PyQt6.QtCore.QPoint(100, 100)
2026-06-02 16:49:31,796 - runtime_ui.ai_indicator - INFO - TEMP: Setting status to IDLE
2026-06-02 16:49:31,796 - runtime_ui.overlay_manager - INFO - Overlay updated -> AI Personal A.I Active
2026-06-02 16:49:31,796 - runtime_ui.overlay_manager - INFO - TEMP: Watchdog disabled for testing!
2026-06-02 16:49:31,796 - runtime_ui.overlay_manager - INFO - Overlay started completely
2026-06-02 16:49:31,797 - runtime_core.lifecycle_manager - INFO - Lifecycle Manager initialized
2026-06-02 16:49:31,798 - runtime_core.persistent_runtime - INFO - Persistent Runtime initialized
2026-06-02 16:49:31,798 - runtime_core.lifecycle_manager - INFO - ======================================================================
2026-06-02 16:49:31,798 - runtime_core.lifecycle_manager - INFO - JARVIS AI Operating System - Boot Sequence Starting
2026-06-02 16:49:31,798 - runtime_core.lifecycle_manager - INFO - ======================================================================
2026-06-02 16:49:31,798 - runtime_core.lifecycle_manager - INFO - Initializing core subsystems...
2026-06-02 16:49:31,798 - runtime_core.lifecycle_manager - INFO - ======================================================================
2026-06-02 16:49:31,799 - runtime_core.lifecycle_manager - INFO - JARVIS AI Operating System - Boot Complete
2026-06-02 16:49:31,799 - runtime_core.lifecycle_manager - INFO - ======================================================================
2026-06-02 16:49:31,799 - runtime_core.persistent_runtime - INFO - Starting infinite runtime loop...
2026-06-02 16:49:31,829 - voice.voice_profile_manager - INFO - Loaded 4 voice profiles
2026-06-02 16:49:31,839 - voice.text_to_speech - INFO - Loading voice profile: jarvis_classic
2026-06-02 16:49:31,839 - voice.tts_engines.piper_engine - INFO - Initializing Piper TTS engine...
2026-06-02 16:49:32,244 - voice.tts_engines.piper_engine - ERROR - Piper TTS dependencies not installed: No module named 'piper.download'
2026-06-02 16:49:32,244 - voice.tts_engines.piper_engine - WARNING - To install Piper: pip install piper-tts sounddevice numpy
2026-06-02 16:49:32,244 - voice.tts_engines.engine_selector - WARNING - Failed to initialize piper, falling back...
2026-06-02 16:49:32,244 - voice.tts_engines.piper_engine - INFO - Initializing Piper TTS engine...
2026-06-02 16:49:32,244 - voice.tts_engines.piper_engine - ERROR - Piper TTS dependencies not installed: No module named 'piper.download'
2026-06-02 16:49:32,244 - voice.tts_engines.piper_engine - WARNING - To install Piper: pip install piper-tts sounddevice numpy
2026-06-02 16:49:32,250 - voice.tts_engines.pyttsx3_engine - INFO - Initializing pyttsx3 TTS engine...
2026-06-02 16:49:32,345 - comtypes.client._code_cache - INFO - Imported existing <module 'comtypes.gen' from 'C:\\Users\\jashw\\AppData\\Local\\Packages\\PythonSoftwareFoundation.Python.3.12_qbz5n2kfra8p0\\LocalCache\\local-packages\\Python312\\site-packages\\comtypes\\gen\\__init__.py'>
2026-06-02 16:49:32,346 - comtypes.client._code_cache - INFO - Using writeable comtypes cache directory: 'C:\Users\jashw\AppData\Local\Packages\PythonSoftwareFoundation.Python.3.12_qbz5n2kfra8p0\LocalCache\local-packages\Python312\site-packages\comtypes\gen'
2026-06-02 16:49:32,538 - voice.tts_engines.pyttsx3_engine - INFO - Set initial TTS speed to 150 WPM
2026-06-02 16:49:32,538 - voice.tts_engines.pyttsx3_engine - INFO - Available voices: 2 found
2026-06-02 16:49:32,538 - voice.tts_engines.pyttsx3_engine - INFO -   Voice 0: Microsoft David Desktop - English (United States)
2026-06-02 16:49:32,538 - voice.tts_engines.pyttsx3_engine - INFO - Found target voice: Microsoft David Desktop - English (United States)
2026-06-02 16:49:32,538 - voice.tts_engines.pyttsx3_engine - INFO - pyttsx3 TTS initialized successfully!
2026-06-02 16:49:32,538 - voice.tts_engines.engine_selector - INFO - Using TTS engine: pyttsx3
2026-06-02 16:49:32,540 - voice.tts_engines.pyttsx3_engine - INFO - Set TTS speed to 150 WPM (scale: 1.0)
2026-06-02 16:49:32,564 - voice.voice_memory - INFO - Loaded 26 voice interactions
2026-06-02 16:49:32,589 - voice.audio_router - INFO - Found 2 input devices, 2 output devices
2026-06-02 16:49:32,589 - runtime.runtime_manager - INFO - Initializing JARVIS runtime system
2026-06-02 16:49:32,589 - runtime.hotkey_manager - INFO - Initializing hotkey manager
2026-06-02 16:49:32,601 - runtime.idle_controller - INFO - Initializing idle controller
2026-06-02 16:49:32,601 - runtime.wake_listener - INFO - Initializing wake listener
2026-06-02 16:49:32,602 - runtime.runtime_manager - INFO - Runtime manager initialized successfully
2026-06-02 16:49:32,602 - runtime.hotkey_manager - INFO - Initializing hotkey manager
2026-06-02 16:49:32,602 - runtime.wake_listener - INFO - Wake listener started (active)
2026-06-02 16:49:32,602 - __main__ - INFO - Playing startup greeting
2026-06-02 16:49:32,602 - voice.text_to_speech - INFO - Speaking: JARVIS online. All systems initialized.
2026-06-02 16:49:32,717 - runtime.hotkey_manager - INFO - Hotkey listener started (CTRL+P registered)
2026-06-02 16:49:37,000 - voice.text_to_speech - INFO - TTS finished speaking (success: True)
2026-06-02 16:49:37,000 - runtime.runtime_manager - INFO - Starting JARVIS runtime service
2026-06-02 16:49:37,000 - runtime.background_service - INFO - Starting background service
2026-06-02 16:49:37,001 - runtime.background_service - INFO - Entering idle loop
2026-06-02 16:51:59,873 - __main__ - INFO - ======================================================================
2026-06-02 16:51:59,873 - __main__ - INFO - JARVIS AI Operating System - Persistent Runtime Starting
2026-06-02 16:51:59,873 - __main__ - INFO - ======================================================================
2026-06-02 16:51:59,902 - runtime_core.event_bus - INFO - Event Bus initialized
2026-06-02 16:51:59,902 - runtime_core.runtime_state_machine - INFO - Runtime State Machine initialized at IDLE
2026-06-02 16:51:59,909 - runtime_ui.animation_engine - INFO - Animation engine initialized
2026-06-02 16:51:59,909 - runtime_ui.overlay_manager - INFO - Overlay Manager initialized
2026-06-02 16:51:59,909 - runtime_ui.tray_manager - INFO - Tray Manager (UI) initialized
2026-06-02 16:51:59,911 - runtime_ui.status_controller - INFO - Status Controller initialized
2026-06-02 16:51:59,911 - runtime_ui.presence_manager - INFO - Presence Manager initialized
2026-06-02 16:51:59,912 - runtime_ui.ui_theme_manager - INFO - UI Theme Manager initialized with theme: cinematic_blue
2026-06-02 16:51:59,912 - runtime_ui.state_visualizer - INFO - State Visualizer initialized
2026-06-02 16:51:59,913 - runtime_ui.notification_manager - INFO - Notification Manager initialized
2026-06-02 16:51:59,913 - runtime_ui.overlay_renderer - INFO - Overlay Renderer initialized
2026-06-02 16:51:59,939 - runtime_ui.tray_manager - INFO - Initializing tray manager
2026-06-02 16:51:59,973 - runtime_ui.overlay_manager - INFO - Initializing overlay manager
2026-06-02 16:51:59,973 - runtime_ui.presence_manager - INFO - Initializing presence manager
2026-06-02 16:51:59,974 - runtime_ui.tray_manager - INFO - Tray manager started
2026-06-02 16:51:59,974 - runtime_ui.overlay_manager - INFO - Creating AIIndicator instance
2026-06-02 16:51:59,993 - runtime_ui.ai_indicator - INFO - TEMP TEST AI Indicator initialized - BRIGHT RED!
2026-06-02 16:51:59,993 - runtime_ui.overlay_manager - INFO - AIIndicator created
2026-06-02 16:51:59,993 - runtime_ui.overlay_manager - INFO - Showing indicator and raising
2026-06-02 16:51:59,995 - runtime_ui.ai_indicator - INFO - TEMP: SHOW CALLED! MAKING OVERLAY VISIBLE NOW!
2026-06-02 16:52:04,567 - runtime_ui.ai_indicator - INFO - TEMP: Overlay visible status: True, pos: PyQt6.QtCore.QPoint(100, 100)
2026-06-02 16:52:04,567 - runtime_core.lifecycle_manager - INFO - Lifecycle Manager initialized
2026-06-02 16:52:04,568 - runtime_ui.overlay_manager - INFO - TEMP: NOT MOVING OVERLAY - keeping at PyQt6.QtCore.QPoint(100, 100)
2026-06-02 16:52:04,568 - runtime_core.persistent_runtime - INFO - Persistent Runtime initialized
2026-06-02 16:52:04,569 - runtime_ui.ai_indicator - INFO - TEMP: fade_in called - SKIPPED! (Force showing immediately!)
2026-06-02 16:52:04,570 - runtime_ui.ai_indicator - INFO - TEMP: SHOW CALLED! MAKING OVERLAY VISIBLE NOW!
2026-06-02 16:52:04,570 - runtime_core.lifecycle_manager - INFO - ======================================================================
2026-06-02 16:52:04,570 - runtime_ui.ai_indicator - INFO - TEMP: Overlay visible status: True, pos: PyQt6.QtCore.QPoint(100, 100)
2026-06-02 16:52:04,570 - runtime_core.lifecycle_manager - INFO - JARVIS AI Operating System - Boot Sequence Starting
2026-06-02 16:52:04,571 - runtime_ui.ai_indicator - INFO - TEMP: Setting status to IDLE
2026-06-02 16:52:04,571 - runtime_core.lifecycle_manager - INFO - ======================================================================
2026-06-02 16:52:04,571 - runtime_ui.overlay_manager - INFO - Overlay updated -> AI Personal A.I Active
2026-06-02 16:52:04,572 - runtime_core.lifecycle_manager - INFO - Initializing core subsystems...
2026-06-02 16:52:04,573 - runtime_ui.overlay_manager - INFO - TEMP: Watchdog disabled for testing!
2026-06-02 16:52:04,574 - runtime_core.lifecycle_manager - INFO - ======================================================================
2026-06-02 16:52:04,574 - runtime_ui.overlay_manager - INFO - Overlay started completely
2026-06-02 16:52:04,574 - runtime_core.lifecycle_manager - INFO - JARVIS AI Operating System - Boot Complete
2026-06-02 16:52:04,576 - runtime_core.lifecycle_manager - INFO - ======================================================================
2026-06-02 16:52:04,577 - runtime_core.persistent_runtime - INFO - Starting infinite runtime loop...
2026-06-02 16:52:04,589 - voice.voice_profile_manager - INFO - Loaded 4 voice profiles
2026-06-02 16:52:04,595 - voice.text_to_speech - INFO - Loading voice profile: jarvis_classic
2026-06-02 16:52:04,595 - voice.tts_engines.piper_engine - INFO - Initializing Piper TTS engine...
2026-06-02 16:52:04,832 - voice.tts_engines.piper_engine - ERROR - Piper TTS dependencies not installed: No module named 'piper.download'
2026-06-02 16:52:04,832 - voice.tts_engines.piper_engine - WARNING - To install Piper: pip install piper-tts sounddevice numpy
2026-06-02 16:52:04,833 - voice.tts_engines.engine_selector - WARNING - Failed to initialize piper, falling back...
2026-06-02 16:52:04,833 - voice.tts_engines.piper_engine - INFO - Initializing Piper TTS engine...
2026-06-02 16:52:04,833 - voice.tts_engines.piper_engine - ERROR - Piper TTS dependencies not installed: No module named 'piper.download'
2026-06-02 16:52:04,833 - voice.tts_engines.piper_engine - WARNING - To install Piper: pip install piper-tts sounddevice numpy
2026-06-02 16:52:04,835 - voice.tts_engines.pyttsx3_engine - INFO - Initializing pyttsx3 TTS engine...
2026-06-02 16:52:04,872 - comtypes.client._code_cache - INFO - Imported existing <module 'comtypes.gen' from 'C:\\Users\\jashw\\AppData\\Local\\Packages\\PythonSoftwareFoundation.Python.3.12_qbz5n2kfra8p0\\LocalCache\\local-packages\\Python312\\site-packages\\comtypes\\gen\\__init__.py'>
2026-06-02 16:52:04,872 - comtypes.client._code_cache - INFO - Using writeable comtypes cache directory: 'C:\Users\jashw\AppData\Local\Packages\PythonSoftwareFoundation.Python.3.12_qbz5n2kfra8p0\LocalCache\local-packages\Python312\site-packages\comtypes\gen'
2026-06-02 16:52:05,018 - voice.tts_engines.pyttsx3_engine - INFO - Set initial TTS speed to 150 WPM
2026-06-02 16:52:05,020 - voice.tts_engines.pyttsx3_engine - INFO - Available voices: 2 found
2026-06-02 16:52:05,020 - voice.tts_engines.pyttsx3_engine - INFO -   Voice 0: Microsoft David Desktop - English (United States)
2026-06-02 16:52:05,020 - voice.tts_engines.pyttsx3_engine - INFO - Found target voice: Microsoft David Desktop - English (United States)
2026-06-02 16:52:05,021 - voice.tts_engines.pyttsx3_engine - INFO - pyttsx3 TTS initialized successfully!
2026-06-02 16:52:05,021 - voice.tts_engines.engine_selector - INFO - Using TTS engine: pyttsx3
2026-06-02 16:52:05,021 - voice.tts_engines.pyttsx3_engine - INFO - Set TTS speed to 150 WPM (scale: 1.0)
2026-06-02 16:52:05,034 - voice.voice_memory - INFO - Loaded 26 voice interactions
2026-06-02 16:52:05,046 - voice.audio_router - INFO - Found 2 input devices, 2 output devices
2026-06-02 16:52:05,047 - runtime.runtime_manager - INFO - Initializing JARVIS runtime system
2026-06-02 16:52:05,047 - runtime.hotkey_manager - INFO - Initializing hotkey manager
2026-06-02 16:52:05,053 - runtime.idle_controller - INFO - Initializing idle controller
2026-06-02 16:52:05,053 - runtime.wake_listener - INFO - Initializing wake listener
2026-06-02 16:52:05,053 - runtime.runtime_manager - INFO - Runtime manager initialized successfully
2026-06-02 16:52:05,053 - runtime.hotkey_manager - INFO - Initializing hotkey manager
2026-06-02 16:52:05,054 - runtime.wake_listener - INFO - Wake listener started (active)
2026-06-02 16:52:05,054 - __main__ - INFO - Playing startup greeting
2026-06-02 16:52:05,054 - voice.text_to_speech - INFO - Speaking: JARVIS online. All systems initialized.
2026-06-02 16:52:05,170 - runtime.hotkey_manager - INFO - Hotkey listener started (CTRL+P registered)
2026-06-02 16:52:09,460 - voice.text_to_speech - INFO - TTS finished speaking (success: True)
2026-06-02 16:52:09,460 - runtime.runtime_manager - INFO - Starting JARVIS runtime service
2026-06-02 16:52:09,460 - runtime.background_service - INFO - Starting background service
2026-06-02 16:52:09,461 - runtime.background_service - INFO - Entering idle loop
2026-06-02 16:54:39,413 - __main__ - INFO - ======================================================================
2026-06-02 16:54:39,413 - __main__ - INFO - JARVIS AI Operating System - Persistent Runtime Starting
2026-06-02 16:54:39,413 - __main__ - INFO - ======================================================================
2026-06-02 16:54:39,473 - runtime_core.event_bus - INFO - Event Bus initialized
2026-06-02 16:54:39,473 - runtime_core.runtime_state_machine - INFO - Runtime State Machine initialized at IDLE
2026-06-02 16:54:39,488 - runtime_ui.animation_engine - INFO - Animation engine initialized
2026-06-02 16:54:39,489 - runtime_ui.overlay_manager - INFO - Overlay Manager initialized
2026-06-02 16:54:39,490 - runtime_ui.tray_manager - INFO - Tray Manager (UI) initialized
2026-06-02 16:54:39,492 - runtime_ui.status_controller - INFO - Status Controller initialized
2026-06-02 16:54:39,493 - runtime_ui.presence_manager - INFO - Presence Manager initialized
2026-06-02 16:54:39,495 - runtime_ui.ui_theme_manager - INFO - UI Theme Manager initialized with theme: cinematic_blue
2026-06-02 16:54:39,497 - runtime_ui.state_visualizer - INFO - State Visualizer initialized
2026-06-02 16:54:39,498 - runtime_ui.notification_manager - INFO - Notification Manager initialized
2026-06-02 16:54:39,500 - runtime_ui.overlay_renderer - INFO - Overlay Renderer initialized
2026-06-02 16:54:39,527 - runtime_ui.tray_manager - INFO - Initializing tray manager
2026-06-02 16:54:39,595 - runtime_ui.overlay_manager - INFO - Initializing overlay manager
2026-06-02 16:54:39,596 - runtime_ui.presence_manager - INFO - Initializing presence manager
2026-06-02 16:54:39,596 - runtime_ui.tray_manager - INFO - Tray manager started
2026-06-02 16:54:39,597 - runtime_ui.overlay_manager - INFO - Creating AIIndicator instance
2026-06-02 16:54:39,617 - runtime_ui.ai_indicator - INFO - TEMP TEST AI Indicator initialized - BRIGHT RED!
2026-06-02 16:54:39,617 - runtime_ui.overlay_manager - INFO - AIIndicator created
2026-06-02 16:54:39,617 - runtime_ui.overlay_manager - INFO - Showing indicator and raising
2026-06-02 16:54:39,617 - runtime_ui.ai_indicator - INFO - TEMP: SHOW CALLED! MAKING OVERLAY VISIBLE NOW!
2026-06-02 16:54:40,267 - runtime_ui.ai_indicator - INFO - TEMP: Overlay visible status: True, pos: PyQt6.QtCore.QPoint(100, 100)
2026-06-02 16:54:40,268 - runtime_ui.overlay_manager - INFO - TEMP: NOT MOVING OVERLAY - keeping at PyQt6.QtCore.QPoint(100, 100)
2026-06-02 16:54:40,268 - runtime_ui.ai_indicator - INFO - TEMP: fade_in called - SKIPPED! (Force showing immediately!)
2026-06-02 16:54:40,268 - runtime_ui.ai_indicator - INFO - TEMP: SHOW CALLED! MAKING OVERLAY VISIBLE NOW!
2026-06-02 16:54:40,268 - runtime_ui.ai_indicator - INFO - TEMP: Overlay visible status: True, pos: PyQt6.QtCore.QPoint(100, 100)
2026-06-02 16:54:40,269 - runtime_ui.ai_indicator - INFO - TEMP: Setting status to IDLE
2026-06-02 16:54:40,270 - runtime_ui.overlay_manager - INFO - Overlay updated -> AI Personal A.I Active
2026-06-02 16:54:40,270 - runtime_ui.overlay_manager - INFO - TEMP: Watchdog disabled for testing!
2026-06-02 16:54:40,270 - runtime_ui.overlay_manager - INFO - Overlay started completely
2026-06-02 16:54:40,271 - runtime_core.lifecycle_manager - INFO - Lifecycle Manager initialized
2026-06-02 16:54:40,272 - runtime_core.persistent_runtime - INFO - Persistent Runtime initialized
2026-06-02 16:54:40,272 - runtime_core.lifecycle_manager - INFO - ======================================================================
2026-06-02 16:54:40,272 - runtime_core.lifecycle_manager - INFO - JARVIS AI Operating System - Boot Sequence Starting
2026-06-02 16:54:40,272 - runtime_core.lifecycle_manager - INFO - ======================================================================
2026-06-02 16:54:40,273 - runtime_core.lifecycle_manager - INFO - Initializing core subsystems...
2026-06-02 16:54:40,273 - runtime_core.lifecycle_manager - INFO - ======================================================================
2026-06-02 16:54:40,273 - runtime_core.lifecycle_manager - INFO - JARVIS AI Operating System - Boot Complete
2026-06-02 16:54:40,273 - runtime_core.lifecycle_manager - INFO - ======================================================================
2026-06-02 16:54:40,273 - runtime_core.persistent_runtime - INFO - Starting infinite runtime loop...
2026-06-02 16:54:40,305 - voice.voice_profile_manager - INFO - Loaded 4 voice profiles
2026-06-02 16:54:40,313 - voice.text_to_speech - INFO - Loading voice profile: jarvis_classic
2026-06-02 16:54:40,313 - voice.tts_engines.piper_engine - INFO - Initializing Piper TTS engine...
2026-06-02 16:54:40,740 - voice.tts_engines.piper_engine - ERROR - Piper TTS dependencies not installed: No module named 'piper.download'
2026-06-02 16:54:40,740 - voice.tts_engines.piper_engine - WARNING - To install Piper: pip install piper-tts sounddevice numpy
2026-06-02 16:54:40,740 - voice.tts_engines.engine_selector - WARNING - Failed to initialize piper, falling back...
2026-06-02 16:54:40,741 - voice.tts_engines.piper_engine - INFO - Initializing Piper TTS engine...
2026-06-02 16:54:40,741 - voice.tts_engines.piper_engine - ERROR - Piper TTS dependencies not installed: No module named 'piper.download'
2026-06-02 16:54:40,741 - voice.tts_engines.piper_engine - WARNING - To install Piper: pip install piper-tts sounddevice numpy
2026-06-02 16:54:40,747 - voice.tts_engines.pyttsx3_engine - INFO - Initializing pyttsx3 TTS engine...
2026-06-02 16:54:40,829 - comtypes.client._code_cache - INFO - Imported existing <module 'comtypes.gen' from 'C:\\Users\\jashw\\AppData\\Local\\Packages\\PythonSoftwareFoundation.Python.3.12_qbz5n2kfra8p0\\LocalCache\\local-packages\\Python312\\site-packages\\comtypes\\gen\\__init__.py'>
2026-06-02 16:54:40,829 - comtypes.client._code_cache - INFO - Using writeable comtypes cache directory: 'C:\Users\jashw\AppData\Local\Packages\PythonSoftwareFoundation.Python.3.12_qbz5n2kfra8p0\LocalCache\local-packages\Python312\site-packages\comtypes\gen'
2026-06-02 16:54:41,039 - voice.tts_engines.pyttsx3_engine - INFO - Set initial TTS speed to 150 WPM
2026-06-02 16:54:41,040 - voice.tts_engines.pyttsx3_engine - INFO - Available voices: 2 found
2026-06-02 16:54:41,040 - voice.tts_engines.pyttsx3_engine - INFO -   Voice 0: Microsoft David Desktop - English (United States)
2026-06-02 16:54:41,040 - voice.tts_engines.pyttsx3_engine - INFO - Found target voice: Microsoft David Desktop - English (United States)
2026-06-02 16:54:41,040 - voice.tts_engines.pyttsx3_engine - INFO - pyttsx3 TTS initialized successfully!
2026-06-02 16:54:41,040 - voice.tts_engines.engine_selector - INFO - Using TTS engine: pyttsx3
2026-06-02 16:54:41,041 - voice.tts_engines.pyttsx3_engine - INFO - Set TTS speed to 150 WPM (scale: 1.0)
2026-06-02 16:54:41,068 - voice.voice_memory - INFO - Loaded 26 voice interactions
2026-06-02 16:54:41,092 - voice.audio_router - INFO - Found 2 input devices, 2 output devices
2026-06-02 16:54:41,092 - runtime.runtime_manager - INFO - Initializing JARVIS runtime system
2026-06-02 16:54:41,093 - runtime.hotkey_manager - INFO - Initializing hotkey manager
2026-06-02 16:54:41,102 - runtime.idle_controller - INFO - Initializing idle controller
2026-06-02 16:54:41,102 - runtime.wake_listener - INFO - Initializing wake listener
2026-06-02 16:54:41,102 - runtime.runtime_manager - INFO - Runtime manager initialized successfully
2026-06-02 16:54:41,102 - runtime.hotkey_manager - INFO - Initializing hotkey manager
2026-06-02 16:54:41,103 - runtime.wake_listener - INFO - Wake listener started (active)
2026-06-02 16:54:41,103 - runtime.runtime_manager - INFO - Starting JARVIS runtime service
2026-06-02 16:54:41,103 - runtime.background_service - INFO - Starting background service
2026-06-02 16:54:41,104 - runtime.background_service - INFO - Entering idle loop
2026-06-02 16:54:41,214 - runtime.hotkey_manager - INFO - Hotkey listener started (CTRL+P registered)
2026-06-02 16:54:41,270 - __main__ - INFO - Playing startup greeting (in main thread)
2026-06-02 16:54:41,270 - voice.text_to_speech - INFO - Speaking: JARVIS online! All systems initialized and ready!
2026-06-02 16:55:27,951 - __main__ - INFO - ======================================================================
2026-06-02 16:55:27,951 - __main__ - INFO - JARVIS AI Operating System - Persistent Runtime Starting
2026-06-02 16:55:27,951 - __main__ - INFO - ======================================================================
2026-06-02 16:55:27,980 - runtime_core.event_bus - INFO - Event Bus initialized
2026-06-02 16:55:27,980 - runtime_core.runtime_state_machine - INFO - Runtime State Machine initialized at IDLE
2026-06-02 16:55:27,985 - runtime_ui.animation_engine - INFO - Animation engine initialized
2026-06-02 16:55:27,985 - runtime_ui.overlay_manager - INFO - Overlay Manager initialized
2026-06-02 16:55:27,987 - runtime_ui.tray_manager - INFO - Tray Manager (UI) initialized
2026-06-02 16:55:27,988 - runtime_ui.status_controller - INFO - Status Controller initialized
2026-06-02 16:55:27,988 - runtime_ui.presence_manager - INFO - Presence Manager initialized
2026-06-02 16:55:27,989 - runtime_ui.ui_theme_manager - INFO - UI Theme Manager initialized with theme: cinematic_blue
2026-06-02 16:55:27,989 - runtime_ui.state_visualizer - INFO - State Visualizer initialized
2026-06-02 16:55:27,989 - runtime_ui.notification_manager - INFO - Notification Manager initialized
2026-06-02 16:55:27,990 - runtime_ui.overlay_renderer - INFO - Overlay Renderer initialized
2026-06-02 16:55:28,016 - runtime_ui.tray_manager - INFO - Initializing tray manager
2026-06-02 16:55:28,052 - runtime_ui.overlay_manager - INFO - Initializing overlay manager
2026-06-02 16:55:28,052 - runtime_ui.presence_manager - INFO - Initializing presence manager
2026-06-02 16:55:28,053 - runtime_ui.tray_manager - INFO - Tray manager started
2026-06-02 16:55:28,054 - runtime_ui.overlay_manager - INFO - Creating AIIndicator instance
2026-06-02 16:55:28,074 - runtime_ui.ai_indicator - INFO - TEMP TEST AI Indicator initialized - BRIGHT RED!
2026-06-02 16:55:28,075 - runtime_ui.overlay_manager - INFO - AIIndicator created
2026-06-02 16:55:28,075 - runtime_ui.overlay_manager - INFO - Showing indicator and raising
2026-06-02 16:55:28,075 - runtime_ui.ai_indicator - INFO - TEMP: SHOW CALLED! MAKING OVERLAY VISIBLE NOW!
2026-06-02 16:55:30,904 - runtime_core.lifecycle_manager - INFO - Lifecycle Manager initialized
2026-06-02 16:55:30,918 - runtime_ui.ai_indicator - INFO - TEMP: Overlay visible status: True, pos: PyQt6.QtCore.QPoint(100, 100)
2026-06-02 16:55:30,918 - runtime_core.persistent_runtime - INFO - Persistent Runtime initialized
2026-06-02 16:55:30,919 - runtime_ui.overlay_manager - INFO - TEMP: NOT MOVING OVERLAY - keeping at PyQt6.QtCore.QPoint(100, 100)
2026-06-02 16:55:30,920 - runtime_ui.ai_indicator - INFO - TEMP: fade_in called - SKIPPED! (Force showing immediately!)
2026-06-02 16:55:30,920 - runtime_ui.ai_indicator - INFO - TEMP: SHOW CALLED! MAKING OVERLAY VISIBLE NOW!
2026-06-02 16:55:30,921 - runtime_ui.ai_indicator - INFO - TEMP: Overlay visible status: True, pos: PyQt6.QtCore.QPoint(100, 100)
2026-06-02 16:55:30,921 - runtime_core.lifecycle_manager - INFO - ======================================================================
2026-06-02 16:55:30,921 - runtime_ui.ai_indicator - INFO - TEMP: Setting status to IDLE
2026-06-02 16:55:30,922 - runtime_core.lifecycle_manager - INFO - JARVIS AI Operating System - Boot Sequence Starting
2026-06-02 16:55:30,922 - runtime_ui.overlay_manager - INFO - Overlay updated -> AI Personal A.I Active
2026-06-02 16:55:30,922 - runtime_core.lifecycle_manager - INFO - ======================================================================
2026-06-02 16:55:30,922 - runtime_ui.overlay_manager - INFO - TEMP: Watchdog disabled for testing!
2026-06-02 16:55:30,923 - runtime_core.lifecycle_manager - INFO - Initializing core subsystems...
2026-06-02 16:55:30,925 - runtime_ui.overlay_manager - INFO - Overlay started completely
2026-06-02 16:55:30,925 - runtime_core.lifecycle_manager - INFO - ======================================================================
2026-06-02 16:55:30,928 - runtime_core.lifecycle_manager - INFO - JARVIS AI Operating System - Boot Complete
2026-06-02 16:55:30,928 - runtime_core.lifecycle_manager - INFO - ======================================================================
2026-06-02 16:55:30,928 - runtime_core.persistent_runtime - INFO - Starting infinite runtime loop...
2026-06-02 16:55:30,942 - voice.voice_profile_manager - INFO - Loaded 4 voice profiles
2026-06-02 16:55:30,947 - voice.text_to_speech - INFO - Loading voice profile: jarvis_classic
2026-06-02 16:55:30,954 - voice.tts_engines.piper_engine - INFO - Initializing Piper TTS engine...
2026-06-02 16:55:31,206 - voice.tts_engines.piper_engine - ERROR - Piper TTS dependencies not installed: No module named 'piper.download'
2026-06-02 16:55:31,207 - voice.tts_engines.piper_engine - WARNING - To install Piper: pip install piper-tts sounddevice numpy
2026-06-02 16:55:31,207 - voice.tts_engines.engine_selector - WARNING - Failed to initialize piper, falling back...
2026-06-02 16:55:31,207 - voice.tts_engines.piper_engine - INFO - Initializing Piper TTS engine...
2026-06-02 16:55:31,207 - voice.tts_engines.piper_engine - ERROR - Piper TTS dependencies not installed: No module named 'piper.download'
2026-06-02 16:55:31,207 - voice.tts_engines.piper_engine - WARNING - To install Piper: pip install piper-tts sounddevice numpy
2026-06-02 16:55:31,210 - voice.tts_engines.pyttsx3_engine - INFO - Initializing pyttsx3 TTS engine...
2026-06-02 16:55:31,251 - comtypes.client._code_cache - INFO - Imported existing <module 'comtypes.gen' from 'C:\\Users\\jashw\\AppData\\Local\\Packages\\PythonSoftwareFoundation.Python.3.12_qbz5n2kfra8p0\\LocalCache\\local-packages\\Python312\\site-packages\\comtypes\\gen\\__init__.py'>
2026-06-02 16:55:31,251 - comtypes.client._code_cache - INFO - Using writeable comtypes cache directory: 'C:\Users\jashw\AppData\Local\Packages\PythonSoftwareFoundation.Python.3.12_qbz5n2kfra8p0\LocalCache\local-packages\Python312\site-packages\comtypes\gen'
2026-06-02 16:55:31,435 - voice.tts_engines.pyttsx3_engine - INFO - Set initial TTS speed to 150 WPM
2026-06-02 16:55:31,454 - voice.tts_engines.pyttsx3_engine - INFO - Available voices: 2 found
2026-06-02 16:55:31,454 - voice.tts_engines.pyttsx3_engine - INFO -   Voice 0: Microsoft David Desktop - English (United States)
2026-06-02 16:55:31,454 - voice.tts_engines.pyttsx3_engine - INFO - Found target voice: Microsoft David Desktop - English (United States)
2026-06-02 16:55:31,454 - voice.tts_engines.pyttsx3_engine - INFO - pyttsx3 TTS initialized successfully!
2026-06-02 16:55:31,454 - voice.tts_engines.engine_selector - INFO - Using TTS engine: pyttsx3
2026-06-02 16:55:31,455 - voice.tts_engines.pyttsx3_engine - INFO - Set TTS speed to 150 WPM (scale: 1.0)
2026-06-02 16:55:31,470 - voice.voice_memory - INFO - Loaded 26 voice interactions
2026-06-02 16:55:31,494 - voice.audio_router - INFO - Found 2 input devices, 2 output devices
2026-06-02 16:55:31,510 - runtime.runtime_manager - INFO - Initializing JARVIS runtime system
2026-06-02 16:55:31,510 - runtime.hotkey_manager - INFO - Initializing hotkey manager
2026-06-02 16:55:31,516 - runtime.idle_controller - INFO - Initializing idle controller
2026-06-02 16:55:31,517 - runtime.wake_listener - INFO - Initializing wake listener
2026-06-02 16:55:31,517 - runtime.runtime_manager - INFO - Runtime manager initialized successfully
2026-06-02 16:55:31,517 - runtime.hotkey_manager - INFO - Initializing hotkey manager
2026-06-02 16:55:31,517 - runtime.wake_listener - INFO - Wake listener started (active)
2026-06-02 16:55:31,518 - runtime.runtime_manager - INFO - Starting JARVIS runtime service
2026-06-02 16:55:31,518 - runtime.background_service - INFO - Starting background service
2026-06-02 16:55:31,519 - runtime.background_service - INFO - Entering idle loop
2026-06-02 16:55:31,636 - runtime.hotkey_manager - INFO - Hotkey listener started (CTRL+P registered)
2026-06-02 16:55:31,928 - __main__ - INFO - Playing startup greeting (in main thread)
2026-06-02 16:55:31,928 - voice.text_to_speech - INFO - Speaking: JARVIS online! All systems initialized and ready!
2026-06-02 16:56:12,888 - __main__ - INFO - ======================================================================
2026-06-02 16:56:12,889 - __main__ - INFO - JARVIS AI Operating System - Persistent Runtime Starting
2026-06-02 16:56:12,889 - __main__ - INFO - ======================================================================
2026-06-02 16:56:12,922 - runtime_core.event_bus - INFO - Event Bus initialized
2026-06-02 16:56:12,922 - runtime_core.runtime_state_machine - INFO - Runtime State Machine initialized at IDLE
2026-06-02 16:56:12,930 - runtime_ui.animation_engine - INFO - Animation engine initialized
2026-06-02 16:56:12,930 - runtime_ui.overlay_manager - INFO - Overlay Manager initialized
2026-06-02 16:56:12,930 - runtime_ui.tray_manager - INFO - Tray Manager (UI) initialized
2026-06-02 16:56:12,932 - runtime_ui.status_controller - INFO - Status Controller initialized
2026-06-02 16:56:12,932 - runtime_ui.presence_manager - INFO - Presence Manager initialized
2026-06-02 16:56:12,934 - runtime_ui.ui_theme_manager - INFO - UI Theme Manager initialized with theme: cinematic_blue
2026-06-02 16:56:12,935 - runtime_ui.state_visualizer - INFO - State Visualizer initialized
2026-06-02 16:56:12,935 - runtime_ui.notification_manager - INFO - Notification Manager initialized
2026-06-02 16:56:12,936 - runtime_ui.overlay_renderer - INFO - Overlay Renderer initialized
2026-06-02 16:56:12,960 - runtime_ui.tray_manager - INFO - Initializing tray manager
2026-06-02 16:56:12,997 - runtime_ui.overlay_manager - INFO - Initializing overlay manager
2026-06-02 16:56:12,997 - runtime_ui.presence_manager - INFO - Initializing presence manager
2026-06-02 16:56:12,999 - runtime_ui.tray_manager - INFO - Tray manager started
2026-06-02 16:56:13,001 - runtime_ui.overlay_manager - INFO - Creating AIIndicator instance
2026-06-02 16:56:13,019 - runtime_ui.ai_indicator - INFO - TEMP TEST AI Indicator initialized - BRIGHT RED!
2026-06-02 16:56:13,019 - runtime_ui.overlay_manager - INFO - AIIndicator created
2026-06-02 16:56:13,020 - runtime_ui.overlay_manager - INFO - Showing indicator and raising
2026-06-02 16:56:13,020 - runtime_ui.ai_indicator - INFO - TEMP: SHOW CALLED! MAKING OVERLAY VISIBLE NOW!
2026-06-02 16:56:15,448 - runtime_ui.ai_indicator - INFO - TEMP: Overlay visible status: True, pos: PyQt6.QtCore.QPoint(100, 100)
2026-06-02 16:56:15,449 - runtime_core.lifecycle_manager - INFO - Lifecycle Manager initialized
2026-06-02 16:56:15,450 - runtime_ui.overlay_manager - INFO - TEMP: NOT MOVING OVERLAY - keeping at PyQt6.QtCore.QPoint(100, 100)
2026-06-02 16:56:15,451 - runtime_core.persistent_runtime - INFO - Persistent Runtime initialized
2026-06-02 16:56:15,451 - runtime_ui.ai_indicator - INFO - TEMP: fade_in called - SKIPPED! (Force showing immediately!)
2026-06-02 16:56:15,453 - runtime_core.lifecycle_manager - INFO - ======================================================================
2026-06-02 16:56:15,453 - runtime_ui.ai_indicator - INFO - TEMP: SHOW CALLED! MAKING OVERLAY VISIBLE NOW!
2026-06-02 16:56:15,454 - runtime_core.lifecycle_manager - INFO - JARVIS AI Operating System - Boot Sequence Starting
2026-06-02 16:56:15,456 - runtime_ui.ai_indicator - INFO - TEMP: Overlay visible status: True, pos: PyQt6.QtCore.QPoint(100, 100)
2026-06-02 16:56:15,456 - runtime_core.lifecycle_manager - INFO - ======================================================================
2026-06-02 16:56:15,457 - runtime_ui.ai_indicator - INFO - TEMP: Setting status to IDLE
2026-06-02 16:56:15,458 - runtime_core.lifecycle_manager - INFO - Initializing core subsystems...
2026-06-02 16:56:15,459 - runtime_ui.overlay_manager - INFO - Overlay updated -> AI Personal A.I Active
2026-06-02 16:56:15,460 - runtime_core.lifecycle_manager - INFO - ======================================================================
2026-06-02 16:56:15,460 - runtime_ui.overlay_manager - INFO - TEMP: Watchdog disabled for testing!
2026-06-02 16:56:15,460 - runtime_core.lifecycle_manager - INFO - JARVIS AI Operating System - Boot Complete
2026-06-02 16:56:15,460 - runtime_ui.overlay_manager - INFO - Overlay started completely
2026-06-02 16:56:15,460 - runtime_core.lifecycle_manager - INFO - ======================================================================
2026-06-02 16:56:15,461 - runtime_core.persistent_runtime - INFO - Starting infinite runtime loop...
2026-06-02 16:56:15,472 - voice.voice_profile_manager - INFO - Loaded 4 voice profiles
2026-06-02 16:56:15,479 - voice.text_to_speech - INFO - Loading voice profile: jarvis_classic
2026-06-02 16:56:15,479 - voice.tts_engines.piper_engine - INFO - Initializing Piper TTS engine...
2026-06-02 16:56:15,715 - voice.tts_engines.piper_engine - ERROR - Piper TTS dependencies not installed: No module named 'piper.download'
2026-06-02 16:56:15,715 - voice.tts_engines.piper_engine - WARNING - To install Piper: pip install piper-tts sounddevice numpy
2026-06-02 16:56:15,715 - voice.tts_engines.engine_selector - WARNING - Failed to initialize piper, falling back...
2026-06-02 16:56:15,716 - voice.tts_engines.piper_engine - INFO - Initializing Piper TTS engine...
2026-06-02 16:56:15,716 - voice.tts_engines.piper_engine - ERROR - Piper TTS dependencies not installed: No module named 'piper.download'
2026-06-02 16:56:15,716 - voice.tts_engines.piper_engine - WARNING - To install Piper: pip install piper-tts sounddevice numpy
2026-06-02 16:56:15,718 - voice.tts_engines.pyttsx3_engine - INFO - Initializing pyttsx3 TTS engine...
2026-06-02 16:56:15,754 - comtypes.client._code_cache - INFO - Imported existing <module 'comtypes.gen' from 'C:\\Users\\jashw\\AppData\\Local\\Packages\\PythonSoftwareFoundation.Python.3.12_qbz5n2kfra8p0\\LocalCache\\local-packages\\Python312\\site-packages\\comtypes\\gen\\__init__.py'>
2026-06-02 16:56:15,754 - comtypes.client._code_cache - INFO - Using writeable comtypes cache directory: 'C:\Users\jashw\AppData\Local\Packages\PythonSoftwareFoundation.Python.3.12_qbz5n2kfra8p0\LocalCache\local-packages\Python312\site-packages\comtypes\gen'
2026-06-02 16:56:15,896 - voice.tts_engines.pyttsx3_engine - INFO - Set initial TTS speed to 150 WPM
2026-06-02 16:56:15,899 - voice.tts_engines.pyttsx3_engine - INFO - Available voices: 2 found
2026-06-02 16:56:15,899 - voice.tts_engines.pyttsx3_engine - INFO -   Voice 0: Microsoft David Desktop - English (United States)
2026-06-02 16:56:15,899 - voice.tts_engines.pyttsx3_engine - INFO - Found target voice: Microsoft David Desktop - English (United States)
2026-06-02 16:56:15,899 - voice.tts_engines.pyttsx3_engine - INFO - pyttsx3 TTS initialized successfully!
2026-06-02 16:56:15,899 - voice.tts_engines.engine_selector - INFO - Using TTS engine: pyttsx3
2026-06-02 16:56:15,899 - voice.tts_engines.pyttsx3_engine - INFO - Set TTS speed to 150 WPM (scale: 1.0)
2026-06-02 16:56:15,910 - voice.voice_memory - INFO - Loaded 26 voice interactions
2026-06-02 16:56:15,920 - voice.audio_router - INFO - Found 2 input devices, 2 output devices
2026-06-02 16:56:15,923 - runtime.runtime_manager - INFO - Initializing JARVIS runtime system
2026-06-02 16:56:15,923 - runtime.hotkey_manager - INFO - Initializing hotkey manager
2026-06-02 16:56:15,928 - runtime.idle_controller - INFO - Initializing idle controller
2026-06-02 16:56:15,928 - runtime.wake_listener - INFO - Initializing wake listener
2026-06-02 16:56:15,929 - runtime.runtime_manager - INFO - Runtime manager initialized successfully
2026-06-02 16:56:15,929 - runtime.hotkey_manager - INFO - Initializing hotkey manager
2026-06-02 16:56:15,930 - runtime.wake_listener - INFO - Wake listener started (active)
2026-06-02 16:56:15,930 - runtime.runtime_manager - INFO - Starting JARVIS runtime service
2026-06-02 16:56:15,930 - runtime.background_service - INFO - Starting background service
2026-06-02 16:56:15,930 - runtime.background_service - INFO - Entering idle loop
2026-06-02 16:56:16,024 - runtime.hotkey_manager - INFO - Hotkey listener started (CTRL+P registered)
2026-06-02 16:56:16,461 - __main__ - INFO - Playing startup greeting (in main thread) - using DIRECT pyttsx3!
2026-06-02 16:56:16,463 - __main__ - INFO - Calling engine.runAndWait()
2026-06-02 17:04:09,853 - __main__ - INFO - ======================================================================
2026-06-02 17:04:09,853 - __main__ - INFO - JARVIS AI Operating System - Persistent Runtime Starting
2026-06-02 17:04:09,853 - __main__ - INFO - ======================================================================
2026-06-02 17:04:09,908 - runtime_core.event_bus - INFO - Event Bus initialized
2026-06-02 17:04:09,908 - runtime_core.runtime_state_machine - INFO - Runtime State Machine initialized at IDLE
2026-06-02 17:04:09,921 - runtime_ui.animation_engine - INFO - Animation engine initialized
2026-06-02 17:04:09,921 - runtime_ui.overlay_manager - INFO - Overlay Manager initialized
2026-06-02 17:04:09,922 - runtime_ui.tray_manager - INFO - Tray Manager (UI) initialized
2026-06-02 17:04:09,925 - runtime_ui.status_controller - INFO - Status Controller initialized
2026-06-02 17:04:09,925 - runtime_ui.presence_manager - INFO - Presence Manager initialized
2026-06-02 17:04:09,926 - runtime_ui.ui_theme_manager - INFO - UI Theme Manager initialized with theme: cinematic_blue
2026-06-02 17:04:09,928 - runtime_ui.state_visualizer - INFO - State Visualizer initialized
2026-06-02 17:04:09,929 - runtime_ui.notification_manager - INFO - Notification Manager initialized
2026-06-02 17:04:09,930 - runtime_ui.overlay_renderer - INFO - Overlay Renderer initialized
2026-06-02 17:04:09,963 - runtime_ui.tray_manager - INFO - Initializing tray manager
2026-06-02 17:04:10,028 - runtime_ui.overlay_manager - INFO - Initializing overlay manager
2026-06-02 17:04:10,028 - runtime_ui.presence_manager - INFO - Initializing presence manager
2026-06-02 17:04:10,029 - runtime_ui.tray_manager - INFO - Tray manager started
2026-06-02 17:04:10,030 - runtime_ui.overlay_manager - INFO - Creating AIIndicator instance
2026-06-02 17:04:10,045 - runtime_ui.ai_indicator - INFO - TEMP TEST AI Indicator initialized - BRIGHT RED!
2026-06-02 17:04:10,045 - runtime_ui.overlay_manager - INFO - AIIndicator created
2026-06-02 17:04:10,045 - runtime_ui.overlay_manager - INFO - Showing indicator and raising
2026-06-02 17:04:10,045 - runtime_ui.ai_indicator - INFO - TEMP: SHOW CALLED! MAKING OVERLAY VISIBLE NOW!
2026-06-02 17:04:16,066 - runtime_ui.ai_indicator - INFO - TEMP: Overlay visible status: True, pos: PyQt6.QtCore.QPoint(100, 100)
2026-06-02 17:04:16,067 - runtime_ui.overlay_manager - INFO - TEMP: NOT MOVING OVERLAY - keeping at PyQt6.QtCore.QPoint(100, 100)
2026-06-02 17:04:16,067 - runtime_ui.ai_indicator - INFO - TEMP: fade_in called - SKIPPED! (Force showing immediately!)
2026-06-02 17:04:16,067 - runtime_ui.ai_indicator - INFO - TEMP: SHOW CALLED! MAKING OVERLAY VISIBLE NOW!
2026-06-02 17:04:16,069 - runtime_ui.ai_indicator - INFO - TEMP: Overlay visible status: True, pos: PyQt6.QtCore.QPoint(100, 100)
2026-06-02 17:04:16,069 - runtime_ui.ai_indicator - INFO - TEMP: Setting status to IDLE
2026-06-02 17:04:16,070 - runtime_ui.overlay_manager - INFO - Overlay updated -> AI Personal A.I Active
2026-06-02 17:04:16,072 - runtime_core.lifecycle_manager - INFO - Lifecycle Manager initialized
2026-06-02 17:04:16,072 - runtime_ui.overlay_manager - INFO - TEMP: Watchdog disabled for testing!
2026-06-02 17:04:16,073 - runtime_core.persistent_runtime - INFO - Persistent Runtime initialized
2026-06-02 17:04:16,073 - runtime_ui.overlay_manager - INFO - Overlay started completely
2026-06-02 17:04:16,073 - runtime_core.lifecycle_manager - INFO - ======================================================================
2026-06-02 17:04:16,073 - runtime_core.lifecycle_manager - INFO - JARVIS AI Operating System - Boot Sequence Starting
2026-06-02 17:04:16,074 - runtime_core.lifecycle_manager - INFO - ======================================================================
2026-06-02 17:04:16,074 - runtime_core.lifecycle_manager - INFO - Initializing core subsystems...
2026-06-02 17:04:16,074 - runtime_core.lifecycle_manager - INFO - ======================================================================
2026-06-02 17:04:16,074 - runtime_core.lifecycle_manager - INFO - JARVIS AI Operating System - Boot Complete
2026-06-02 17:04:16,074 - runtime_core.lifecycle_manager - INFO - ======================================================================
2026-06-02 17:04:16,074 - runtime_core.persistent_runtime - INFO - Starting infinite runtime loop...
2026-06-02 17:04:16,103 - voice.voice_profile_manager - INFO - Loaded 4 voice profiles
2026-06-02 17:04:16,111 - voice.text_to_speech - INFO - Loading voice profile: jarvis_classic
2026-06-02 17:04:16,111 - voice.tts_engines.piper_engine - INFO - Initializing Piper TTS engine...
2026-06-02 17:04:16,527 - voice.tts_engines.piper_engine - ERROR - Piper TTS dependencies not installed: No module named 'piper.download'
2026-06-02 17:04:16,527 - voice.tts_engines.piper_engine - WARNING - To install Piper: pip install piper-tts sounddevice numpy
2026-06-02 17:04:16,527 - voice.tts_engines.engine_selector - WARNING - Failed to initialize piper, falling back...
2026-06-02 17:04:16,527 - voice.tts_engines.piper_engine - INFO - Initializing Piper TTS engine...
2026-06-02 17:04:16,528 - voice.tts_engines.piper_engine - ERROR - Piper TTS dependencies not installed: No module named 'piper.download'
2026-06-02 17:04:16,528 - voice.tts_engines.piper_engine - WARNING - To install Piper: pip install piper-tts sounddevice numpy
2026-06-02 17:04:16,535 - voice.tts_engines.pyttsx3_engine - INFO - Initializing pyttsx3 TTS engine...
2026-06-02 17:04:16,626 - comtypes.client._code_cache - INFO - Imported existing <module 'comtypes.gen' from 'C:\\Users\\jashw\\AppData\\Local\\Packages\\PythonSoftwareFoundation.Python.3.12_qbz5n2kfra8p0\\LocalCache\\local-packages\\Python312\\site-packages\\comtypes\\gen\\__init__.py'>
2026-06-02 17:04:16,626 - comtypes.client._code_cache - INFO - Using writeable comtypes cache directory: 'C:\Users\jashw\AppData\Local\Packages\PythonSoftwareFoundation.Python.3.12_qbz5n2kfra8p0\LocalCache\local-packages\Python312\site-packages\comtypes\gen'
2026-06-02 17:04:16,785 - voice.tts_engines.pyttsx3_engine - INFO - Set initial TTS speed to 150 WPM
2026-06-02 17:04:16,787 - voice.tts_engines.pyttsx3_engine - INFO - Available voices: 2 found
2026-06-02 17:04:16,787 - voice.tts_engines.pyttsx3_engine - INFO -   Voice 0: Microsoft David Desktop - English (United States)
2026-06-02 17:04:16,787 - voice.tts_engines.pyttsx3_engine - INFO - Found target voice: Microsoft David Desktop - English (United States)
2026-06-02 17:04:16,787 - voice.tts_engines.pyttsx3_engine - INFO - pyttsx3 TTS initialized successfully!
2026-06-02 17:04:16,787 - voice.tts_engines.engine_selector - INFO - Using TTS engine: pyttsx3
2026-06-02 17:04:16,787 - voice.tts_engines.pyttsx3_engine - INFO - Set TTS speed to 150 WPM (scale: 1.0)
2026-06-02 17:04:16,810 - voice.voice_memory - INFO - Loaded 26 voice interactions
2026-06-02 17:04:16,830 - voice.audio_router - INFO - Found 2 input devices, 2 output devices
2026-06-02 17:04:16,831 - runtime.runtime_manager - INFO - Initializing JARVIS runtime system
2026-06-02 17:04:16,831 - runtime.hotkey_manager - INFO - Initializing hotkey manager
2026-06-02 17:04:16,840 - runtime.idle_controller - INFO - Initializing idle controller
2026-06-02 17:04:16,840 - runtime.wake_listener - INFO - Initializing wake listener
2026-06-02 17:04:16,840 - runtime.runtime_manager - INFO - Runtime manager initialized successfully
2026-06-02 17:04:16,840 - runtime.hotkey_manager - INFO - Initializing hotkey manager
2026-06-02 17:04:16,841 - runtime.wake_listener - INFO - Wake listener started (active)
2026-06-02 17:04:16,841 - runtime.runtime_manager - INFO - Starting JARVIS runtime service
2026-06-02 17:04:16,841 - runtime.background_service - INFO - Starting background service
2026-06-02 17:04:16,842 - runtime.background_service - INFO - Entering idle loop
2026-06-02 17:04:16,936 - runtime.hotkey_manager - INFO - Hotkey listener started (CTRL+P registered)
2026-06-02 17:04:17,074 - __main__ - INFO - Playing startup greeting (in main thread) - using DIRECT pyttsx3!
2026-06-02 17:04:17,076 - __main__ - INFO - Calling engine.runAndWait()
2026-06-02 17:04:59,930 - runtime.hotkey_manager - INFO - Hotkey CTRL+P pressed: toggling pause/resume
2026-06-02 17:04:59,930 - runtime_core.event_bus - INFO - Publishing event: PAUSE from hotkey
2026-06-02 17:04:59,930 - runtime_core.runtime_state_machine - INFO - State transition: IDLE → PAUSED
2026-06-02 17:04:59,937 - runtime_core.event_bus - INFO - Publishing event: STATE_CHANGE from state_machine
2026-06-02 17:08:55,146 - __main__ - INFO - ======================================================================
2026-06-02 17:08:55,146 - __main__ - INFO - JARVIS AI Operating System - Persistent Runtime Starting
2026-06-02 17:08:55,146 - __main__ - INFO - ======================================================================
2026-06-02 17:08:55,233 - runtime_core.event_bus - INFO - Event Bus initialized
2026-06-02 17:08:55,235 - runtime_core.runtime_state_machine - INFO - Runtime State Machine initialized at IDLE
2026-06-02 17:08:55,249 - runtime_ui.animation_engine - INFO - Animation engine initialized
2026-06-02 17:08:55,249 - runtime_ui.overlay_manager - INFO - Overlay Manager initialized
2026-06-02 17:08:55,269 - runtime_ui.tray_manager - INFO - Tray Manager (UI) initialized
2026-06-02 17:08:55,272 - runtime_ui.status_controller - INFO - Status Controller initialized
2026-06-02 17:08:55,273 - runtime_ui.presence_manager - INFO - Presence Manager initialized
2026-06-02 17:08:55,275 - runtime_ui.ui_theme_manager - INFO - UI Theme Manager initialized with theme: cinematic_blue
2026-06-02 17:08:55,277 - runtime_ui.state_visualizer - INFO - State Visualizer initialized
2026-06-02 17:08:55,280 - runtime_ui.notification_manager - INFO - Notification Manager initialized
2026-06-02 17:08:55,281 - runtime_ui.overlay_renderer - INFO - Overlay Renderer initialized
2026-06-02 17:08:55,315 - runtime_ui.tray_manager - INFO - Initializing tray manager
2026-06-02 17:08:55,401 - runtime_ui.overlay_manager - INFO - Initializing overlay manager
2026-06-02 17:08:55,401 - runtime_ui.presence_manager - INFO - Initializing presence manager
2026-06-02 17:08:55,402 - runtime_ui.tray_manager - INFO - Tray manager started
2026-06-02 17:08:55,405 - runtime_ui.overlay_manager - INFO - Creating AIIndicator instance
2026-06-02 17:08:55,429 - runtime_ui.ai_indicator - INFO - Glassmorphism AI Indicator initialized
2026-06-02 17:08:55,429 - runtime_ui.overlay_manager - INFO - AIIndicator created
2026-06-02 17:08:55,429 - runtime_ui.ai_indicator - INFO - Setting status to RuntimeState.IDLE
2026-06-02 17:08:55,429 - runtime_ui.overlay_manager - INFO - Overlay updated to IDLE
2026-06-02 17:08:56,296 - runtime_ui.overlay_manager - INFO - Overlay watchdog started
2026-06-02 17:08:56,296 - runtime_ui.overlay_manager - INFO - Overlay started completely
2026-06-02 17:08:56,305 - runtime_core.lifecycle_manager - INFO - Lifecycle Manager initialized
2026-06-02 17:08:56,306 - runtime_core.persistent_runtime - INFO - Persistent Runtime initialized
2026-06-02 17:08:56,306 - runtime_core.lifecycle_manager - INFO - ======================================================================
2026-06-02 17:08:56,306 - runtime_core.lifecycle_manager - INFO - JARVIS AI Operating System - Boot Sequence Starting
2026-06-02 17:08:56,306 - runtime_core.lifecycle_manager - INFO - ======================================================================
2026-06-02 17:08:56,306 - runtime_core.lifecycle_manager - INFO - Initializing core subsystems...
2026-06-02 17:08:56,307 - runtime_core.lifecycle_manager - INFO - ======================================================================
2026-06-02 17:08:56,307 - runtime_core.lifecycle_manager - INFO - JARVIS AI Operating System - Boot Complete
2026-06-02 17:08:56,307 - runtime_core.lifecycle_manager - INFO - ======================================================================
2026-06-02 17:08:56,307 - runtime_core.persistent_runtime - INFO - Starting infinite runtime loop...
2026-06-02 17:08:56,337 - voice.voice_profile_manager - INFO - Loaded 4 voice profiles
2026-06-02 17:08:56,349 - voice.text_to_speech - INFO - Loading voice profile: jarvis_classic
2026-06-02 17:08:56,349 - voice.tts_engines.piper_engine - INFO - Initializing Piper TTS engine...
2026-06-02 17:08:56,824 - voice.tts_engines.piper_engine - ERROR - Piper TTS dependencies not installed: No module named 'piper.download'
2026-06-02 17:08:56,824 - voice.tts_engines.piper_engine - WARNING - To install Piper: pip install piper-tts sounddevice numpy
2026-06-02 17:08:56,824 - voice.tts_engines.engine_selector - WARNING - Failed to initialize piper, falling back...
2026-06-02 17:08:56,824 - voice.tts_engines.piper_engine - INFO - Initializing Piper TTS engine...
2026-06-02 17:08:56,825 - voice.tts_engines.piper_engine - ERROR - Piper TTS dependencies not installed: No module named 'piper.download'
2026-06-02 17:08:56,825 - voice.tts_engines.piper_engine - WARNING - To install Piper: pip install piper-tts sounddevice numpy
2026-06-02 17:08:56,831 - voice.tts_engines.pyttsx3_engine - INFO - Initializing pyttsx3 TTS engine...
2026-06-02 17:08:56,928 - comtypes.client._code_cache - INFO - Imported existing <module 'comtypes.gen' from 'C:\\Users\\jashw\\AppData\\Local\\Packages\\PythonSoftwareFoundation.Python.3.12_qbz5n2kfra8p0\\LocalCache\\local-packages\\Python312\\site-packages\\comtypes\\gen\\__init__.py'>
2026-06-02 17:08:56,928 - comtypes.client._code_cache - INFO - Using writeable comtypes cache directory: 'C:\Users\jashw\AppData\Local\Packages\PythonSoftwareFoundation.Python.3.12_qbz5n2kfra8p0\LocalCache\local-packages\Python312\site-packages\comtypes\gen'
2026-06-02 17:08:57,296 - __main__ - INFO - Playing startup greeting (in main thread) - using DIRECT pyttsx3!
2026-06-02 17:08:57,497 - __main__ - INFO - Calling engine.runAndWait()
2026-06-02 17:08:57,522 - voice.tts_engines.pyttsx3_engine - INFO - Set initial TTS speed to 150 WPM
2026-06-02 17:08:57,525 - voice.tts_engines.pyttsx3_engine - INFO - Available voices: 2 found
2026-06-02 17:08:57,525 - voice.tts_engines.pyttsx3_engine - INFO -   Voice 0: Microsoft David Desktop - English (United States)
2026-06-02 17:08:57,525 - voice.tts_engines.pyttsx3_engine - INFO - Found target voice: Microsoft David Desktop - English (United States)
2026-06-02 17:08:57,525 - voice.tts_engines.pyttsx3_engine - INFO - pyttsx3 TTS initialized successfully!
2026-06-02 17:08:57,525 - voice.tts_engines.engine_selector - INFO - Using TTS engine: pyttsx3
2026-06-02 17:08:57,525 - voice.tts_engines.pyttsx3_engine - INFO - Set TTS speed to 150 WPM (scale: 1.0)
2026-06-02 17:08:57,561 - voice.voice_memory - INFO - Loaded 26 voice interactions
2026-06-02 17:08:57,602 - voice.audio_router - INFO - Found 2 input devices, 2 output devices
2026-06-02 17:08:57,603 - runtime.runtime_manager - INFO - Initializing JARVIS runtime system
2026-06-02 17:08:57,603 - runtime.hotkey_manager - INFO - Initializing hotkey manager
2026-06-02 17:08:57,618 - runtime.idle_controller - INFO - Initializing idle controller
2026-06-02 17:08:57,618 - runtime.wake_listener - INFO - Initializing wake listener
2026-06-02 17:08:57,618 - runtime.runtime_manager - INFO - Runtime manager initialized successfully
2026-06-02 17:08:57,618 - runtime.hotkey_manager - INFO - Initializing hotkey manager
2026-06-02 17:08:57,622 - runtime.wake_listener - INFO - Wake listener started (active)
2026-06-02 17:08:57,622 - runtime.runtime_manager - INFO - Starting JARVIS runtime service
2026-06-02 17:08:57,622 - runtime.background_service - INFO - Starting background service
2026-06-02 17:08:57,625 - runtime.background_service - INFO - Entering idle loop
2026-06-02 17:08:57,741 - runtime.hotkey_manager - INFO - Hotkey listener started (CTRL+P registered)
2026-06-02 17:09:02,587 - __main__ - INFO - TTS FINISHED SPEAKING (SUCCESS!)
2026-06-02 17:21:02,078 - __main__ - INFO - ======================================================================
2026-06-02 17:21:02,078 - __main__ - INFO - JARVIS AI Operating System - Persistent Runtime Starting
2026-06-02 17:21:02,078 - __main__ - INFO - ======================================================================
2026-06-02 17:21:02,168 - runtime_core.event_bus - INFO - Event Bus initialized
2026-06-02 17:21:02,169 - runtime_core.runtime_state_machine - INFO - Runtime State Machine initialized at IDLE
2026-06-02 17:21:02,171 - runtime_ui.animation_engine - INFO - Animation engine initialized
2026-06-02 17:21:02,171 - runtime_ui.overlay_manager - INFO - Overlay Manager initialized
2026-06-02 17:21:02,195 - runtime_ui.tray_manager - INFO - Tray Manager (UI) initialized
2026-06-02 17:21:02,199 - runtime_ui.status_controller - INFO - Status Controller initialized
2026-06-02 17:21:02,199 - runtime_ui.presence_manager - INFO - Presence Manager initialized
2026-06-02 17:21:02,203 - runtime_ui.ui_theme_manager - INFO - UI Theme Manager initialized with theme: cinematic_blue
2026-06-02 17:21:02,204 - runtime_ui.state_visualizer - INFO - State Visualizer initialized
2026-06-02 17:21:02,205 - runtime_ui.notification_manager - INFO - Notification Manager initialized
2026-06-02 17:21:02,208 - runtime_ui.overlay_renderer - INFO - Overlay Renderer initialized
2026-06-02 17:21:02,241 - runtime_ui.tray_manager - INFO - Initializing tray manager
2026-06-02 17:21:02,346 - runtime_ui.overlay_manager - INFO - Initializing overlay manager
2026-06-02 17:21:02,346 - runtime_ui.presence_manager - INFO - Initializing presence manager
2026-06-02 17:21:02,373 - runtime_ui.tray_manager - INFO - Tray manager started
2026-06-02 17:21:02,374 - runtime_ui.overlay_manager - INFO - Creating AIIndicator instance
2026-06-02 17:21:02,393 - runtime_ui.ai_indicator - INFO - Glassmorphism AI Indicator initialized
2026-06-02 17:21:02,393 - runtime_ui.overlay_manager - INFO - AIIndicator created
2026-06-02 17:21:02,394 - runtime_ui.ai_indicator - INFO - Setting status to RuntimeState.IDLE
2026-06-02 17:21:02,394 - runtime_ui.overlay_manager - INFO - Overlay updated to IDLE
2026-06-02 17:21:08,381 - runtime_ui.overlay_manager - INFO - Overlay watchdog started
2026-06-02 17:21:08,381 - runtime_ui.overlay_manager - INFO - Overlay started completely
2026-06-02 17:21:08,389 - runtime_core.lifecycle_manager - INFO - Lifecycle Manager initialized
2026-06-02 17:21:08,390 - runtime_core.persistent_runtime - INFO - Persistent Runtime initialized
2026-06-02 17:21:08,391 - runtime_core.lifecycle_manager - INFO - ======================================================================
2026-06-02 17:21:08,391 - runtime_core.lifecycle_manager - INFO - JARVIS AI Operating System - Boot Sequence Starting
2026-06-02 17:21:08,391 - runtime_core.lifecycle_manager - INFO - ======================================================================
2026-06-02 17:21:08,391 - runtime_core.lifecycle_manager - INFO - Initializing core subsystems...
2026-06-02 17:21:08,391 - runtime_core.lifecycle_manager - INFO - ======================================================================
2026-06-02 17:21:08,391 - runtime_core.lifecycle_manager - INFO - JARVIS AI Operating System - Boot Complete
2026-06-02 17:21:08,391 - runtime_core.lifecycle_manager - INFO - ======================================================================
2026-06-02 17:21:08,392 - runtime_core.persistent_runtime - INFO - Starting infinite runtime loop...
2026-06-02 17:21:08,415 - voice.voice_profile_manager - INFO - Loaded 4 voice profiles
2026-06-02 17:21:08,424 - voice.text_to_speech - INFO - Loading voice profile: jarvis_classic
2026-06-02 17:21:08,425 - voice.tts_engines.piper_engine - INFO - Initializing Piper TTS engine...
2026-06-02 17:21:08,834 - voice.tts_engines.piper_engine - ERROR - Piper TTS dependencies not installed: No module named 'piper.download'
2026-06-02 17:21:08,834 - voice.tts_engines.piper_engine - WARNING - To install Piper: pip install piper-tts sounddevice numpy
2026-06-02 17:21:08,834 - voice.tts_engines.engine_selector - WARNING - Failed to initialize piper, falling back...
2026-06-02 17:21:08,834 - voice.tts_engines.piper_engine - INFO - Initializing Piper TTS engine...
2026-06-02 17:21:08,835 - voice.tts_engines.piper_engine - ERROR - Piper TTS dependencies not installed: No module named 'piper.download'
2026-06-02 17:21:08,835 - voice.tts_engines.piper_engine - WARNING - To install Piper: pip install piper-tts sounddevice numpy
2026-06-02 17:21:08,840 - voice.tts_engines.pyttsx3_engine - INFO - Initializing pyttsx3 TTS engine...
2026-06-02 17:21:08,926 - comtypes.client._code_cache - INFO - Imported existing <module 'comtypes.gen' from 'C:\\Users\\jashw\\AppData\\Local\\Packages\\PythonSoftwareFoundation.Python.3.12_qbz5n2kfra8p0\\LocalCache\\local-packages\\Python312\\site-packages\\comtypes\\gen\\__init__.py'>
2026-06-02 17:21:08,926 - comtypes.client._code_cache - INFO - Using writeable comtypes cache directory: 'C:\Users\jashw\AppData\Local\Packages\PythonSoftwareFoundation.Python.3.12_qbz5n2kfra8p0\LocalCache\local-packages\Python312\site-packages\comtypes\gen'
2026-06-02 17:21:09,091 - voice.tts_engines.pyttsx3_engine - INFO - Set initial TTS speed to 150 WPM
2026-06-02 17:21:09,094 - voice.tts_engines.pyttsx3_engine - INFO - Available voices: 2 found
2026-06-02 17:21:09,094 - voice.tts_engines.pyttsx3_engine - INFO -   Voice 0: Microsoft David Desktop - English (United States)
2026-06-02 17:21:09,094 - voice.tts_engines.pyttsx3_engine - INFO - Found target voice: Microsoft David Desktop - English (United States)
2026-06-02 17:21:09,094 - voice.tts_engines.pyttsx3_engine - INFO - pyttsx3 TTS initialized successfully!
2026-06-02 17:21:09,094 - voice.tts_engines.engine_selector - INFO - Using TTS engine: pyttsx3
2026-06-02 17:21:09,094 - voice.tts_engines.pyttsx3_engine - INFO - Set TTS speed to 150 WPM (scale: 1.0)
2026-06-02 17:21:09,117 - voice.voice_memory - INFO - Loaded 26 voice interactions
2026-06-02 17:21:09,141 - voice.audio_router - INFO - Found 2 input devices, 2 output devices
2026-06-02 17:21:09,142 - runtime.runtime_manager - INFO - Initializing JARVIS runtime system
2026-06-02 17:21:09,142 - runtime.hotkey_manager - INFO - Initializing hotkey manager
2026-06-02 17:21:09,153 - runtime.idle_controller - INFO - Initializing idle controller
2026-06-02 17:21:09,153 - runtime.wake_listener - INFO - Initializing wake listener
2026-06-02 17:21:09,382 - __main__ - INFO - Playing startup greeting (in main thread) - using DIRECT pyttsx3!
2026-06-02 17:21:09,384 - __main__ - INFO - Calling engine.runAndWait()
2026-06-02 17:21:09,516 - runtime.wake_listener - INFO - Speech recognition and microphone initialized successfully
2026-06-02 17:21:09,516 - runtime.runtime_manager - INFO - Runtime manager initialized successfully
2026-06-02 17:21:09,516 - runtime.hotkey_manager - INFO - Initializing hotkey manager
2026-06-02 17:21:09,517 - runtime.wake_listener - INFO - Wake listener started (active)
2026-06-02 17:21:09,518 - runtime.runtime_manager - INFO - Starting JARVIS runtime service
2026-06-02 17:21:09,518 - runtime.background_service - INFO - Starting background service
2026-06-02 17:21:09,518 - runtime.background_service - INFO - Entering idle loop
2026-06-02 17:21:09,630 - runtime.hotkey_manager - INFO - Hotkey listener started (CTRL+P registered)
2026-06-02 17:24:58,895 - __main__ - INFO - ======================================================================
2026-06-02 17:24:58,895 - __main__ - INFO - JARVIS AI Operating System - Persistent Runtime Starting
2026-06-02 17:24:58,895 - __main__ - INFO - ======================================================================
2026-06-02 17:24:58,959 - runtime_core.event_bus - INFO - Event Bus initialized
2026-06-02 17:24:58,960 - runtime_core.runtime_state_machine - INFO - Runtime State Machine initialized at IDLE
2026-06-02 17:24:58,962 - runtime_ui.animation_engine - INFO - Animation engine initialized
2026-06-02 17:24:58,962 - runtime_ui.overlay_manager - INFO - Overlay Manager initialized
2026-06-02 17:24:58,988 - runtime_ui.tray_manager - INFO - Tray Manager (UI) initialized
2026-06-02 17:24:58,991 - runtime_ui.status_controller - INFO - Status Controller initialized
2026-06-02 17:24:58,992 - runtime_ui.presence_manager - INFO - Presence Manager initialized
2026-06-02 17:24:58,994 - runtime_ui.ui_theme_manager - INFO - UI Theme Manager initialized with theme: cinematic_blue
2026-06-02 17:24:58,994 - runtime_ui.state_visualizer - INFO - State Visualizer initialized
2026-06-02 17:24:58,996 - runtime_ui.notification_manager - INFO - Notification Manager initialized
2026-06-02 17:24:58,997 - runtime_ui.overlay_renderer - INFO - Overlay Renderer initialized
2026-06-02 17:24:59,036 - runtime_ui.tray_manager - INFO - Initializing tray manager
2026-06-02 17:24:59,159 - runtime_ui.tray_manager - DEBUG - Tray libraries imported successfully
2026-06-02 17:24:59,159 - runtime_ui.overlay_manager - INFO - Initializing overlay manager
2026-06-02 17:24:59,159 - runtime_core.event_bus - DEBUG - Subscribed to STATE_CHANGE
2026-06-02 17:24:59,159 - runtime_core.event_bus - DEBUG - Subscribed to PAUSE
2026-06-02 17:24:59,159 - runtime_core.event_bus - DEBUG - Subscribed to RESUME
2026-06-02 17:24:59,159 - runtime_core.event_bus - DEBUG - Subscribed to WAKE_WORD_DETECTED
2026-06-02 17:24:59,159 - runtime_core.event_bus - DEBUG - Subscribed to COMMAND_RECEIVED
2026-06-02 17:24:59,160 - runtime_core.event_bus - DEBUG - Subscribed to THINKING_STARTED
2026-06-02 17:24:59,160 - runtime_core.event_bus - DEBUG - Subscribed to EXECUTION_STARTED
2026-06-02 17:24:59,160 - runtime_core.event_bus - DEBUG - Subscribed to SPEAK_START
2026-06-02 17:24:59,160 - runtime_core.event_bus - DEBUG - Subscribed to SPEAK_END
2026-06-02 17:24:59,160 - runtime_ui.presence_manager - INFO - Initializing presence manager
2026-06-02 17:24:59,160 - runtime_ui.tray_manager - INFO - Tray manager started
2026-06-02 17:24:59,161 - asyncio - DEBUG - Using proactor: IocpProactor
2026-06-02 17:24:59,162 - runtime_ui.overlay_manager - INFO - Creating AIIndicator instance
2026-06-02 17:24:59,179 - runtime_ui.ai_indicator - INFO - Glassmorphism AI Indicator initialized
2026-06-02 17:24:59,180 - runtime_ui.overlay_manager - INFO - AIIndicator created
2026-06-02 17:24:59,180 - runtime_ui.animation_engine - DEBUG - Animation target widget set: <runtime_ui.ai_indicator.AIIndicator object at 0x000002160AFB68F0>
2026-06-02 17:24:59,180 - runtime_ui.ai_indicator - INFO - Setting status to RuntimeState.IDLE
2026-06-02 17:24:59,180 - runtime_ui.overlay_manager - INFO - Overlay updated to IDLE
2026-06-02 17:24:59,720 - runtime_ui.overlay_manager - INFO - Overlay watchdog started
2026-06-02 17:24:59,720 - runtime_core.lifecycle_manager - INFO - Lifecycle Manager initialized
2026-06-02 17:24:59,721 - runtime_ui.overlay_manager - INFO - Overlay started completely
2026-06-02 17:24:59,722 - runtime_core.persistent_runtime - INFO - Persistent Runtime initialized
2026-06-02 17:24:59,722 - runtime_core.lifecycle_manager - INFO - ======================================================================
2026-06-02 17:24:59,722 - runtime_core.lifecycle_manager - INFO - JARVIS AI Operating System - Boot Sequence Starting
2026-06-02 17:24:59,723 - runtime_core.lifecycle_manager - INFO - ======================================================================
2026-06-02 17:24:59,723 - runtime_core.lifecycle_manager - DEBUG - Setting up Windows signal handlers
2026-06-02 17:24:59,723 - runtime_core.lifecycle_manager - DEBUG - Signal handlers set up
2026-06-02 17:24:59,723 - runtime_core.event_bus - DEBUG - Subscribed to PAUSE
2026-06-02 17:24:59,723 - runtime_core.event_bus - DEBUG - Subscribed to RESUME
2026-06-02 17:24:59,724 - runtime_core.event_bus - DEBUG - Subscribed to SHUTDOWN
2026-06-02 17:24:59,724 - runtime_core.lifecycle_manager - INFO - Initializing core subsystems...
2026-06-02 17:24:59,732 - runtime_core.runtime_state_machine - DEBUG - Already in state IDLE
2026-06-02 17:24:59,732 - runtime_core.lifecycle_manager - INFO - ======================================================================
2026-06-02 17:24:59,732 - runtime_core.lifecycle_manager - INFO - JARVIS AI Operating System - Boot Complete
2026-06-02 17:24:59,732 - runtime_core.lifecycle_manager - INFO - ======================================================================
2026-06-02 17:24:59,732 - runtime_core.persistent_runtime - INFO - Starting infinite runtime loop...
2026-06-02 17:24:59,754 - voice.voice_profile_manager - INFO - Loaded 4 voice profiles
2026-06-02 17:24:59,765 - voice.text_to_speech - INFO - Loading voice profile: jarvis_classic
2026-06-02 17:24:59,765 - voice.tts_engines.piper_engine - INFO - Initializing Piper TTS engine...
2026-06-02 17:24:59,847 - PIL.Image - DEBUG - Importing BlpImagePlugin
2026-06-02 17:24:59,849 - PIL.Image - DEBUG - Importing BmpImagePlugin
2026-06-02 17:24:59,849 - PIL.Image - DEBUG - Importing BufrStubImagePlugin
2026-06-02 17:24:59,851 - PIL.Image - DEBUG - Importing CurImagePlugin
2026-06-02 17:24:59,851 - PIL.Image - DEBUG - Importing DcxImagePlugin
2026-06-02 17:24:59,855 - PIL.Image - DEBUG - Importing DdsImagePlugin
2026-06-02 17:24:59,860 - PIL.Image - DEBUG - Importing EpsImagePlugin
2026-06-02 17:24:59,862 - PIL.Image - DEBUG - Importing FitsImagePlugin
2026-06-02 17:24:59,868 - PIL.Image - DEBUG - Importing FliImagePlugin
2026-06-02 17:24:59,870 - PIL.Image - DEBUG - Importing FpxImagePlugin
2026-06-02 17:24:59,874 - PIL.Image - DEBUG - Image: failed to import FpxImagePlugin: No module named 'olefile'
2026-06-02 17:24:59,874 - PIL.Image - DEBUG - Importing FtexImagePlugin
2026-06-02 17:24:59,877 - PIL.Image - DEBUG - Importing GbrImagePlugin
2026-06-02 17:24:59,878 - PIL.Image - DEBUG - Importing GifImagePlugin
2026-06-02 17:24:59,879 - PIL.Image - DEBUG - Importing GribStubImagePlugin
2026-06-02 17:24:59,880 - PIL.Image - DEBUG - Importing Hdf5StubImagePlugin
2026-06-02 17:24:59,882 - PIL.Image - DEBUG - Importing IcnsImagePlugin
2026-06-02 17:24:59,889 - PIL.Image - DEBUG - Importing IcoImagePlugin
2026-06-02 17:24:59,891 - PIL.Image - DEBUG - Importing ImImagePlugin
2026-06-02 17:24:59,892 - PIL.Image - DEBUG - Importing ImtImagePlugin
2026-06-02 17:24:59,895 - PIL.Image - DEBUG - Importing IptcImagePlugin
2026-06-02 17:24:59,897 - PIL.Image - DEBUG - Importing JpegImagePlugin
2026-06-02 17:24:59,897 - PIL.Image - DEBUG - Importing Jpeg2KImagePlugin
2026-06-02 17:24:59,897 - PIL.Image - DEBUG - Importing McIdasImagePlugin
2026-06-02 17:24:59,901 - PIL.Image - DEBUG - Importing MicImagePlugin
2026-06-02 17:24:59,906 - PIL.Image - DEBUG - Image: failed to import MicImagePlugin: No module named 'olefile'
2026-06-02 17:24:59,906 - PIL.Image - DEBUG - Importing MpegImagePlugin
2026-06-02 17:24:59,909 - PIL.Image - DEBUG - Importing MpoImagePlugin
2026-06-02 17:24:59,933 - PIL.Image - DEBUG - Importing MspImagePlugin
2026-06-02 17:24:59,936 - PIL.Image - DEBUG - Importing PalmImagePlugin
2026-06-02 17:24:59,938 - PIL.Image - DEBUG - Importing PcdImagePlugin
2026-06-02 17:24:59,939 - PIL.Image - DEBUG - Importing PcxImagePlugin
2026-06-02 17:24:59,940 - PIL.Image - DEBUG - Importing PdfImagePlugin
2026-06-02 17:24:59,952 - PIL.Image - DEBUG - Importing PixarImagePlugin
2026-06-02 17:24:59,955 - PIL.Image - DEBUG - Importing PngImagePlugin
2026-06-02 17:24:59,955 - PIL.Image - DEBUG - Importing PpmImagePlugin
2026-06-02 17:24:59,955 - PIL.Image - DEBUG - Importing PsdImagePlugin
2026-06-02 17:24:59,958 - PIL.Image - DEBUG - Importing QoiImagePlugin
2026-06-02 17:24:59,959 - PIL.Image - DEBUG - Importing SgiImagePlugin
2026-06-02 17:24:59,960 - PIL.Image - DEBUG - Importing SpiderImagePlugin
2026-06-02 17:24:59,963 - PIL.Image - DEBUG - Importing SunImagePlugin
2026-06-02 17:24:59,964 - PIL.Image - DEBUG - Importing TgaImagePlugin
2026-06-02 17:24:59,966 - PIL.Image - DEBUG - Importing TiffImagePlugin
2026-06-02 17:24:59,966 - PIL.Image - DEBUG - Importing WebPImagePlugin
2026-06-02 17:24:59,973 - PIL.Image - DEBUG - Importing WmfImagePlugin
2026-06-02 17:24:59,975 - PIL.Image - DEBUG - Importing XbmImagePlugin
2026-06-02 17:24:59,977 - PIL.Image - DEBUG - Importing XpmImagePlugin
2026-06-02 17:24:59,979 - PIL.Image - DEBUG - Importing XVThumbImagePlugin
2026-06-02 17:25:00,171 - voice.tts_engines.piper_engine - ERROR - Piper TTS dependencies not installed: No module named 'piper.download'
2026-06-02 17:25:00,171 - voice.tts_engines.piper_engine - WARNING - To install Piper: pip install piper-tts sounddevice numpy
2026-06-02 17:25:00,171 - voice.tts_engines.engine_selector - WARNING - Failed to initialize piper, falling back...
2026-06-02 17:25:00,171 - voice.tts_engines.piper_engine - INFO - Initializing Piper TTS engine...
2026-06-02 17:25:00,172 - voice.tts_engines.piper_engine - ERROR - Piper TTS dependencies not installed: No module named 'piper.download'
2026-06-02 17:25:00,172 - voice.tts_engines.piper_engine - WARNING - To install Piper: pip install piper-tts sounddevice numpy
2026-06-02 17:25:00,176 - voice.tts_engines.pyttsx3_engine - INFO - Initializing pyttsx3 TTS engine...
2026-06-02 17:25:00,191 - comtypes - DEBUG - CoInitializeEx(None, 2)
2026-06-02 17:25:00,260 - comtypes.client._code_cache - INFO - Imported existing <module 'comtypes.gen' from 'C:\\Users\\jashw\\AppData\\Local\\Packages\\PythonSoftwareFoundation.Python.3.12_qbz5n2kfra8p0\\LocalCache\\local-packages\\Python312\\site-packages\\comtypes\\gen\\__init__.py'>
2026-06-02 17:25:00,260 - comtypes.client._code_cache - INFO - Using writeable comtypes cache directory: 'C:\Users\jashw\AppData\Local\Packages\PythonSoftwareFoundation.Python.3.12_qbz5n2kfra8p0\LocalCache\local-packages\Python312\site-packages\comtypes\gen'
2026-06-02 17:25:00,342 - comtypes.client._create - DEBUG - SAPI.SPVoice -> {96749377-3391-11D2-9EE3-00C04F797396}
2026-06-02 17:25:00,342 - comtypes.client._create - DEBUG - CoCreateInstance({96749377-3391-11D2-9EE3-00C04F797396}, clsctx=None, interface=None)
2026-06-02 17:25:00,356 - comtypes.client._managing - DEBUG - GetBestInterface(<POINTER(IUnknown) ptr=0x21607326e30 at 21636fdb250>)
2026-06-02 17:25:00,357 - comtypes.client._managing - DEBUG - Does implement IProvideClassInfo
2026-06-02 17:25:00,358 - comtypes.client._managing - DEBUG - Default interface is {269316D8-57BD-11D2-9EEE-00C04F797396}
2026-06-02 17:25:00,358 - comtypes._post_coinit.unknwn - DEBUG - Release <POINTER(IUnknown) ptr=0x21607326e70 at 21636fdb650>
2026-06-02 17:25:00,359 - comtypes.client._generate - DEBUG - GetModule(TLIBATTR(GUID={C866CA3A-32F7-11D2-9602-00C04F8EE628}, Version=5.4, LCID=0, FLags=0x8))
2026-06-02 17:25:00,359 - comtypes.client._managing - DEBUG - Implements default interface from typeinfo <class 'comtypes.gen._C866CA3A_32F7_11D2_9602_00C04F8EE628_0_5_4.ISpeechVoice'>
2026-06-02 17:25:00,359 - comtypes.client._managing - DEBUG - Final result is <POINTER(ISpeechVoice) ptr=0x21607326e70 at 21636fdb5d0>
2026-06-02 17:25:00,359 - comtypes._post_coinit.unknwn - DEBUG - Release <POINTER(IProvideClassInfo) ptr=0x21607326e90 at 21636fdb1d0>
2026-06-02 17:25:00,359 - comtypes._post_coinit.unknwn - DEBUG - Release <POINTER(ITypeInfo) ptr=0x21636c268b8 at 21636fdb2d0>
2026-06-02 17:25:00,359 - comtypes._post_coinit.unknwn - DEBUG - Release <POINTER(ITypeInfo) ptr=0x21636c26910 at 21636fdb450>
2026-06-02 17:25:00,360 - comtypes._post_coinit.unknwn - DEBUG - Release <POINTER(ITypeLib) ptr=0x21636b762f0 at 21636fdb650>
2026-06-02 17:25:00,360 - comtypes._post_coinit.unknwn - DEBUG - Release <POINTER(IUnknown) ptr=0x21607326e30 at 21636fdb250>
2026-06-02 17:25:00,360 - comtypes.client._events - DEBUG - <POINTER(ISpeechVoice) ptr=0x21607326e70 at 21636fdb5d0> using sinkinterface from clsid <class 'comtypes.gen._C866CA3A_32F7_11D2_9602_00C04F8EE628_0_5_4._ISpeechVoiceEvents'>
2026-06-02 17:25:00,360 - comtypes._post_coinit.unknwn - DEBUG - Release <POINTER(IProvideClassInfo2) ptr=0x21607326e90 at 21636fdb250>
2026-06-02 17:25:00,361 - comtypes._vtbl - DEBUG - <comtypes.client._events.CreateEventReceiver.<locals>.Sink object at 0x0000021636893DD0>: _ISpeechVoiceEvents.VoiceChange not implemented
2026-06-02 17:25:00,361 - comtypes._vtbl - DEBUG - <comtypes.client._events.CreateEventReceiver.<locals>.Sink object at 0x0000021636893DD0>: _ISpeechVoiceEvents.Bookmark not implemented
2026-06-02 17:25:00,362 - comtypes._vtbl - DEBUG - <comtypes.client._events.CreateEventReceiver.<locals>.Sink object at 0x0000021636893DD0>: _ISpeechVoiceEvents.Sentence not implemented
2026-06-02 17:25:00,362 - comtypes._vtbl - DEBUG - <comtypes.client._events.CreateEventReceiver.<locals>.Sink object at 0x0000021636893DD0>: _ISpeechVoiceEvents.Phoneme not implemented
2026-06-02 17:25:00,362 - comtypes._vtbl - DEBUG - <comtypes.client._events.CreateEventReceiver.<locals>.Sink object at 0x0000021636893DD0>: _ISpeechVoiceEvents.Viseme not implemented
2026-06-02 17:25:00,362 - comtypes._vtbl - DEBUG - <comtypes.client._events.CreateEventReceiver.<locals>.Sink object at 0x0000021636893DD0>: _ISpeechVoiceEvents.AudioLevel not implemented
2026-06-02 17:25:00,362 - comtypes._vtbl - DEBUG - <comtypes.client._events.CreateEventReceiver.<locals>.Sink object at 0x0000021636893DD0>: _ISpeechVoiceEvents.EnginePrivate not implemented
2026-06-02 17:25:00,362 - comtypes.client._events - DEBUG - Start advise <class 'comtypes.gen._C866CA3A_32F7_11D2_9602_00C04F8EE628_0_5_4._ISpeechVoiceEvents'>
2026-06-02 17:25:00,362 - comtypes._comobject - DEBUG - <comtypes.client._events.CreateEventReceiver.<locals>.Sink object at 0x0000021636893DD0>.QueryInterface({A372ACD1-3BEF-4BBD-8FFB-CB3E2B416AF8}) -> S_OK
2026-06-02 17:25:00,363 - comtypes._comobject - DEBUG - 1 active COM objects: Added   <comtypes.client._events.CreateEventReceiver.<locals>.Sink object at 0x0000021636893DD0>
2026-06-02 17:25:00,363 - comtypes._comobject - DEBUG - <comtypes.client._events.CreateEventReceiver.<locals>.Sink object at 0x0000021636893DD0>.AddRef() -> 1
2026-06-02 17:25:00,367 - comtypes._post_coinit.unknwn - DEBUG - Release <POINTER(IConnectionPointContainer) ptr=0x21607326e98 at 21613f77850>
2026-06-02 17:25:00,454 - comtypes.client._managing - DEBUG - wrap_outparam(<POINTER(ISpeechObjectToken) ptr=0x21607364e20 at 21613f77850>)
2026-06-02 17:25:00,456 - comtypes._post_coinit.unknwn - DEBUG - Release <POINTER(ISpeechObjectToken) ptr=0x21607364e20 at 21613f77850>
2026-06-02 17:25:00,456 - comtypes.client._managing - DEBUG - wrap_outparam(<POINTER(ISpeechObjectTokens) ptr=0x216371d30d0 at 21613f77850>)
2026-06-02 17:25:00,456 - comtypes._post_coinit.unknwn - DEBUG - Release <POINTER(IUnknown) ptr=0x2160b3f3370 at 21613f775d0>
2026-06-02 17:25:00,456 - comtypes.client._managing - DEBUG - wrap_outparam(<POINTER(IDispatch) ptr=0x2160b33c010 at 21613f772d0>)
2026-06-02 17:25:00,457 - comtypes.client._managing - DEBUG - GetBestInterface(<POINTER(IDispatch) ptr=0x2160b33c010 at 21613f772d0>)
2026-06-02 17:25:00,457 - comtypes.client._managing - DEBUG - Does NOT implement IProvideClassInfo, trying IProvideClassInfo2
2026-06-02 17:25:00,457 - comtypes.client._managing - DEBUG - Does NOT implement IProvideClassInfo/IProvideClassInfo2
2026-06-02 17:25:00,458 - comtypes._post_coinit.unknwn - DEBUG - Release <POINTER(IUnknown) ptr=0x21636c269c0 at 21637220a50>
2026-06-02 17:25:00,458 - comtypes.client._managing - DEBUG - Default interface is {C74A3ADC-B727-4500-A84A-B526721C8B8C}
2026-06-02 17:25:00,458 - comtypes._post_coinit.unknwn - DEBUG - Release <POINTER(IUnknown) ptr=0x2160b33c010 at 21637220b50>
2026-06-02 17:25:00,458 - comtypes.client._generate - DEBUG - GetModule(TLIBATTR(GUID={C866CA3A-32F7-11D2-9602-00C04F8EE628}, Version=5.4, LCID=0, FLags=0x8))
2026-06-02 17:25:00,458 - comtypes.client._managing - DEBUG - Implements default interface from typeinfo <class 'comtypes.gen._C866CA3A_32F7_11D2_9602_00C04F8EE628_0_5_4.ISpeechObjectToken'>
2026-06-02 17:25:00,459 - comtypes.client._managing - DEBUG - Final result is <POINTER(ISpeechObjectToken) ptr=0x2160b33c010 at 21637220a50>
2026-06-02 17:25:00,459 - comtypes._post_coinit.unknwn - DEBUG - Release <POINTER(IDispatch) ptr=0x2160b33c010 at 216372209d0>
2026-06-02 17:25:00,459 - comtypes._post_coinit.unknwn - DEBUG - Release <POINTER(ITypeInfo) ptr=0x21636c269c0 at 21637220ad0>
2026-06-02 17:25:00,459 - comtypes._post_coinit.unknwn - DEBUG - Release <POINTER(ITypeLib) ptr=0x21636b762f0 at 21637220b50>
2026-06-02 17:25:00,459 - comtypes._post_coinit.unknwn - DEBUG - Release <POINTER(IDispatch) ptr=0x2160b33c010 at 21613f772d0>
2026-06-02 17:25:00,459 - comtypes._post_coinit.unknwn - DEBUG - Release <POINTER(IEnumVARIANT) ptr=0x2160b3f3370 at 21613f77550>
2026-06-02 17:25:00,459 - comtypes._post_coinit.unknwn - DEBUG - Release <POINTER(ISpeechObjectTokens) ptr=0x216371d30d0 at 21613f77850>
2026-06-02 17:25:00,459 - comtypes._post_coinit.unknwn - DEBUG - Release <POINTER(ISpeechObjectToken) ptr=0x2160b33c010 at 21637220a50>
2026-06-02 17:25:00,459 - voice.tts_engines.pyttsx3_engine - INFO - Set initial TTS speed to 150 WPM
2026-06-02 17:25:00,459 - comtypes.client._managing - DEBUG - wrap_outparam(<POINTER(ISpeechObjectTokens) ptr=0x216371d32d0 at 21613f77450>)
2026-06-02 17:25:00,459 - comtypes._post_coinit.unknwn - DEBUG - Release <POINTER(IUnknown) ptr=0x2160b3f3370 at 21613f77850>
2026-06-02 17:25:00,460 - comtypes._post_coinit.unknwn - DEBUG - Release <POINTER(ISpeechObjectTokens) ptr=0x216371d32d0 at 21613f77450>
2026-06-02 17:25:00,460 - comtypes.client._managing - DEBUG - wrap_outparam(<POINTER(IDispatch) ptr=0x2160b33b0e0 at 21613f775d0>)
2026-06-02 17:25:00,460 - comtypes.client._managing - DEBUG - GetBestInterface(<POINTER(IDispatch) ptr=0x2160b33b0e0 at 21613f775d0>)
2026-06-02 17:25:00,460 - comtypes.client._managing - DEBUG - Does NOT implement IProvideClassInfo, trying IProvideClassInfo2
2026-06-02 17:25:00,460 - comtypes.client._managing - DEBUG - Does NOT implement IProvideClassInfo/IProvideClassInfo2
2026-06-02 17:25:00,461 - comtypes._post_coinit.unknwn - DEBUG - Release <POINTER(IUnknown) ptr=0x21636c269c0 at 21637220a50>
2026-06-02 17:25:00,461 - comtypes.client._managing - DEBUG - Default interface is {C74A3ADC-B727-4500-A84A-B526721C8B8C}
2026-06-02 17:25:00,461 - comtypes._post_coinit.unknwn - DEBUG - Release <POINTER(IUnknown) ptr=0x2160b33b0e0 at 21637220ad0>
2026-06-02 17:25:00,461 - comtypes.client._generate - DEBUG - GetModule(TLIBATTR(GUID={C866CA3A-32F7-11D2-9602-00C04F8EE628}, Version=5.4, LCID=0, FLags=0x8))
2026-06-02 17:25:00,461 - comtypes.client._managing - DEBUG - Implements default interface from typeinfo <class 'comtypes.gen._C866CA3A_32F7_11D2_9602_00C04F8EE628_0_5_4.ISpeechObjectToken'>
2026-06-02 17:25:00,462 - comtypes.client._managing - DEBUG - Final result is <POINTER(ISpeechObjectToken) ptr=0x2160b33b0e0 at 21637220a50>
2026-06-02 17:25:00,462 - comtypes._post_coinit.unknwn - DEBUG - Release <POINTER(IDispatch) ptr=0x2160b33b0e0 at 21613f771d0>
2026-06-02 17:25:00,462 - comtypes._post_coinit.unknwn - DEBUG - Release <POINTER(ITypeInfo) ptr=0x21636c269c0 at 21637220b50>
2026-06-02 17:25:00,462 - comtypes._post_coinit.unknwn - DEBUG - Release <POINTER(ITypeLib) ptr=0x21636b762f0 at 21637220ad0>
2026-06-02 17:25:00,462 - comtypes._post_coinit.unknwn - DEBUG - Release <POINTER(IDispatch) ptr=0x2160b33b0e0 at 21613f775d0>
2026-06-02 17:25:00,463 - comtypes.client._managing - DEBUG - wrap_outparam(<POINTER(IDispatch) ptr=0x2160b33c010 at 21613f772d0>)
2026-06-02 17:25:00,463 - comtypes.client._managing - DEBUG - GetBestInterface(<POINTER(IDispatch) ptr=0x2160b33c010 at 21613f772d0>)
2026-06-02 17:25:00,463 - comtypes.client._managing - DEBUG - Does NOT implement IProvideClassInfo, trying IProvideClassInfo2
2026-06-02 17:25:00,463 - comtypes.client._managing - DEBUG - Does NOT implement IProvideClassInfo/IProvideClassInfo2
2026-06-02 17:25:00,463 - comtypes._post_coinit.unknwn - DEBUG - Release <POINTER(IUnknown) ptr=0x21636c269c0 at 21637220b50>
2026-06-02 17:25:00,464 - comtypes.client._managing - DEBUG - Default interface is {C74A3ADC-B727-4500-A84A-B526721C8B8C}
2026-06-02 17:25:00,464 - comtypes._post_coinit.unknwn - DEBUG - Release <POINTER(IUnknown) ptr=0x2160b33c010 at 216372209d0>
2026-06-02 17:25:00,464 - comtypes.client._generate - DEBUG - GetModule(TLIBATTR(GUID={C866CA3A-32F7-11D2-9602-00C04F8EE628}, Version=5.4, LCID=0, FLags=0x8))
2026-06-02 17:25:00,464 - comtypes.client._managing - DEBUG - Implements default interface from typeinfo <class 'comtypes.gen._C866CA3A_32F7_11D2_9602_00C04F8EE628_0_5_4.ISpeechObjectToken'>
2026-06-02 17:25:00,464 - comtypes.client._managing - DEBUG - Final result is <POINTER(ISpeechObjectToken) ptr=0x2160b33c010 at 21637220b50>
2026-06-02 17:25:00,464 - comtypes._post_coinit.unknwn - DEBUG - Release <POINTER(IDispatch) ptr=0x2160b33c010 at 21637220ad0>
2026-06-02 17:25:00,464 - comtypes._post_coinit.unknwn - DEBUG - Release <POINTER(ITypeInfo) ptr=0x21636c269c0 at 21637220c50>
2026-06-02 17:25:00,464 - comtypes._post_coinit.unknwn - DEBUG - Release <POINTER(ITypeLib) ptr=0x21636b762f0 at 216372209d0>
2026-06-02 17:25:00,464 - comtypes._post_coinit.unknwn - DEBUG - Release <POINTER(IDispatch) ptr=0x2160b33c010 at 21613f772d0>
2026-06-02 17:25:00,464 - comtypes._post_coinit.unknwn - DEBUG - Release <POINTER(ISpeechObjectToken) ptr=0x2160b33b0e0 at 21637220a50>
2026-06-02 17:25:00,464 - comtypes._post_coinit.unknwn - DEBUG - Release <POINTER(IEnumVARIANT) ptr=0x2160b3f3370 at 21613f77550>
2026-06-02 17:25:00,464 - comtypes._post_coinit.unknwn - DEBUG - Release <POINTER(ISpeechObjectToken) ptr=0x2160b33c010 at 21637220b50>
2026-06-02 17:25:00,464 - voice.tts_engines.pyttsx3_engine - INFO - Available voices: 2 found
2026-06-02 17:25:00,464 - voice.tts_engines.pyttsx3_engine - INFO -   Voice 0: Microsoft David Desktop - English (United States)
2026-06-02 17:25:00,466 - voice.tts_engines.pyttsx3_engine - INFO - Found target voice: Microsoft David Desktop - English (United States)
2026-06-02 17:25:00,466 - voice.tts_engines.pyttsx3_engine - INFO - pyttsx3 TTS initialized successfully!
2026-06-02 17:25:00,466 - voice.tts_engines.engine_selector - INFO - Using TTS engine: pyttsx3
2026-06-02 17:25:00,466 - voice.tts_engines.pyttsx3_engine - INFO - Set TTS speed to 150 WPM (scale: 1.0)
2026-06-02 17:25:00,493 - voice.voice_memory - INFO - Loaded 26 voice interactions
2026-06-02 17:25:00,515 - voice.audio_router - INFO - Found 2 input devices, 2 output devices
2026-06-02 17:25:00,516 - runtime.runtime_manager - INFO - Initializing JARVIS runtime system
2026-06-02 17:25:00,516 - runtime_core.event_bus - DEBUG - Subscribed to PAUSE
2026-06-02 17:25:00,516 - runtime_core.event_bus - DEBUG - Subscribed to RESUME
2026-06-02 17:25:00,516 - runtime.hotkey_manager - INFO - Initializing hotkey manager
2026-06-02 17:25:00,526 - runtime.hotkey_manager - DEBUG - Keyboard library imported successfully
2026-06-02 17:25:00,526 - runtime.idle_controller - INFO - Initializing idle controller
2026-06-02 17:25:00,526 - runtime.wake_listener - INFO - Initializing wake listener
2026-06-02 17:25:00,604 - runtime.wake_listener - INFO - SpeechRecognition version: 3.16.1
2026-06-02 17:25:00,722 - __main__ - INFO - Playing startup greeting (in main thread) - using DIRECT pyttsx3!
2026-06-02 17:25:00,722 - comtypes.client._managing - DEBUG - wrap_outparam(<POINTER(ISpeechObjectTokens) ptr=0x216371d39d0 at 216372912d0>)
2026-06-02 17:25:00,722 - comtypes._post_coinit.unknwn - DEBUG - Release <POINTER(IUnknown) ptr=0x2160b3f3690 at 21638b888d0>
2026-06-02 17:25:00,723 - comtypes._post_coinit.unknwn - DEBUG - Release <POINTER(ISpeechObjectTokens) ptr=0x216371d39d0 at 216372912d0>
2026-06-02 17:25:00,723 - comtypes.client._managing - DEBUG - wrap_outparam(<POINTER(IDispatch) ptr=0x2160b33b830 at 21638b88750>)
2026-06-02 17:25:00,723 - comtypes.client._managing - DEBUG - GetBestInterface(<POINTER(IDispatch) ptr=0x2160b33b830 at 21638b88750>)
2026-06-02 17:25:00,723 - comtypes.client._managing - DEBUG - Does NOT implement IProvideClassInfo, trying IProvideClassInfo2
2026-06-02 17:25:00,723 - comtypes.client._managing - DEBUG - Does NOT implement IProvideClassInfo/IProvideClassInfo2
2026-06-02 17:25:00,723 - comtypes._post_coinit.unknwn - DEBUG - Release <POINTER(IUnknown) ptr=0x21636c269c0 at 21638b88a50>
2026-06-02 17:25:00,723 - comtypes.client._managing - DEBUG - Default interface is {C74A3ADC-B727-4500-A84A-B526721C8B8C}
2026-06-02 17:25:00,723 - comtypes._post_coinit.unknwn - DEBUG - Release <POINTER(IUnknown) ptr=0x2160b33b830 at 21638b88b50>
2026-06-02 17:25:00,723 - comtypes.client._generate - DEBUG - GetModule(TLIBATTR(GUID={C866CA3A-32F7-11D2-9602-00C04F8EE628}, Version=5.4, LCID=0, FLags=0x8))
2026-06-02 17:25:00,723 - comtypes.client._managing - DEBUG - Implements default interface from typeinfo <class 'comtypes.gen._C866CA3A_32F7_11D2_9602_00C04F8EE628_0_5_4.ISpeechObjectToken'>
2026-06-02 17:25:00,725 - comtypes.client._managing - DEBUG - Final result is <POINTER(ISpeechObjectToken) ptr=0x2160b33b830 at 21638b88a50>
2026-06-02 17:25:00,725 - comtypes._post_coinit.unknwn - DEBUG - Release <POINTER(IDispatch) ptr=0x2160b33b830 at 21638b889d0>
2026-06-02 17:25:00,725 - comtypes._post_coinit.unknwn - DEBUG - Release <POINTER(ITypeInfo) ptr=0x21636c269c0 at 21638b88ad0>
2026-06-02 17:25:00,725 - comtypes._post_coinit.unknwn - DEBUG - Release <POINTER(ITypeLib) ptr=0x21636b762f0 at 21638b88b50>
2026-06-02 17:25:00,725 - comtypes._post_coinit.unknwn - DEBUG - Release <POINTER(IDispatch) ptr=0x2160b33b830 at 21638b88750>
2026-06-02 17:25:00,725 - comtypes.client._managing - DEBUG - wrap_outparam(<POINTER(IDispatch) ptr=0x2160b33ba70 at 21638b88b50>)
2026-06-02 17:25:00,725 - comtypes.client._managing - DEBUG - GetBestInterface(<POINTER(IDispatch) ptr=0x2160b33ba70 at 21638b88b50>)
2026-06-02 17:25:00,725 - comtypes.client._managing - DEBUG - Does NOT implement IProvideClassInfo, trying IProvideClassInfo2
2026-06-02 17:25:00,726 - comtypes.client._managing - DEBUG - Does NOT implement IProvideClassInfo/IProvideClassInfo2
2026-06-02 17:25:00,726 - comtypes._post_coinit.unknwn - DEBUG - Release <POINTER(IUnknown) ptr=0x21636c269c0 at 21638b889d0>
2026-06-02 17:25:00,726 - comtypes.client._managing - DEBUG - Default interface is {C74A3ADC-B727-4500-A84A-B526721C8B8C}
2026-06-02 17:25:00,726 - comtypes._post_coinit.unknwn - DEBUG - Release <POINTER(IUnknown) ptr=0x2160b33ba70 at 21638b88bd0>
2026-06-02 17:25:00,726 - comtypes.client._generate - DEBUG - GetModule(TLIBATTR(GUID={C866CA3A-32F7-11D2-9602-00C04F8EE628}, Version=5.4, LCID=0, FLags=0x8))
2026-06-02 17:25:00,726 - comtypes.client._managing - DEBUG - Implements default interface from typeinfo <class 'comtypes.gen._C866CA3A_32F7_11D2_9602_00C04F8EE628_0_5_4.ISpeechObjectToken'>
2026-06-02 17:25:00,726 - comtypes.client._managing - DEBUG - Final result is <POINTER(ISpeechObjectToken) ptr=0x2160b33ba70 at 21638b889d0>
2026-06-02 17:25:00,726 - comtypes._post_coinit.unknwn - DEBUG - Release <POINTER(IDispatch) ptr=0x2160b33ba70 at 21638b88ad0>
2026-06-02 17:25:00,726 - comtypes._post_coinit.unknwn - DEBUG - Release <POINTER(ITypeInfo) ptr=0x21636c269c0 at 21638b88c50>
2026-06-02 17:25:00,726 - comtypes._post_coinit.unknwn - DEBUG - Release <POINTER(ITypeLib) ptr=0x21636b762f0 at 21638b88bd0>
2026-06-02 17:25:00,726 - comtypes._post_coinit.unknwn - DEBUG - Release <POINTER(IDispatch) ptr=0x2160b33ba70 at 21638b88b50>
2026-06-02 17:25:00,727 - comtypes._post_coinit.unknwn - DEBUG - Release <POINTER(ISpeechObjectToken) ptr=0x2160b33b830 at 21638b88a50>
2026-06-02 17:25:00,727 - comtypes._post_coinit.unknwn - DEBUG - Release <POINTER(IEnumVARIANT) ptr=0x2160b3f3690 at 21638b88650>
2026-06-02 17:25:00,727 - comtypes._post_coinit.unknwn - DEBUG - Release <POINTER(ISpeechObjectToken) ptr=0x2160b33ba70 at 21638b889d0>
2026-06-02 17:25:00,727 - __main__ - INFO - Calling engine.runAndWait()
2026-06-02 17:25:00,727 - comtypes.client._managing - DEBUG - wrap_outparam(<POINTER(ISpeechObjectToken) ptr=0x21607364e20 at 21638b88650>)
2026-06-02 17:25:00,727 - comtypes._post_coinit.unknwn - DEBUG - Release <POINTER(ISpeechObjectToken) ptr=0x21607364e20 at 21638b88650>
2026-06-02 17:25:00,728 - comtypes.client._managing - DEBUG - wrap_outparam(<POINTER(ISpeechObjectTokens) ptr=0x216371d3bd0 at 216372912d0>)
2026-06-02 17:25:00,728 - comtypes._post_coinit.unknwn - DEBUG - Release <POINTER(IUnknown) ptr=0x2160b3f3690 at 21638b889d0>
2026-06-02 17:25:00,728 - comtypes.client._managing - DEBUG - wrap_outparam(<POINTER(IDispatch) ptr=0x2160b33b830 at 21638b88b50>)
2026-06-02 17:25:00,728 - comtypes.client._managing - DEBUG - GetBestInterface(<POINTER(IDispatch) ptr=0x2160b33b830 at 21638b88b50>)
2026-06-02 17:25:00,729 - comtypes.client._managing - DEBUG - Does NOT implement IProvideClassInfo, trying IProvideClassInfo2
2026-06-02 17:25:00,729 - comtypes.client._managing - DEBUG - Does NOT implement IProvideClassInfo/IProvideClassInfo2
2026-06-02 17:25:00,729 - comtypes._post_coinit.unknwn - DEBUG - Release <POINTER(IUnknown) ptr=0x21636c269c0 at 21638b88c50>
2026-06-02 17:25:00,729 - comtypes.client._managing - DEBUG - Default interface is {C74A3ADC-B727-4500-A84A-B526721C8B8C}
2026-06-02 17:25:00,729 - comtypes._post_coinit.unknwn - DEBUG - Release <POINTER(IUnknown) ptr=0x2160b33b830 at 21638b88d50>
2026-06-02 17:25:00,730 - comtypes.client._generate - DEBUG - GetModule(TLIBATTR(GUID={C866CA3A-32F7-11D2-9602-00C04F8EE628}, Version=5.4, LCID=0, FLags=0x8))
2026-06-02 17:25:00,730 - comtypes.client._managing - DEBUG - Implements default interface from typeinfo <class 'comtypes.gen._C866CA3A_32F7_11D2_9602_00C04F8EE628_0_5_4.ISpeechObjectToken'>
2026-06-02 17:25:00,730 - comtypes.client._managing - DEBUG - Final result is <POINTER(ISpeechObjectToken) ptr=0x2160b33b830 at 21638b88c50>
2026-06-02 17:25:00,730 - comtypes._post_coinit.unknwn - DEBUG - Release <POINTER(IDispatch) ptr=0x2160b33b830 at 21638b88950>
2026-06-02 17:25:00,730 - comtypes._post_coinit.unknwn - DEBUG - Release <POINTER(ITypeInfo) ptr=0x21636c269c0 at 21638b88ad0>
2026-06-02 17:25:00,730 - comtypes._post_coinit.unknwn - DEBUG - Release <POINTER(ITypeLib) ptr=0x21636b762f0 at 21638b88d50>
2026-06-02 17:25:00,730 - comtypes._post_coinit.unknwn - DEBUG - Release <POINTER(IDispatch) ptr=0x2160b33b830 at 21638b88b50>
2026-06-02 17:25:00,730 - comtypes._post_coinit.unknwn - DEBUG - Release <POINTER(IEnumVARIANT) ptr=0x2160b3f3690 at 21638b88650>
2026-06-02 17:25:00,730 - comtypes._post_coinit.unknwn - DEBUG - Release <POINTER(ISpeechObjectTokens) ptr=0x216371d3bd0 at 216372912d0>
2026-06-02 17:25:00,731 - comtypes._post_coinit.unknwn - DEBUG - Release <POINTER(ISpeechObjectToken) ptr=0x2160b33b830 at 21638b88c50>
2026-06-02 17:25:00,731 - comtypes.client._managing - DEBUG - wrap_outparam(<POINTER(ISpeechObjectToken) ptr=0x21607364e20 at 21613f77450>)
2026-06-02 17:25:00,731 - comtypes._post_coinit.unknwn - DEBUG - Release <POINTER(ISpeechObjectToken) ptr=0x21607364e20 at 21613f77450>
2026-06-02 17:25:00,732 - comtypes.client._managing - DEBUG - wrap_outparam(<POINTER(ISpeechObjectTokens) ptr=0x216371d3050 at 21613f77450>)
2026-06-02 17:25:00,732 - comtypes._post_coinit.unknwn - DEBUG - Release <POINTER(IUnknown) ptr=0x2160b3f3370 at 216372912d0>
2026-06-02 17:25:00,732 - comtypes.client._managing - DEBUG - wrap_outparam(<POINTER(IDispatch) ptr=0x2160b33c010 at 21638b889d0>)
2026-06-02 17:25:00,732 - comtypes.client._managing - DEBUG - GetBestInterface(<POINTER(IDispatch) ptr=0x2160b33c010 at 21638b889d0>)
2026-06-02 17:25:00,732 - comtypes.client._managing - DEBUG - Does NOT implement IProvideClassInfo, trying IProvideClassInfo2
2026-06-02 17:25:00,732 - comtypes.client._managing - DEBUG - Does NOT implement IProvideClassInfo/IProvideClassInfo2
2026-06-02 17:25:00,733 - comtypes._post_coinit.unknwn - DEBUG - Release <POINTER(IUnknown) ptr=0x21636c269c0 at 21638b88850>
2026-06-02 17:25:00,733 - comtypes.client._managing - DEBUG - Default interface is {C74A3ADC-B727-4500-A84A-B526721C8B8C}
2026-06-02 17:25:00,733 - comtypes._post_coinit.unknwn - DEBUG - Release <POINTER(IUnknown) ptr=0x2160b33c010 at 21638b88ad0>
2026-06-02 17:25:00,733 - comtypes.client._generate - DEBUG - GetModule(TLIBATTR(GUID={C866CA3A-32F7-11D2-9602-00C04F8EE628}, Version=5.4, LCID=0, FLags=0x8))
2026-06-02 17:25:00,733 - comtypes.client._managing - DEBUG - Implements default interface from typeinfo <class 'comtypes.gen._C866CA3A_32F7_11D2_9602_00C04F8EE628_0_5_4.ISpeechObjectToken'>
2026-06-02 17:25:00,733 - comtypes.client._managing - DEBUG - Final result is <POINTER(ISpeechObjectToken) ptr=0x2160b33c010 at 21638b88850>
2026-06-02 17:25:00,733 - comtypes._post_coinit.unknwn - DEBUG - Release <POINTER(IDispatch) ptr=0x2160b33c010 at 21638b88d50>
2026-06-02 17:25:00,733 - comtypes._post_coinit.unknwn - DEBUG - Release <POINTER(ITypeInfo) ptr=0x21636c269c0 at 21638b88bd0>
2026-06-02 17:25:00,733 - comtypes._post_coinit.unknwn - DEBUG - Release <POINTER(ITypeLib) ptr=0x21636b762f0 at 21638b88ad0>
2026-06-02 17:25:00,734 - comtypes._post_coinit.unknwn - DEBUG - Release <POINTER(IDispatch) ptr=0x2160b33c010 at 21638b889d0>
2026-06-02 17:25:00,734 - comtypes._post_coinit.unknwn - DEBUG - Release <POINTER(IEnumVARIANT) ptr=0x2160b3f3370 at 21638b88c50>
2026-06-02 17:25:00,734 - comtypes._post_coinit.unknwn - DEBUG - Release <POINTER(ISpeechObjectTokens) ptr=0x216371d3050 at 21613f77450>
2026-06-02 17:25:00,734 - comtypes._post_coinit.unknwn - DEBUG - Release <POINTER(ISpeechObjectToken) ptr=0x2160b33c010 at 21638b88850>
2026-06-02 17:25:00,734 - comtypes.client._managing - DEBUG - wrap_outparam(<POINTER(ISpeechObjectToken) ptr=0x21607364e20 at 21613f77450>)
2026-06-02 17:25:00,734 - comtypes._post_coinit.unknwn - DEBUG - Release <POINTER(ISpeechObjectToken) ptr=0x21607364e20 at 21613f77450>
2026-06-02 17:25:00,738 - runtime.wake_listener - INFO - Speech recognition and microphone initialized successfully
2026-06-02 17:25:00,855 - runtime.wake_listener - INFO - Adjusting for ambient noise (1 sec)...
2026-06-02 17:25:01,875 - runtime.wake_listener - INFO - Set energy threshold to: 4964.070009360189
2026-06-02 17:25:01,893 - runtime.runtime_manager - INFO - Runtime manager initialized successfully
2026-06-02 17:25:01,893 - runtime.hotkey_manager - INFO - Initializing hotkey manager
2026-06-02 17:25:01,893 - runtime.hotkey_manager - DEBUG - Keyboard library imported successfully
2026-06-02 17:25:01,894 - runtime.wake_listener - INFO - Wake listener started (active)
2026-06-02 17:25:01,894 - runtime.wake_listener - DEBUG - Listening for wake word...
2026-06-02 17:25:01,894 - runtime.idle_controller - DEBUG - Idle controller: idle state - optimizing resources
2026-06-02 17:25:01,894 - runtime.runtime_manager - INFO - Starting JARVIS runtime service
2026-06-02 17:25:01,895 - runtime.background_service - INFO - Starting background service
2026-06-02 17:25:01,895 - asyncio - DEBUG - Using proactor: IocpProactor
2026-06-02 17:25:01,895 - runtime.background_service - INFO - Entering idle loop
2026-06-02 17:25:02,021 - runtime.hotkey_manager - INFO - Hotkey listener started (CTRL+P registered)
2026-06-02 17:25:02,895 - runtime.idle_controller - DEBUG - Idle controller: idle state - optimizing resources
2026-06-02 17:25:03,895 - runtime.idle_controller - DEBUG - Idle controller: idle state - optimizing resources
2026-06-02 17:25:04,896 - runtime.idle_controller - DEBUG - Idle controller: idle state - optimizing resources
2026-06-02 17:25:05,896 - runtime.idle_controller - DEBUG - Idle controller: idle state - optimizing resources
2026-06-02 17:25:05,974 - runtime.wake_listener - DEBUG - Could not understand audio
2026-06-02 17:25:05,974 - runtime.wake_listener - DEBUG - Listening for wake word...
2026-06-02 17:25:06,897 - runtime.idle_controller - DEBUG - Idle controller: idle state - optimizing resources
2026-06-02 17:25:07,897 - runtime.idle_controller - DEBUG - Idle controller: idle state - optimizing resources
2026-06-02 17:25:08,898 - runtime.idle_controller - DEBUG - Idle controller: idle state - optimizing resources
2026-06-02 17:25:09,898 - runtime.idle_controller - DEBUG - Idle controller: idle state - optimizing resources
2026-06-02 17:25:10,898 - runtime.idle_controller - DEBUG - Idle controller: idle state - optimizing resources
2026-06-02 17:25:11,899 - runtime.idle_controller - DEBUG - Idle controller: idle state - optimizing resources
2026-06-02 17:25:12,899 - runtime.idle_controller - DEBUG - Idle controller: idle state - optimizing resources
2026-06-02 17:25:13,900 - runtime.idle_controller - DEBUG - Idle controller: idle state - optimizing resources
2026-06-02 17:25:14,901 - runtime.idle_controller - DEBUG - Idle controller: idle state - optimizing resources
2026-06-02 17:25:15,901 - runtime.idle_controller - DEBUG - Idle controller: idle state - optimizing resources
2026-06-02 17:25:16,902 - runtime.idle_controller - DEBUG - Idle controller: idle state - optimizing resources
2026-06-02 17:25:17,902 - runtime.idle_controller - DEBUG - Idle controller: idle state - optimizing resources
2026-06-02 17:25:18,902 - runtime.idle_controller - DEBUG - Idle controller: idle state - optimizing resources
2026-06-02 17:25:19,903 - runtime.idle_controller - DEBUG - Idle controller: idle state - optimizing resources
2026-06-02 17:25:20,903 - runtime.idle_controller - DEBUG - Idle controller: idle state - optimizing resources
2026-06-02 17:25:21,903 - runtime.idle_controller - DEBUG - Idle controller: idle state - optimizing resources
2026-06-02 17:25:22,904 - runtime.idle_controller - DEBUG - Idle controller: idle state - optimizing resources
2026-06-02 17:25:23,905 - runtime.idle_controller - DEBUG - Idle controller: idle state - optimizing resources
2026-06-02 17:25:24,905 - runtime.idle_controller - DEBUG - Idle controller: idle state - optimizing resources
2026-06-02 17:25:25,906 - runtime.idle_controller - DEBUG - Idle controller: idle state - optimizing resources
2026-06-02 17:25:26,906 - runtime.idle_controller - DEBUG - Idle controller: idle state - optimizing resources
2026-06-02 17:25:35,807 - __main__ - INFO - ======================================================================
2026-06-02 17:25:35,808 - __main__ - INFO - JARVIS AI Operating System - Persistent Runtime Starting
2026-06-02 17:25:35,808 - __main__ - INFO - ======================================================================
2026-06-02 17:25:35,911 - runtime_core.event_bus - INFO - Event Bus initialized
2026-06-02 17:25:35,911 - runtime_core.runtime_state_machine - INFO - Runtime State Machine initialized at IDLE
2026-06-02 17:25:35,913 - runtime_ui.animation_engine - INFO - Animation engine initialized
2026-06-02 17:25:35,913 - runtime_ui.overlay_manager - INFO - Overlay Manager initialized
2026-06-02 17:25:35,937 - runtime_ui.tray_manager - INFO - Tray Manager (UI) initialized
2026-06-02 17:25:35,939 - runtime_ui.status_controller - INFO - Status Controller initialized
2026-06-02 17:25:35,939 - runtime_ui.presence_manager - INFO - Presence Manager initialized
2026-06-02 17:25:35,942 - runtime_ui.ui_theme_manager - INFO - UI Theme Manager initialized with theme: cinematic_blue
2026-06-02 17:25:35,944 - runtime_ui.state_visualizer - INFO - State Visualizer initialized
2026-06-02 17:25:35,945 - runtime_ui.notification_manager - INFO - Notification Manager initialized
2026-06-02 17:25:35,947 - runtime_ui.overlay_renderer - INFO - Overlay Renderer initialized
2026-06-02 17:25:35,973 - runtime_ui.tray_manager - INFO - Initializing tray manager
2026-06-02 17:25:36,040 - runtime_ui.tray_manager - DEBUG - Tray libraries imported successfully
2026-06-02 17:25:36,040 - runtime_ui.overlay_manager - INFO - Initializing overlay manager
2026-06-02 17:25:36,040 - runtime_core.event_bus - DEBUG - Subscribed to STATE_CHANGE
2026-06-02 17:25:36,040 - runtime_core.event_bus - DEBUG - Subscribed to PAUSE
2026-06-02 17:25:36,040 - runtime_core.event_bus - DEBUG - Subscribed to RESUME
2026-06-02 17:25:36,040 - runtime_core.event_bus - DEBUG - Subscribed to WAKE_WORD_DETECTED
2026-06-02 17:25:36,040 - runtime_core.event_bus - DEBUG - Subscribed to COMMAND_RECEIVED
2026-06-02 17:25:36,040 - runtime_core.event_bus - DEBUG - Subscribed to THINKING_STARTED
2026-06-02 17:25:36,040 - runtime_core.event_bus - DEBUG - Subscribed to EXECUTION_STARTED
2026-06-02 17:25:36,040 - runtime_core.event_bus - DEBUG - Subscribed to SPEAK_START
2026-06-02 17:25:36,040 - runtime_core.event_bus - DEBUG - Subscribed to SPEAK_END
2026-06-02 17:25:36,040 - runtime_ui.presence_manager - INFO - Initializing presence manager
2026-06-02 17:25:36,041 - runtime_ui.tray_manager - INFO - Tray manager started
2026-06-02 17:25:36,041 - asyncio - DEBUG - Using proactor: IocpProactor
2026-06-02 17:25:36,042 - runtime_ui.overlay_manager - INFO - Creating AIIndicator instance
2026-06-02 17:25:36,066 - runtime_ui.ai_indicator - INFO - Glassmorphism AI Indicator initialized
2026-06-02 17:25:36,066 - runtime_ui.overlay_manager - INFO - AIIndicator created
2026-06-02 17:25:36,066 - runtime_ui.animation_engine - DEBUG - Animation target widget set: <runtime_ui.ai_indicator.AIIndicator object at 0x000001AC0DBF6850>
2026-06-02 17:25:36,066 - runtime_ui.ai_indicator - INFO - Setting status to RuntimeState.IDLE
2026-06-02 17:25:36,066 - runtime_ui.overlay_manager - INFO - Overlay updated to IDLE
2026-06-02 17:25:36,588 - runtime_ui.overlay_manager - INFO - Overlay watchdog started
2026-06-02 17:25:36,588 - runtime_ui.overlay_manager - INFO - Overlay started completely
2026-06-02 17:25:36,597 - runtime_core.lifecycle_manager - INFO - Lifecycle Manager initialized
2026-06-02 17:25:36,597 - runtime_core.persistent_runtime - INFO - Persistent Runtime initialized
2026-06-02 17:25:36,597 - runtime_core.lifecycle_manager - INFO - ======================================================================
2026-06-02 17:25:36,598 - runtime_core.lifecycle_manager - INFO - JARVIS AI Operating System - Boot Sequence Starting
2026-06-02 17:25:36,598 - runtime_core.lifecycle_manager - INFO - ======================================================================
2026-06-02 17:25:36,598 - runtime_core.lifecycle_manager - DEBUG - Setting up Windows signal handlers
2026-06-02 17:25:36,598 - runtime_core.lifecycle_manager - DEBUG - Signal handlers set up
2026-06-02 17:25:36,598 - runtime_core.event_bus - DEBUG - Subscribed to PAUSE
2026-06-02 17:25:36,598 - runtime_core.event_bus - DEBUG - Subscribed to RESUME
2026-06-02 17:25:36,598 - runtime_core.event_bus - DEBUG - Subscribed to SHUTDOWN
2026-06-02 17:25:36,598 - runtime_core.lifecycle_manager - INFO - Initializing core subsystems...
2026-06-02 17:25:36,598 - runtime_core.runtime_state_machine - DEBUG - Already in state IDLE
2026-06-02 17:25:36,598 - runtime_core.lifecycle_manager - INFO - ======================================================================
2026-06-02 17:25:36,599 - runtime_core.lifecycle_manager - INFO - JARVIS AI Operating System - Boot Complete
2026-06-02 17:25:36,599 - runtime_core.lifecycle_manager - INFO - ======================================================================
2026-06-02 17:25:36,599 - runtime_core.persistent_runtime - INFO - Starting infinite runtime loop...
2026-06-02 17:25:36,619 - voice.voice_profile_manager - INFO - Loaded 4 voice profiles
2026-06-02 17:25:36,628 - voice.text_to_speech - INFO - Loading voice profile: jarvis_classic
2026-06-02 17:25:36,628 - voice.tts_engines.piper_engine - INFO - Initializing Piper TTS engine...
2026-06-02 17:25:36,713 - PIL.Image - DEBUG - Importing BlpImagePlugin
2026-06-02 17:25:36,714 - PIL.Image - DEBUG - Importing BmpImagePlugin
2026-06-02 17:25:36,714 - PIL.Image - DEBUG - Importing BufrStubImagePlugin
2026-06-02 17:25:36,715 - PIL.Image - DEBUG - Importing CurImagePlugin
2026-06-02 17:25:36,718 - PIL.Image - DEBUG - Importing DcxImagePlugin
2026-06-02 17:25:36,721 - PIL.Image - DEBUG - Importing DdsImagePlugin
2026-06-02 17:25:36,725 - PIL.Image - DEBUG - Importing EpsImagePlugin
2026-06-02 17:25:36,727 - PIL.Image - DEBUG - Importing FitsImagePlugin
2026-06-02 17:25:36,732 - PIL.Image - DEBUG - Importing FliImagePlugin
2026-06-02 17:25:36,735 - PIL.Image - DEBUG - Importing FpxImagePlugin
2026-06-02 17:25:36,738 - PIL.Image - DEBUG - Image: failed to import FpxImagePlugin: No module named 'olefile'
2026-06-02 17:25:36,740 - PIL.Image - DEBUG - Importing FtexImagePlugin
2026-06-02 17:25:36,741 - PIL.Image - DEBUG - Importing GbrImagePlugin
2026-06-02 17:25:36,743 - PIL.Image - DEBUG - Importing GifImagePlugin
2026-06-02 17:25:36,743 - PIL.Image - DEBUG - Importing GribStubImagePlugin
2026-06-02 17:25:36,745 - PIL.Image - DEBUG - Importing Hdf5StubImagePlugin
2026-06-02 17:25:36,748 - PIL.Image - DEBUG - Importing IcnsImagePlugin
2026-06-02 17:25:36,753 - PIL.Image - DEBUG - Importing IcoImagePlugin
2026-06-02 17:25:36,755 - PIL.Image - DEBUG - Importing ImImagePlugin
2026-06-02 17:25:36,757 - PIL.Image - DEBUG - Importing ImtImagePlugin
2026-06-02 17:25:36,759 - PIL.Image - DEBUG - Importing IptcImagePlugin
2026-06-02 17:25:36,761 - PIL.Image - DEBUG - Importing JpegImagePlugin
2026-06-02 17:25:36,761 - PIL.Image - DEBUG - Importing Jpeg2KImagePlugin
2026-06-02 17:25:36,761 - PIL.Image - DEBUG - Importing McIdasImagePlugin
2026-06-02 17:25:36,763 - PIL.Image - DEBUG - Importing MicImagePlugin
2026-06-02 17:25:36,768 - PIL.Image - DEBUG - Image: failed to import MicImagePlugin: No module named 'olefile'
2026-06-02 17:25:36,768 - PIL.Image - DEBUG - Importing MpegImagePlugin
2026-06-02 17:25:36,770 - PIL.Image - DEBUG - Importing MpoImagePlugin
2026-06-02 17:25:36,791 - PIL.Image - DEBUG - Importing MspImagePlugin
2026-06-02 17:25:36,794 - PIL.Image - DEBUG - Importing PalmImagePlugin
2026-06-02 17:25:36,796 - PIL.Image - DEBUG - Importing PcdImagePlugin
2026-06-02 17:25:36,798 - PIL.Image - DEBUG - Importing PcxImagePlugin
2026-06-02 17:25:36,798 - PIL.Image - DEBUG - Importing PdfImagePlugin
2026-06-02 17:25:36,811 - PIL.Image - DEBUG - Importing PixarImagePlugin
2026-06-02 17:25:36,812 - PIL.Image - DEBUG - Importing PngImagePlugin
2026-06-02 17:25:36,812 - PIL.Image - DEBUG - Importing PpmImagePlugin
2026-06-02 17:25:36,813 - PIL.Image - DEBUG - Importing PsdImagePlugin
2026-06-02 17:25:36,814 - PIL.Image - DEBUG - Importing QoiImagePlugin
2026-06-02 17:25:36,816 - PIL.Image - DEBUG - Importing SgiImagePlugin
2026-06-02 17:25:36,818 - PIL.Image - DEBUG - Importing SpiderImagePlugin
2026-06-02 17:25:36,819 - PIL.Image - DEBUG - Importing SunImagePlugin
2026-06-02 17:25:36,821 - PIL.Image - DEBUG - Importing TgaImagePlugin
2026-06-02 17:25:36,823 - PIL.Image - DEBUG - Importing TiffImagePlugin
2026-06-02 17:25:36,824 - PIL.Image - DEBUG - Importing WebPImagePlugin
2026-06-02 17:25:36,828 - PIL.Image - DEBUG - Importing WmfImagePlugin
2026-06-02 17:25:36,830 - PIL.Image - DEBUG - Importing XbmImagePlugin
2026-06-02 17:25:36,833 - PIL.Image - DEBUG - Importing XpmImagePlugin
2026-06-02 17:25:36,835 - PIL.Image - DEBUG - Importing XVThumbImagePlugin
2026-06-02 17:25:37,000 - voice.tts_engines.piper_engine - ERROR - Piper TTS dependencies not installed: No module named 'piper.download'
2026-06-02 17:25:37,000 - voice.tts_engines.piper_engine - WARNING - To install Piper: pip install piper-tts sounddevice numpy
2026-06-02 17:25:37,000 - voice.tts_engines.engine_selector - WARNING - Failed to initialize piper, falling back...
2026-06-02 17:25:37,000 - voice.tts_engines.piper_engine - INFO - Initializing Piper TTS engine...
2026-06-02 17:25:37,000 - voice.tts_engines.piper_engine - ERROR - Piper TTS dependencies not installed: No module named 'piper.download'
2026-06-02 17:25:37,001 - voice.tts_engines.piper_engine - WARNING - To install Piper: pip install piper-tts sounddevice numpy
2026-06-02 17:25:37,005 - voice.tts_engines.pyttsx3_engine - INFO - Initializing pyttsx3 TTS engine...
2026-06-02 17:25:37,018 - comtypes - DEBUG - CoInitializeEx(None, 2)
2026-06-02 17:25:37,081 - comtypes.client._code_cache - INFO - Imported existing <module 'comtypes.gen' from 'C:\\Users\\jashw\\AppData\\Local\\Packages\\PythonSoftwareFoundation.Python.3.12_qbz5n2kfra8p0\\LocalCache\\local-packages\\Python312\\site-packages\\comtypes\\gen\\__init__.py'>
2026-06-02 17:25:37,082 - comtypes.client._code_cache - INFO - Using writeable comtypes cache directory: 'C:\Users\jashw\AppData\Local\Packages\PythonSoftwareFoundation.Python.3.12_qbz5n2kfra8p0\LocalCache\local-packages\Python312\site-packages\comtypes\gen'
2026-06-02 17:25:37,158 - comtypes.client._create - DEBUG - SAPI.SPVoice -> {96749377-3391-11D2-9EE3-00C04F797396}
2026-06-02 17:25:37,158 - comtypes.client._create - DEBUG - CoCreateInstance({96749377-3391-11D2-9EE3-00C04F797396}, clsctx=None, interface=None)
2026-06-02 17:25:37,173 - comtypes.client._managing - DEBUG - GetBestInterface(<POINTER(IUnknown) ptr=0x1ac0a127360 at 1ac3a3db250>)
2026-06-02 17:25:37,173 - comtypes.client._managing - DEBUG - Does implement IProvideClassInfo
2026-06-02 17:25:37,175 - comtypes.client._managing - DEBUG - Default interface is {269316D8-57BD-11D2-9EEE-00C04F797396}
2026-06-02 17:25:37,175 - comtypes._post_coinit.unknwn - DEBUG - Release <POINTER(IUnknown) ptr=0x1ac0a1273a0 at 1ac3a3db650>
2026-06-02 17:25:37,177 - comtypes.client._generate - DEBUG - GetModule(TLIBATTR(GUID={C866CA3A-32F7-11D2-9602-00C04F8EE628}, Version=5.4, LCID=0, FLags=0x8))
2026-06-02 17:25:37,177 - comtypes.client._managing - DEBUG - Implements default interface from typeinfo <class 'comtypes.gen._C866CA3A_32F7_11D2_9602_00C04F8EE628_0_5_4.ISpeechVoice'>
2026-06-02 17:25:37,177 - comtypes.client._managing - DEBUG - Final result is <POINTER(ISpeechVoice) ptr=0x1ac0a1273a0 at 1ac3a3db5d0>
2026-06-02 17:25:37,177 - comtypes._post_coinit.unknwn - DEBUG - Release <POINTER(IProvideClassInfo) ptr=0x1ac0a1273c0 at 1ac3a3db1d0>
2026-06-02 17:25:37,177 - comtypes._post_coinit.unknwn - DEBUG - Release <POINTER(ITypeInfo) ptr=0x1ac3a0274f8 at 1ac3a3db2d0>
2026-06-02 17:25:37,177 - comtypes._post_coinit.unknwn - DEBUG - Release <POINTER(ITypeInfo) ptr=0x1ac3a027550 at 1ac3a3db450>
2026-06-02 17:25:37,177 - comtypes._post_coinit.unknwn - DEBUG - Release <POINTER(ITypeLib) ptr=0x1ac39ddfb20 at 1ac3a3db650>
2026-06-02 17:25:37,177 - comtypes._post_coinit.unknwn - DEBUG - Release <POINTER(IUnknown) ptr=0x1ac0a127360 at 1ac3a3db250>
2026-06-02 17:25:37,177 - comtypes.client._events - DEBUG - <POINTER(ISpeechVoice) ptr=0x1ac0a1273a0 at 1ac3a3db5d0> using sinkinterface from clsid <class 'comtypes.gen._C866CA3A_32F7_11D2_9602_00C04F8EE628_0_5_4._ISpeechVoiceEvents'>
2026-06-02 17:25:37,178 - comtypes._post_coinit.unknwn - DEBUG - Release <POINTER(IProvideClassInfo2) ptr=0x1ac0a1273c0 at 1ac3a3db250>
2026-06-02 17:25:37,178 - comtypes._vtbl - DEBUG - <comtypes.client._events.CreateEventReceiver.<locals>.Sink object at 0x000001AC39493560>: _ISpeechVoiceEvents.VoiceChange not implemented
2026-06-02 17:25:37,178 - comtypes._vtbl - DEBUG - <comtypes.client._events.CreateEventReceiver.<locals>.Sink object at 0x000001AC39493560>: _ISpeechVoiceEvents.Bookmark not implemented
2026-06-02 17:25:37,179 - comtypes._vtbl - DEBUG - <comtypes.client._events.CreateEventReceiver.<locals>.Sink object at 0x000001AC39493560>: _ISpeechVoiceEvents.Sentence not implemented
2026-06-02 17:25:37,179 - comtypes._vtbl - DEBUG - <comtypes.client._events.CreateEventReceiver.<locals>.Sink object at 0x000001AC39493560>: _ISpeechVoiceEvents.Phoneme not implemented
2026-06-02 17:25:37,179 - comtypes._vtbl - DEBUG - <comtypes.client._events.CreateEventReceiver.<locals>.Sink object at 0x000001AC39493560>: _ISpeechVoiceEvents.Viseme not implemented
2026-06-02 17:25:37,179 - comtypes._vtbl - DEBUG - <comtypes.client._events.CreateEventReceiver.<locals>.Sink object at 0x000001AC39493560>: _ISpeechVoiceEvents.AudioLevel not implemented
2026-06-02 17:25:37,179 - comtypes._vtbl - DEBUG - <comtypes.client._events.CreateEventReceiver.<locals>.Sink object at 0x000001AC39493560>: _ISpeechVoiceEvents.EnginePrivate not implemented
2026-06-02 17:25:37,179 - comtypes.client._events - DEBUG - Start advise <class 'comtypes.gen._C866CA3A_32F7_11D2_9602_00C04F8EE628_0_5_4._ISpeechVoiceEvents'>
2026-06-02 17:25:37,179 - comtypes._comobject - DEBUG - <comtypes.client._events.CreateEventReceiver.<locals>.Sink object at 0x000001AC39493560>.QueryInterface({A372ACD1-3BEF-4BBD-8FFB-CB3E2B416AF8}) -> S_OK
2026-06-02 17:25:37,179 - comtypes._comobject - DEBUG - 1 active COM objects: Added   <comtypes.client._events.CreateEventReceiver.<locals>.Sink object at 0x000001AC39493560>
2026-06-02 17:25:37,179 - comtypes._comobject - DEBUG - <comtypes.client._events.CreateEventReceiver.<locals>.Sink object at 0x000001AC39493560>.AddRef() -> 1
2026-06-02 17:25:37,184 - comtypes._post_coinit.unknwn - DEBUG - Release <POINTER(IConnectionPointContainer) ptr=0x1ac0a1273c8 at 1ac39ee7850>
2026-06-02 17:25:37,269 - comtypes.client._managing - DEBUG - wrap_outparam(<POINTER(ISpeechObjectToken) ptr=0x1ac0a162910 at 1ac39ee7850>)
2026-06-02 17:25:37,269 - comtypes._post_coinit.unknwn - DEBUG - Release <POINTER(ISpeechObjectToken) ptr=0x1ac0a162910 at 1ac39ee7850>
2026-06-02 17:25:37,270 - comtypes.client._managing - DEBUG - wrap_outparam(<POINTER(ISpeechObjectTokens) ptr=0x1ac0a179cc0 at 1ac39ee7850>)
2026-06-02 17:25:37,270 - comtypes._post_coinit.unknwn - DEBUG - Release <POINTER(IUnknown) ptr=0x1ac0dfec140 at 1ac39ee75d0>
2026-06-02 17:25:37,270 - comtypes.client._managing - DEBUG - wrap_outparam(<POINTER(IDispatch) ptr=0x1ac0df42c20 at 1ac39ee72d0>)
2026-06-02 17:25:37,270 - comtypes.client._managing - DEBUG - GetBestInterface(<POINTER(IDispatch) ptr=0x1ac0df42c20 at 1ac39ee72d0>)
2026-06-02 17:25:37,270 - comtypes.client._managing - DEBUG - Does NOT implement IProvideClassInfo, trying IProvideClassInfo2
2026-06-02 17:25:37,270 - comtypes.client._managing - DEBUG - Does NOT implement IProvideClassInfo/IProvideClassInfo2
2026-06-02 17:25:37,271 - comtypes._post_coinit.unknwn - DEBUG - Release <POINTER(IUnknown) ptr=0x1ac3a027600 at 1ac3a620a50>
2026-06-02 17:25:37,271 - comtypes.client._managing - DEBUG - Default interface is {C74A3ADC-B727-4500-A84A-B526721C8B8C}
2026-06-02 17:25:37,271 - comtypes._post_coinit.unknwn - DEBUG - Release <POINTER(IUnknown) ptr=0x1ac0df42c20 at 1ac3a620b50>
2026-06-02 17:25:37,271 - comtypes.client._generate - DEBUG - GetModule(TLIBATTR(GUID={C866CA3A-32F7-11D2-9602-00C04F8EE628}, Version=5.4, LCID=0, FLags=0x8))
2026-06-02 17:25:37,271 - comtypes.client._managing - DEBUG - Implements default interface from typeinfo <class 'comtypes.gen._C866CA3A_32F7_11D2_9602_00C04F8EE628_0_5_4.ISpeechObjectToken'>
2026-06-02 17:25:37,271 - comtypes.client._managing - DEBUG - Final result is <POINTER(ISpeechObjectToken) ptr=0x1ac0df42c20 at 1ac3a620a50>
2026-06-02 17:25:37,272 - comtypes._post_coinit.unknwn - DEBUG - Release <POINTER(IDispatch) ptr=0x1ac0df42c20 at 1ac3a6209d0>
2026-06-02 17:25:37,272 - comtypes._post_coinit.unknwn - DEBUG - Release <POINTER(ITypeInfo) ptr=0x1ac3a027600 at 1ac3a620ad0>
2026-06-02 17:25:37,272 - comtypes._post_coinit.unknwn - DEBUG - Release <POINTER(ITypeLib) ptr=0x1ac39ddfb20 at 1ac3a620b50>
2026-06-02 17:25:37,272 - comtypes._post_coinit.unknwn - DEBUG - Release <POINTER(IDispatch) ptr=0x1ac0df42c20 at 1ac39ee72d0>
2026-06-02 17:25:37,272 - comtypes._post_coinit.unknwn - DEBUG - Release <POINTER(IEnumVARIANT) ptr=0x1ac0dfec140 at 1ac39ee7550>
2026-06-02 17:25:37,272 - comtypes._post_coinit.unknwn - DEBUG - Release <POINTER(ISpeechObjectTokens) ptr=0x1ac0a179cc0 at 1ac39ee7850>
2026-06-02 17:25:37,272 - comtypes._post_coinit.unknwn - DEBUG - Release <POINTER(ISpeechObjectToken) ptr=0x1ac0df42c20 at 1ac3a620a50>
2026-06-02 17:25:37,272 - voice.tts_engines.pyttsx3_engine - INFO - Set initial TTS speed to 150 WPM
2026-06-02 17:25:37,273 - comtypes.client._managing - DEBUG - wrap_outparam(<POINTER(ISpeechObjectTokens) ptr=0x1ac0a179cc0 at 1ac39ee7450>)
2026-06-02 17:25:37,273 - comtypes._post_coinit.unknwn - DEBUG - Release <POINTER(IUnknown) ptr=0x1ac0dfec410 at 1ac39ee7850>
2026-06-02 17:25:37,273 - comtypes._post_coinit.unknwn - DEBUG - Release <POINTER(ISpeechObjectTokens) ptr=0x1ac0a179cc0 at 1ac39ee7450>
2026-06-02 17:25:37,273 - comtypes.client._managing - DEBUG - wrap_outparam(<POINTER(IDispatch) ptr=0x1ac0df42c20 at 1ac39ee75d0>)
2026-06-02 17:25:37,273 - comtypes.client._managing - DEBUG - GetBestInterface(<POINTER(IDispatch) ptr=0x1ac0df42c20 at 1ac39ee75d0>)
2026-06-02 17:25:37,274 - comtypes.client._managing - DEBUG - Does NOT implement IProvideClassInfo, trying IProvideClassInfo2
2026-06-02 17:25:37,274 - comtypes.client._managing - DEBUG - Does NOT implement IProvideClassInfo/IProvideClassInfo2
2026-06-02 17:25:37,274 - comtypes._post_coinit.unknwn - DEBUG - Release <POINTER(IUnknown) ptr=0x1ac3a027600 at 1ac3a620a50>
2026-06-02 17:25:37,274 - comtypes.client._managing - DEBUG - Default interface is {C74A3ADC-B727-4500-A84A-B526721C8B8C}
2026-06-02 17:25:37,274 - comtypes._post_coinit.unknwn - DEBUG - Release <POINTER(IUnknown) ptr=0x1ac0df42c20 at 1ac3a620ad0>
2026-06-02 17:25:37,274 - comtypes.client._generate - DEBUG - GetModule(TLIBATTR(GUID={C866CA3A-32F7-11D2-9602-00C04F8EE628}, Version=5.4, LCID=0, FLags=0x8))
2026-06-02 17:25:37,275 - comtypes.client._managing - DEBUG - Implements default interface from typeinfo <class 'comtypes.gen._C866CA3A_32F7_11D2_9602_00C04F8EE628_0_5_4.ISpeechObjectToken'>
2026-06-02 17:25:37,275 - comtypes.client._managing - DEBUG - Final result is <POINTER(ISpeechObjectToken) ptr=0x1ac0df42c20 at 1ac3a620a50>
2026-06-02 17:25:37,275 - comtypes._post_coinit.unknwn - DEBUG - Release <POINTER(IDispatch) ptr=0x1ac0df42c20 at 1ac39ee71d0>
2026-06-02 17:25:37,275 - comtypes._post_coinit.unknwn - DEBUG - Release <POINTER(ITypeInfo) ptr=0x1ac3a027600 at 1ac3a620b50>
2026-06-02 17:25:37,275 - comtypes._post_coinit.unknwn - DEBUG - Release <POINTER(ITypeLib) ptr=0x1ac39ddfb20 at 1ac3a620ad0>
2026-06-02 17:25:37,275 - comtypes._post_coinit.unknwn - DEBUG - Release <POINTER(IDispatch) ptr=0x1ac0df42c20 at 1ac39ee75d0>
2026-06-02 17:25:37,275 - comtypes.client._managing - DEBUG - wrap_outparam(<POINTER(IDispatch) ptr=0x1ac0df42e60 at 1ac39ee72d0>)
2026-06-02 17:25:37,275 - comtypes.client._managing - DEBUG - GetBestInterface(<POINTER(IDispatch) ptr=0x1ac0df42e60 at 1ac39ee72d0>)
2026-06-02 17:25:37,275 - comtypes.client._managing - DEBUG - Does NOT implement IProvideClassInfo, trying IProvideClassInfo2
2026-06-02 17:25:37,277 - comtypes.client._managing - DEBUG - Does NOT implement IProvideClassInfo/IProvideClassInfo2
2026-06-02 17:25:37,277 - comtypes._post_coinit.unknwn - DEBUG - Release <POINTER(IUnknown) ptr=0x1ac3a027600 at 1ac3a620b50>
2026-06-02 17:25:37,277 - comtypes.client._managing - DEBUG - Default interface is {C74A3ADC-B727-4500-A84A-B526721C8B8C}
2026-06-02 17:25:37,277 - comtypes._post_coinit.unknwn - DEBUG - Release <POINTER(IUnknown) ptr=0x1ac0df42e60 at 1ac3a6209d0>
2026-06-02 17:25:37,277 - comtypes.client._generate - DEBUG - GetModule(TLIBATTR(GUID={C866CA3A-32F7-11D2-9602-00C04F8EE628}, Version=5.4, LCID=0, FLags=0x8))
2026-06-02 17:25:37,277 - comtypes.client._managing - DEBUG - Implements default interface from typeinfo <class 'comtypes.gen._C866CA3A_32F7_11D2_9602_00C04F8EE628_0_5_4.ISpeechObjectToken'>
2026-06-02 17:25:37,277 - comtypes.client._managing - DEBUG - Final result is <POINTER(ISpeechObjectToken) ptr=0x1ac0df42e60 at 1ac3a620b50>
2026-06-02 17:25:37,277 - comtypes._post_coinit.unknwn - DEBUG - Release <POINTER(IDispatch) ptr=0x1ac0df42e60 at 1ac3a620ad0>
2026-06-02 17:25:37,278 - comtypes._post_coinit.unknwn - DEBUG - Release <POINTER(ITypeInfo) ptr=0x1ac3a027600 at 1ac3a620c50>
2026-06-02 17:25:37,278 - comtypes._post_coinit.unknwn - DEBUG - Release <POINTER(ITypeLib) ptr=0x1ac39ddfb20 at 1ac3a6209d0>
2026-06-02 17:25:37,278 - comtypes._post_coinit.unknwn - DEBUG - Release <POINTER(IDispatch) ptr=0x1ac0df42e60 at 1ac39ee72d0>
2026-06-02 17:25:37,278 - comtypes._post_coinit.unknwn - DEBUG - Release <POINTER(ISpeechObjectToken) ptr=0x1ac0df42c20 at 1ac3a620a50>
2026-06-02 17:25:37,278 - comtypes._post_coinit.unknwn - DEBUG - Release <POINTER(IEnumVARIANT) ptr=0x1ac0dfec410 at 1ac39ee7550>
2026-06-02 17:25:37,278 - comtypes._post_coinit.unknwn - DEBUG - Release <POINTER(ISpeechObjectToken) ptr=0x1ac0df42e60 at 1ac3a620b50>
2026-06-02 17:25:37,278 - voice.tts_engines.pyttsx3_engine - INFO - Available voices: 2 found
2026-06-02 17:25:37,278 - voice.tts_engines.pyttsx3_engine - INFO -   Voice 0: Microsoft David Desktop - English (United States)
2026-06-02 17:25:37,278 - voice.tts_engines.pyttsx3_engine - INFO - Found target voice: Microsoft David Desktop - English (United States)
2026-06-02 17:25:37,279 - voice.tts_engines.pyttsx3_engine - INFO - pyttsx3 TTS initialized successfully!
2026-06-02 17:25:37,279 - voice.tts_engines.engine_selector - INFO - Using TTS engine: pyttsx3
2026-06-02 17:25:37,279 - voice.tts_engines.pyttsx3_engine - INFO - Set TTS speed to 150 WPM (scale: 1.0)
2026-06-02 17:25:37,304 - voice.voice_memory - INFO - Loaded 26 voice interactions
2026-06-02 17:25:37,327 - voice.audio_router - INFO - Found 2 input devices, 2 output devices
2026-06-02 17:25:37,328 - runtime.runtime_manager - INFO - Initializing JARVIS runtime system
2026-06-02 17:25:37,328 - runtime_core.event_bus - DEBUG - Subscribed to PAUSE
2026-06-02 17:25:37,328 - runtime_core.event_bus - DEBUG - Subscribed to RESUME
2026-06-02 17:25:37,328 - runtime.hotkey_manager - INFO - Initializing hotkey manager
2026-06-02 17:25:37,338 - runtime.hotkey_manager - DEBUG - Keyboard library imported successfully
2026-06-02 17:25:37,338 - runtime.idle_controller - INFO - Initializing idle controller
2026-06-02 17:25:37,338 - runtime.wake_listener - INFO - Initializing wake listener
2026-06-02 17:25:37,408 - runtime.wake_listener - INFO - SpeechRecognition version: 3.16.1
2026-06-02 17:25:37,530 - runtime.wake_listener - INFO - Speech recognition and microphone initialized successfully
2026-06-02 17:25:37,530 - runtime.wake_listener - INFO - Fixed energy threshold set to: 200
2026-06-02 17:25:37,530 - runtime.runtime_manager - INFO - Runtime manager initialized successfully
2026-06-02 17:25:37,530 - runtime.hotkey_manager - INFO - Initializing hotkey manager
2026-06-02 17:25:37,530 - runtime.hotkey_manager - DEBUG - Keyboard library imported successfully
2026-06-02 17:25:37,532 - runtime.wake_listener - INFO - Wake listener started (active)
2026-06-02 17:25:37,532 - runtime.wake_listener - DEBUG - Listening for wake word...
2026-06-02 17:25:37,532 - runtime.idle_controller - DEBUG - Idle controller: idle state - optimizing resources
2026-06-02 17:25:37,532 - runtime.runtime_manager - INFO - Starting JARVIS runtime service
2026-06-02 17:25:37,532 - runtime.background_service - INFO - Starting background service
2026-06-02 17:25:37,532 - asyncio - DEBUG - Using proactor: IocpProactor
2026-06-02 17:25:37,532 - runtime.background_service - INFO - Entering idle loop
2026-06-02 17:25:37,589 - __main__ - INFO - Playing startup greeting (in main thread) - using DIRECT pyttsx3!
2026-06-02 17:25:37,589 - comtypes.client._managing - DEBUG - wrap_outparam(<POINTER(ISpeechObjectTokens) ptr=0x1ac0a179cc0 at 1ac3baf8ad0>)
2026-06-02 17:25:37,590 - comtypes._post_coinit.unknwn - DEBUG - Release <POINTER(IUnknown) ptr=0x1ac0dfec410 at 1ac3baf8a50>
2026-06-02 17:25:37,590 - comtypes._post_coinit.unknwn - DEBUG - Release <POINTER(ISpeechObjectTokens) ptr=0x1ac0a179cc0 at 1ac3baf8ad0>
2026-06-02 17:25:37,590 - comtypes.client._managing - DEBUG - wrap_outparam(<POINTER(IDispatch) ptr=0x1ac0df42cb0 at 1ac3baf8bd0>)
2026-06-02 17:25:37,590 - comtypes.client._managing - DEBUG - GetBestInterface(<POINTER(IDispatch) ptr=0x1ac0df42cb0 at 1ac3baf8bd0>)
2026-06-02 17:25:37,591 - comtypes.client._managing - DEBUG - Does NOT implement IProvideClassInfo, trying IProvideClassInfo2
2026-06-02 17:25:37,591 - comtypes.client._managing - DEBUG - Does NOT implement IProvideClassInfo/IProvideClassInfo2
2026-06-02 17:25:37,591 - comtypes._post_coinit.unknwn - DEBUG - Release <POINTER(IUnknown) ptr=0x1ac3a027600 at 1ac3baf8850>
2026-06-02 17:25:37,591 - comtypes.client._managing - DEBUG - Default interface is {C74A3ADC-B727-4500-A84A-B526721C8B8C}
2026-06-02 17:25:37,591 - comtypes._post_coinit.unknwn - DEBUG - Release <POINTER(IUnknown) ptr=0x1ac0df42cb0 at 1ac3baf97d0>
2026-06-02 17:25:37,591 - comtypes.client._generate - DEBUG - GetModule(TLIBATTR(GUID={C866CA3A-32F7-11D2-9602-00C04F8EE628}, Version=5.4, LCID=0, FLags=0x8))
2026-06-02 17:25:37,592 - comtypes.client._managing - DEBUG - Implements default interface from typeinfo <class 'comtypes.gen._C866CA3A_32F7_11D2_9602_00C04F8EE628_0_5_4.ISpeechObjectToken'>
2026-06-02 17:25:37,592 - comtypes.client._managing - DEBUG - Final result is <POINTER(ISpeechObjectToken) ptr=0x1ac0df42cb0 at 1ac3baf8850>
2026-06-02 17:25:37,592 - comtypes._post_coinit.unknwn - DEBUG - Release <POINTER(IDispatch) ptr=0x1ac0df42cb0 at 1ac3baf88d0>
2026-06-02 17:25:37,592 - comtypes._post_coinit.unknwn - DEBUG - Release <POINTER(ITypeInfo) ptr=0x1ac3a027600 at 1ac3baf8c50>
2026-06-02 17:25:37,592 - comtypes._post_coinit.unknwn - DEBUG - Release <POINTER(ITypeLib) ptr=0x1ac39ddfb20 at 1ac3baf97d0>
2026-06-02 17:25:37,592 - comtypes._post_coinit.unknwn - DEBUG - Release <POINTER(IDispatch) ptr=0x1ac0df42cb0 at 1ac3baf8bd0>
2026-06-02 17:25:37,592 - comtypes.client._managing - DEBUG - wrap_outparam(<POINTER(IDispatch) ptr=0x1ac0df42c20 at 1ac3baf97d0>)
2026-06-02 17:25:37,592 - comtypes.client._managing - DEBUG - GetBestInterface(<POINTER(IDispatch) ptr=0x1ac0df42c20 at 1ac3baf97d0>)
2026-06-02 17:25:37,593 - comtypes.client._managing - DEBUG - Does NOT implement IProvideClassInfo, trying IProvideClassInfo2
2026-06-02 17:25:37,593 - comtypes.client._managing - DEBUG - Does NOT implement IProvideClassInfo/IProvideClassInfo2
2026-06-02 17:25:37,593 - comtypes._post_coinit.unknwn - DEBUG - Release <POINTER(IUnknown) ptr=0x1ac3a027600 at 1ac3baf88d0>
2026-06-02 17:25:37,593 - comtypes.client._managing - DEBUG - Default interface is {C74A3ADC-B727-4500-A84A-B526721C8B8C}
2026-06-02 17:25:37,593 - comtypes._post_coinit.unknwn - DEBUG - Release <POINTER(IUnknown) ptr=0x1ac0df42c20 at 1ac3baf9750>
2026-06-02 17:25:37,594 - comtypes.client._generate - DEBUG - GetModule(TLIBATTR(GUID={C866CA3A-32F7-11D2-9602-00C04F8EE628}, Version=5.4, LCID=0, FLags=0x8))
2026-06-02 17:25:37,594 - comtypes.client._managing - DEBUG - Implements default interface from typeinfo <class 'comtypes.gen._C866CA3A_32F7_11D2_9602_00C04F8EE628_0_5_4.ISpeechObjectToken'>
2026-06-02 17:25:37,594 - comtypes.client._managing - DEBUG - Final result is <POINTER(ISpeechObjectToken) ptr=0x1ac0df42c20 at 1ac3baf88d0>
2026-06-02 17:25:37,594 - comtypes._post_coinit.unknwn - DEBUG - Release <POINTER(IDispatch) ptr=0x1ac0df42c20 at 1ac3baf8c50>
2026-06-02 17:25:37,594 - comtypes._post_coinit.unknwn - DEBUG - Release <POINTER(ITypeInfo) ptr=0x1ac3a027600 at 1ac3baf93d0>
2026-06-02 17:25:37,594 - comtypes._post_coinit.unknwn - DEBUG - Release <POINTER(ITypeLib) ptr=0x1ac39ddfb20 at 1ac3baf9750>
2026-06-02 17:25:37,595 - comtypes._post_coinit.unknwn - DEBUG - Release <POINTER(IDispatch) ptr=0x1ac0df42c20 at 1ac3baf97d0>
2026-06-02 17:25:37,595 - comtypes._post_coinit.unknwn - DEBUG - Release <POINTER(ISpeechObjectToken) ptr=0x1ac0df42cb0 at 1ac3baf8850>
2026-06-02 17:25:37,595 - comtypes._post_coinit.unknwn - DEBUG - Release <POINTER(IEnumVARIANT) ptr=0x1ac0dfec410 at 1ac3baf89d0>
2026-06-02 17:25:37,595 - comtypes._post_coinit.unknwn - DEBUG - Release <POINTER(ISpeechObjectToken) ptr=0x1ac0df42c20 at 1ac3baf88d0>
2026-06-02 17:25:37,595 - __main__ - INFO - Calling engine.runAndWait()
2026-06-02 17:25:37,595 - comtypes.client._managing - DEBUG - wrap_outparam(<POINTER(ISpeechObjectToken) ptr=0x1ac0a162910 at 1ac3baf8a50>)
2026-06-02 17:25:37,595 - comtypes._post_coinit.unknwn - DEBUG - Release <POINTER(ISpeechObjectToken) ptr=0x1ac0a162910 at 1ac3baf8a50>
2026-06-02 17:25:37,597 - comtypes.client._managing - DEBUG - wrap_outparam(<POINTER(ISpeechObjectTokens) ptr=0x1ac0a179cc0 at 1ac3baf88d0>)
2026-06-02 17:25:37,597 - comtypes._post_coinit.unknwn - DEBUG - Release <POINTER(IUnknown) ptr=0x1ac0dfec050 at 1ac3baf89d0>
2026-06-02 17:25:37,597 - comtypes.client._managing - DEBUG - wrap_outparam(<POINTER(IDispatch) ptr=0x1ac0df42290 at 1ac3baf97d0>)
2026-06-02 17:25:37,598 - comtypes.client._managing - DEBUG - GetBestInterface(<POINTER(IDispatch) ptr=0x1ac0df42290 at 1ac3baf97d0>)
2026-06-02 17:25:37,598 - comtypes.client._managing - DEBUG - Does NOT implement IProvideClassInfo, trying IProvideClassInfo2
2026-06-02 17:25:37,599 - comtypes.client._managing - DEBUG - Does NOT implement IProvideClassInfo/IProvideClassInfo2
2026-06-02 17:25:37,599 - comtypes._post_coinit.unknwn - DEBUG - Release <POINTER(IUnknown) ptr=0x1ac3a027600 at 1ac3baf93d0>
2026-06-02 17:25:37,599 - comtypes.client._managing - DEBUG - Default interface is {C74A3ADC-B727-4500-A84A-B526721C8B8C}
2026-06-02 17:25:37,599 - comtypes._post_coinit.unknwn - DEBUG - Release <POINTER(IUnknown) ptr=0x1ac0df42290 at 1ac3baf94d0>
2026-06-02 17:25:37,599 - comtypes.client._generate - DEBUG - GetModule(TLIBATTR(GUID={C866CA3A-32F7-11D2-9602-00C04F8EE628}, Version=5.4, LCID=0, FLags=0x8))
2026-06-02 17:25:37,600 - comtypes.client._managing - DEBUG - Implements default interface from typeinfo <class 'comtypes.gen._C866CA3A_32F7_11D2_9602_00C04F8EE628_0_5_4.ISpeechObjectToken'>
2026-06-02 17:25:37,600 - comtypes.client._managing - DEBUG - Final result is <POINTER(ISpeechObjectToken) ptr=0x1ac0df42290 at 1ac3baf93d0>
2026-06-02 17:25:37,600 - comtypes._post_coinit.unknwn - DEBUG - Release <POINTER(IDispatch) ptr=0x1ac0df42290 at 1ac3baf8750>
2026-06-02 17:25:37,600 - comtypes._post_coinit.unknwn - DEBUG - Release <POINTER(ITypeInfo) ptr=0x1ac3a027600 at 1ac3baf8c50>
2026-06-02 17:25:37,600 - comtypes._post_coinit.unknwn - DEBUG - Release <POINTER(ITypeLib) ptr=0x1ac39ddfb20 at 1ac3baf94d0>
2026-06-02 17:25:37,600 - comtypes._post_coinit.unknwn - DEBUG - Release <POINTER(IDispatch) ptr=0x1ac0df42290 at 1ac3baf97d0>
2026-06-02 17:25:37,600 - comtypes._post_coinit.unknwn - DEBUG - Release <POINTER(IEnumVARIANT) ptr=0x1ac0dfec050 at 1ac3baf8a50>
2026-06-02 17:25:37,601 - comtypes._post_coinit.unknwn - DEBUG - Release <POINTER(ISpeechObjectTokens) ptr=0x1ac0a179cc0 at 1ac3baf88d0>
2026-06-02 17:25:37,601 - comtypes._post_coinit.unknwn - DEBUG - Release <POINTER(ISpeechObjectToken) ptr=0x1ac0df42290 at 1ac3baf93d0>
2026-06-02 17:25:37,601 - comtypes.client._managing - DEBUG - wrap_outparam(<POINTER(ISpeechObjectToken) ptr=0x1ac0a162910 at 1ac39ee7450>)
2026-06-02 17:25:37,601 - comtypes._post_coinit.unknwn - DEBUG - Release <POINTER(ISpeechObjectToken) ptr=0x1ac0a162910 at 1ac39ee7450>
2026-06-02 17:25:37,602 - comtypes.client._managing - DEBUG - wrap_outparam(<POINTER(ISpeechObjectTokens) ptr=0x1ac0a179cc0 at 1ac39ee7450>)
2026-06-02 17:25:37,602 - comtypes._post_coinit.unknwn - DEBUG - Release <POINTER(IUnknown) ptr=0x1ac0dfec730 at 1ac3baf93d0>
2026-06-02 17:25:37,602 - comtypes.client._managing - DEBUG - wrap_outparam(<POINTER(IDispatch) ptr=0x1ac0df431c0 at 1ac3baf89d0>)
2026-06-02 17:25:37,602 - comtypes.client._managing - DEBUG - GetBestInterface(<POINTER(IDispatch) ptr=0x1ac0df431c0 at 1ac3baf89d0>)
2026-06-02 17:25:37,602 - comtypes.client._managing - DEBUG - Does NOT implement IProvideClassInfo, trying IProvideClassInfo2
2026-06-02 17:25:37,603 - comtypes.client._managing - DEBUG - Does NOT implement IProvideClassInfo/IProvideClassInfo2
2026-06-02 17:25:37,603 - comtypes._post_coinit.unknwn - DEBUG - Release <POINTER(IUnknown) ptr=0x1ac3a027600 at 1ac3baf8950>
2026-06-02 17:25:37,603 - comtypes.client._managing - DEBUG - Default interface is {C74A3ADC-B727-4500-A84A-B526721C8B8C}
2026-06-02 17:25:37,603 - comtypes._post_coinit.unknwn - DEBUG - Release <POINTER(IUnknown) ptr=0x1ac0df431c0 at 1ac3baf8c50>
2026-06-02 17:25:37,603 - comtypes.client._generate - DEBUG - GetModule(TLIBATTR(GUID={C866CA3A-32F7-11D2-9602-00C04F8EE628}, Version=5.4, LCID=0, FLags=0x8))
2026-06-02 17:25:37,603 - comtypes.client._managing - DEBUG - Implements default interface from typeinfo <class 'comtypes.gen._C866CA3A_32F7_11D2_9602_00C04F8EE628_0_5_4.ISpeechObjectToken'>
2026-06-02 17:25:37,604 - comtypes.client._managing - DEBUG - Final result is <POINTER(ISpeechObjectToken) ptr=0x1ac0df431c0 at 1ac3baf8950>
2026-06-02 17:25:37,604 - comtypes._post_coinit.unknwn - DEBUG - Release <POINTER(IDispatch) ptr=0x1ac0df431c0 at 1ac3baf94d0>
2026-06-02 17:25:37,604 - comtypes._post_coinit.unknwn - DEBUG - Release <POINTER(ITypeInfo) ptr=0x1ac3a027600 at 1ac3baf9750>
2026-06-02 17:25:37,604 - comtypes._post_coinit.unknwn - DEBUG - Release <POINTER(ITypeLib) ptr=0x1ac39ddfb20 at 1ac3baf8c50>
2026-06-02 17:25:37,604 - comtypes._post_coinit.unknwn - DEBUG - Release <POINTER(IDispatch) ptr=0x1ac0df431c0 at 1ac3baf89d0>
2026-06-02 17:25:37,604 - comtypes._post_coinit.unknwn - DEBUG - Release <POINTER(IEnumVARIANT) ptr=0x1ac0dfec730 at 1ac3baf88d0>
2026-06-02 17:25:37,604 - comtypes._post_coinit.unknwn - DEBUG - Release <POINTER(ISpeechObjectTokens) ptr=0x1ac0a179cc0 at 1ac39ee7450>
2026-06-02 17:25:37,605 - comtypes._post_coinit.unknwn - DEBUG - Release <POINTER(ISpeechObjectToken) ptr=0x1ac0df431c0 at 1ac3baf8950>
2026-06-02 17:25:37,605 - comtypes.client._managing - DEBUG - wrap_outparam(<POINTER(ISpeechObjectToken) ptr=0x1ac0a162910 at 1ac39ee7450>)
2026-06-02 17:25:37,605 - comtypes._post_coinit.unknwn - DEBUG - Release <POINTER(ISpeechObjectToken) ptr=0x1ac0a162910 at 1ac39ee7450>
2026-06-02 17:25:37,665 - runtime.hotkey_manager - INFO - Hotkey listener started (CTRL+P registered)
2026-06-02 17:25:38,533 - runtime.idle_controller - DEBUG - Idle controller: idle state - optimizing resources
2026-06-02 17:25:39,533 - runtime.idle_controller - DEBUG - Idle controller: idle state - optimizing resources
2026-06-02 17:25:40,534 - runtime.idle_controller - DEBUG - Idle controller: idle state - optimizing resources
2026-06-02 17:25:41,521 - runtime.wake_listener - INFO - Heard: jarvis online
2026-06-02 17:25:41,521 - runtime.wake_listener - INFO - Wake word detected!
2026-06-02 17:25:41,521 - runtime_core.event_bus - INFO - Publishing event: WAKE_WORD_DETECTED from wake_listener
2026-06-02 17:25:41,521 - runtime_core.runtime_state_machine - INFO - State transition: IDLE → LISTENING
2026-06-02 17:25:41,526 - runtime_core.event_bus - INFO - Publishing event: STATE_CHANGE from state_machine
2026-06-02 17:25:41,526 - runtime.wake_listener - INFO - Capturing command...
2026-06-02 17:25:41,534 - runtime.idle_controller - DEBUG - Idle controller: idle state - optimizing resources
2026-06-02 17:25:42,535 - runtime.idle_controller - DEBUG - Idle controller: idle state - optimizing resources
2026-06-02 17:25:43,535 - runtime.idle_controller - DEBUG - Idle controller: idle state - optimizing resources
2026-06-02 17:25:44,535 - runtime.idle_controller - DEBUG - Idle controller: idle state - optimizing resources
2026-06-02 17:25:45,536 - runtime.idle_controller - DEBUG - Idle controller: idle state - optimizing resources
2026-06-02 17:25:46,536 - runtime.idle_controller - DEBUG - Idle controller: idle state - optimizing resources
2026-06-02 17:25:47,537 - runtime.idle_controller - DEBUG - Idle controller: idle state - optimizing resources
2026-06-02 17:25:48,537 - runtime.idle_controller - DEBUG - Idle controller: idle state - optimizing resources
2026-06-02 17:25:49,538 - runtime.idle_controller - DEBUG - Idle controller: idle state - optimizing resources
2026-06-02 17:25:50,538 - runtime.idle_controller - DEBUG - Idle controller: idle state - optimizing resources
2026-06-02 17:25:51,539 - runtime.idle_controller - DEBUG - Idle controller: idle state - optimizing resources
2026-06-02 17:25:52,539 - runtime.idle_controller - DEBUG - Idle controller: idle state - optimizing resources
2026-06-02 17:25:53,540 - runtime.idle_controller - DEBUG - Idle controller: idle state - optimizing resources
2026-06-02 17:25:54,580 - runtime.idle_controller - DEBUG - Idle controller: idle state - optimizing resources
2026-06-02 17:25:55,580 - runtime.idle_controller - DEBUG - Idle controller: idle state - optimizing resources
2026-06-02 17:25:56,580 - runtime.idle_controller - DEBUG - Idle controller: idle state - optimizing resources
2026-06-02 17:25:57,581 - runtime.idle_controller - DEBUG - Idle controller: idle state - optimizing resources
2026-06-02 17:25:58,581 - runtime.idle_controller - DEBUG - Idle controller: idle state - optimizing resources
2026-06-02 17:25:59,582 - runtime.idle_controller - DEBUG - Idle controller: idle state - optimizing resources
2026-06-02 17:26:00,583 - runtime.idle_controller - DEBUG - Idle controller: idle state - optimizing resources
2026-06-02 17:26:01,124 - runtime.wake_listener - WARNING - Could not understand command
2026-06-02 17:26:01,124 - runtime_core.runtime_state_machine - INFO - State transition: LISTENING → IDLE
2026-06-02 17:26:01,128 - runtime_core.event_bus - INFO - Publishing event: STATE_CHANGE from state_machine
2026-06-02 17:26:01,128 - runtime.wake_listener - DEBUG - Listening for wake word...
2026-06-02 17:26:01,583 - runtime.idle_controller - DEBUG - Idle controller: idle state - optimizing resources
2026-06-02 17:26:02,583 - runtime.idle_controller - DEBUG - Idle controller: idle state - optimizing resources
2026-06-02 17:26:03,584 - runtime.idle_controller - DEBUG - Idle controller: idle state - optimizing resources
2026-06-02 17:26:04,584 - runtime.idle_controller - DEBUG - Idle controller: idle state - optimizing resources
2026-06-02 17:26:05,585 - runtime.idle_controller - DEBUG - Idle controller: idle state - optimizing resources
2026-06-02 17:26:06,585 - runtime.idle_controller - DEBUG - Idle controller: idle state - optimizing resources
2026-06-02 17:26:07,585 - runtime.idle_controller - DEBUG - Idle controller: idle state - optimizing resources
2026-06-02 17:26:08,586 - runtime.idle_controller - DEBUG - Idle controller: idle state - optimizing resources
2026-06-02 17:26:09,586 - runtime.idle_controller - DEBUG - Idle controller: idle state - optimizing resources
2026-06-02 17:26:10,587 - runtime.idle_controller - DEBUG - Idle controller: idle state - optimizing resources
2026-06-02 17:26:11,587 - runtime.idle_controller - DEBUG - Idle controller: idle state - optimizing resources
2026-06-02 17:26:12,588 - runtime.idle_controller - DEBUG - Idle controller: idle state - optimizing resources
2026-06-02 17:26:13,588 - runtime.idle_controller - DEBUG - Idle controller: idle state - optimizing resources
2026-06-02 17:26:14,589 - runtime.idle_controller - DEBUG - Idle controller: idle state - optimizing resources
2026-06-02 17:26:15,589 - runtime.idle_controller - DEBUG - Idle controller: idle state - optimizing resources
2026-06-02 17:26:16,589 - runtime.idle_controller - DEBUG - Idle controller: idle state - optimizing resources
2026-06-02 17:26:17,590 - runtime.idle_controller - DEBUG - Idle controller: idle state - optimizing resources
2026-06-02 17:26:18,590 - runtime.idle_controller - DEBUG - Idle controller: idle state - optimizing resources
2026-06-02 17:26:19,591 - runtime.idle_controller - DEBUG - Idle controller: idle state - optimizing resources
2026-06-02 17:26:20,591 - runtime.idle_controller - DEBUG - Idle controller: idle state - optimizing resources
2026-06-02 17:26:21,591 - runtime.idle_controller - DEBUG - Idle controller: idle state - optimizing resources
2026-06-02 17:26:22,592 - runtime.idle_controller - DEBUG - Idle controller: idle state - optimizing resources
2026-06-02 17:26:23,592 - runtime.idle_controller - DEBUG - Idle controller: idle state - optimizing resources
2026-06-02 17:26:24,592 - runtime.idle_controller - DEBUG - Idle controller: idle state - optimizing resources
2026-06-02 17:26:25,592 - runtime.idle_controller - DEBUG - Idle controller: idle state - optimizing resources
2026-06-02 17:26:26,593 - runtime.idle_controller - DEBUG - Idle controller: idle state - optimizing resources
2026-06-02 17:26:27,593 - runtime.idle_controller - DEBUG - Idle controller: idle state - optimizing resources
2026-06-02 17:26:28,593 - runtime.idle_controller - DEBUG - Idle controller: idle state - optimizing resources
2026-06-02 17:26:29,594 - runtime.idle_controller - DEBUG - Idle controller: idle state - optimizing resources
2026-06-02 17:26:30,595 - runtime.idle_controller - DEBUG - Idle controller: idle state - optimizing resources
2026-06-02 17:26:31,595 - runtime.idle_controller - DEBUG - Idle controller: idle state - optimizing resources
2026-06-02 17:26:32,595 - runtime.idle_controller - DEBUG - Idle controller: idle state - optimizing resources
2026-06-02 17:26:33,596 - runtime.idle_controller - DEBUG - Idle controller: idle state - optimizing resources
2026-06-02 17:26:34,596 - runtime.idle_controller - DEBUG - Idle controller: idle state - optimizing resources
2026-06-02 17:26:35,596 - runtime.idle_controller - DEBUG - Idle controller: idle state - optimizing resources
2026-06-02 17:26:36,597 - runtime.idle_controller - DEBUG - Idle controller: idle state - optimizing resources
2026-06-02 17:26:37,597 - runtime.idle_controller - DEBUG - Idle controller: idle state - optimizing resources
2026-06-02 17:26:38,598 - runtime.idle_controller - DEBUG - Idle controller: idle state - optimizing resources
2026-06-02 17:26:39,599 - runtime.idle_controller - DEBUG - Idle controller: idle state - optimizing resources
2026-06-02 17:26:40,599 - runtime.idle_controller - DEBUG - Idle controller: idle state - optimizing resources
2026-06-02 17:26:41,599 - runtime.idle_controller - DEBUG - Idle controller: idle state - optimizing resources
2026-06-02 17:26:42,600 - runtime.idle_controller - DEBUG - Idle controller: idle state - optimizing resources
2026-06-02 17:26:43,601 - runtime.idle_controller - DEBUG - Idle controller: idle state - optimizing resources
2026-06-02 17:26:44,601 - runtime.idle_controller - DEBUG - Idle controller: idle state - optimizing resources
2026-06-02 17:26:45,601 - runtime.idle_controller - DEBUG - Idle controller: idle state - optimizing resources
2026-06-02 17:26:46,602 - runtime.idle_controller - DEBUG - Idle controller: idle state - optimizing resources
2026-06-02 17:26:47,602 - runtime.idle_controller - DEBUG - Idle controller: idle state - optimizing resources
2026-06-02 17:26:48,603 - runtime.idle_controller - DEBUG - Idle controller: idle state - optimizing resources
2026-06-02 17:26:49,603 - runtime.idle_controller - DEBUG - Idle controller: idle state - optimizing resources
2026-06-02 17:26:50,603 - runtime.idle_controller - DEBUG - Idle controller: idle state - optimizing resources
2026-06-02 17:26:51,604 - runtime.idle_controller - DEBUG - Idle controller: idle state - optimizing resources
2026-06-02 17:26:52,604 - runtime.idle_controller - DEBUG - Idle controller: idle state - optimizing resources
2026-06-02 17:26:53,605 - runtime.idle_controller - DEBUG - Idle controller: idle state - optimizing resources
2026-06-02 17:26:54,605 - runtime.idle_controller - DEBUG - Idle controller: idle state - optimizing resources
2026-06-02 17:26:55,606 - runtime.idle_controller - DEBUG - Idle controller: idle state - optimizing resources
2026-06-02 17:26:56,606 - runtime.idle_controller - DEBUG - Idle controller: idle state - optimizing resources
2026-06-02 17:26:57,607 - runtime.idle_controller - DEBUG - Idle controller: idle state - optimizing resources
2026-06-02 17:26:58,607 - runtime.idle_controller - DEBUG - Idle controller: idle state - optimizing resources
2026-06-02 17:26:59,607 - runtime.idle_controller - DEBUG - Idle controller: idle state - optimizing resources
2026-06-02 17:27:00,608 - runtime.idle_controller - DEBUG - Idle controller: idle state - optimizing resources
2026-06-02 17:27:01,609 - runtime.idle_controller - DEBUG - Idle controller: idle state - optimizing resources
2026-06-02 17:27:02,609 - runtime.idle_controller - DEBUG - Idle controller: idle state - optimizing resources
2026-06-02 17:27:03,609 - runtime.idle_controller - DEBUG - Idle controller: idle state - optimizing resources
2026-06-02 17:27:04,609 - runtime.idle_controller - DEBUG - Idle controller: idle state - optimizing resources
2026-06-02 17:27:05,610 - runtime.idle_controller - DEBUG - Idle controller: idle state - optimizing resources
2026-06-02 17:27:06,610 - runtime.idle_controller - DEBUG - Idle controller: idle state - optimizing resources
2026-06-02 17:27:07,611 - runtime.idle_controller - DEBUG - Idle controller: idle state - optimizing resources
2026-06-02 17:27:08,612 - runtime.idle_controller - DEBUG - Idle controller: idle state - optimizing resources
2026-06-02 17:27:09,612 - runtime.idle_controller - DEBUG - Idle controller: idle state - optimizing resources
2026-06-02 17:27:10,612 - runtime.idle_controller - DEBUG - Idle controller: idle state - optimizing resources
2026-06-02 17:27:11,613 - runtime.idle_controller - DEBUG - Idle controller: idle state - optimizing resources
2026-06-02 17:27:12,613 - runtime.idle_controller - DEBUG - Idle controller: idle state - optimizing resources
2026-06-02 17:27:13,614 - runtime.idle_controller - DEBUG - Idle controller: idle state - optimizing resources
2026-06-02 17:27:14,614 - runtime.idle_controller - DEBUG - Idle controller: idle state - optimizing resources
2026-06-02 17:27:15,615 - runtime.idle_controller - DEBUG - Idle controller: idle state - optimizing resources
2026-06-02 17:27:16,615 - runtime.idle_controller - DEBUG - Idle controller: idle state - optimizing resources
2026-06-02 17:27:17,615 - runtime.idle_controller - DEBUG - Idle controller: idle state - optimizing resources
2026-06-02 17:27:18,616 - runtime.idle_controller - DEBUG - Idle controller: idle state - optimizing resources
2026-06-02 17:27:19,617 - runtime.idle_controller - DEBUG - Idle controller: idle state - optimizing resources
2026-06-02 17:27:20,617 - runtime.idle_controller - DEBUG - Idle controller: idle state - optimizing resources
2026-06-02 17:27:21,618 - runtime.idle_controller - DEBUG - Idle controller: idle state - optimizing resources
2026-06-02 17:27:22,618 - runtime.idle_controller - DEBUG - Idle controller: idle state - optimizing resources
2026-06-02 17:27:23,619 - runtime.idle_controller - DEBUG - Idle controller: idle state - optimizing resources
2026-06-02 17:27:24,619 - runtime.idle_controller - DEBUG - Idle controller: idle state - optimizing resources
2026-06-02 17:27:25,620 - runtime.idle_controller - DEBUG - Idle controller: idle state - optimizing resources
2026-06-02 17:27:26,620 - runtime.idle_controller - DEBUG - Idle controller: idle state - optimizing resources
2026-06-02 17:27:27,620 - runtime.idle_controller - DEBUG - Idle controller: idle state - optimizing resources
2026-06-02 17:27:28,621 - runtime.idle_controller - DEBUG - Idle controller: idle state - optimizing resources
2026-06-02 17:27:29,621 - runtime.idle_controller - DEBUG - Idle controller: idle state - optimizing resources
2026-06-02 17:27:30,622 - runtime.idle_controller - DEBUG - Idle controller: idle state - optimizing resources
2026-06-02 17:27:31,622 - runtime.idle_controller - DEBUG - Idle controller: idle state - optimizing resources
2026-06-02 17:27:32,622 - runtime.idle_controller - DEBUG - Idle controller: idle state - optimizing resources
2026-06-02 17:27:33,623 - runtime.idle_controller - DEBUG - Idle controller: idle state - optimizing resources
2026-06-02 17:27:34,623 - runtime.idle_controller - DEBUG - Idle controller: idle state - optimizing resources
2026-06-02 17:27:35,624 - runtime.idle_controller - DEBUG - Idle controller: idle state - optimizing resources
2026-06-02 17:27:36,624 - runtime.idle_controller - DEBUG - Idle controller: idle state - optimizing resources
2026-06-02 17:27:37,624 - runtime.idle_controller - DEBUG - Idle controller: idle state - optimizing resources
2026-06-02 17:27:38,625 - runtime.idle_controller - DEBUG - Idle controller: idle state - optimizing resources
2026-06-02 17:27:39,626 - runtime.idle_controller - DEBUG - Idle controller: idle state - optimizing resources
2026-06-02 17:27:40,626 - runtime.idle_controller - DEBUG - Idle controller: idle state - optimizing resources
2026-06-02 17:27:41,626 - runtime.idle_controller - DEBUG - Idle controller: idle state - optimizing resources
2026-06-02 17:27:42,627 - runtime.idle_controller - DEBUG - Idle controller: idle state - optimizing resources
2026-06-02 17:27:43,627 - runtime.idle_controller - DEBUG - Idle controller: idle state - optimizing resources
2026-06-02 17:27:44,628 - runtime.idle_controller - DEBUG - Idle controller: idle state - optimizing resources
2026-06-02 17:27:45,628 - runtime.idle_controller - DEBUG - Idle controller: idle state - optimizing resources
2026-06-02 17:27:46,629 - runtime.idle_controller - DEBUG - Idle controller: idle state - optimizing resources
2026-06-02 17:27:47,629 - runtime.idle_controller - DEBUG - Idle controller: idle state - optimizing resources
2026-06-02 17:27:48,630 - runtime.idle_controller - DEBUG - Idle controller: idle state - optimizing resources
2026-06-02 17:27:49,630 - runtime.idle_controller - DEBUG - Idle controller: idle state - optimizing resources
2026-06-02 17:27:50,631 - runtime.idle_controller - DEBUG - Idle controller: idle state - optimizing resources
2026-06-02 17:27:51,631 - runtime.idle_controller - DEBUG - Idle controller: idle state - optimizing resources
2026-06-02 17:27:52,632 - runtime.idle_controller - DEBUG - Idle controller: idle state - optimizing resources
2026-06-02 17:27:53,632 - runtime.idle_controller - DEBUG - Idle controller: idle state - optimizing resources
2026-06-02 17:27:54,632 - runtime.idle_controller - DEBUG - Idle controller: idle state - optimizing resources
2026-06-02 17:27:55,633 - runtime.idle_controller - DEBUG - Idle controller: idle state - optimizing resources
2026-06-02 17:27:56,633 - runtime.idle_controller - DEBUG - Idle controller: idle state - optimizing resources
2026-06-02 17:27:57,634 - runtime.idle_controller - DEBUG - Idle controller: idle state - optimizing resources
2026-06-02 17:27:58,634 - runtime.idle_controller - DEBUG - Idle controller: idle state - optimizing resources
2026-06-02 17:27:59,634 - runtime.idle_controller - DEBUG - Idle controller: idle state - optimizing resources
2026-06-02 17:28:00,635 - runtime.idle_controller - DEBUG - Idle controller: idle state - optimizing resources
2026-06-02 17:28:01,635 - runtime.idle_controller - DEBUG - Idle controller: idle state - optimizing resources
2026-06-02 17:28:02,636 - runtime.idle_controller - DEBUG - Idle controller: idle state - optimizing resources
2026-06-02 17:28:03,636 - runtime.idle_controller - DEBUG - Idle controller: idle state - optimizing resources
2026-06-02 17:28:04,636 - runtime.idle_controller - DEBUG - Idle controller: idle state - optimizing resources
2026-06-02 17:28:05,637 - runtime.idle_controller - DEBUG - Idle controller: idle state - optimizing resources
2026-06-02 17:28:06,637 - runtime.idle_controller - DEBUG - Idle controller: idle state - optimizing resources
2026-06-02 17:28:07,638 - runtime.idle_controller - DEBUG - Idle controller: idle state - optimizing resources
2026-06-02 17:28:08,638 - runtime.idle_controller - DEBUG - Idle controller: idle state - optimizing resources
2026-06-02 17:28:09,639 - runtime.idle_controller - DEBUG - Idle controller: idle state - optimizing resources
2026-06-02 17:28:10,639 - runtime.idle_controller - DEBUG - Idle controller: idle state - optimizing resources
2026-06-02 17:28:11,639 - runtime.idle_controller - DEBUG - Idle controller: idle state - optimizing resources
2026-06-02 17:28:12,640 - runtime.idle_controller - DEBUG - Idle controller: idle state - optimizing resources
2026-06-02 17:28:13,640 - runtime.idle_controller - DEBUG - Idle controller: idle state - optimizing resources
2026-06-02 17:28:14,641 - runtime.idle_controller - DEBUG - Idle controller: idle state - optimizing resources
2026-06-02 17:28:15,641 - runtime.idle_controller - DEBUG - Idle controller: idle state - optimizing resources
2026-06-02 17:28:16,642 - runtime.idle_controller - DEBUG - Idle controller: idle state - optimizing resources
2026-06-02 17:28:17,642 - runtime.idle_controller - DEBUG - Idle controller: idle state - optimizing resources
2026-06-02 17:28:18,643 - runtime.idle_controller - DEBUG - Idle controller: idle state - optimizing resources
2026-06-02 17:28:19,643 - runtime.idle_controller - DEBUG - Idle controller: idle state - optimizing resources
2026-06-02 17:28:20,644 - runtime.idle_controller - DEBUG - Idle controller: idle state - optimizing resources
2026-06-02 17:28:21,644 - runtime.idle_controller - DEBUG - Idle controller: idle state - optimizing resources
2026-06-02 17:28:22,644 - runtime.idle_controller - DEBUG - Idle controller: idle state - optimizing resources
2026-06-02 17:28:23,645 - runtime.idle_controller - DEBUG - Idle controller: idle state - optimizing resources
2026-06-02 17:28:24,645 - runtime.idle_controller - DEBUG - Idle controller: idle state - optimizing resources
2026-06-02 17:28:25,646 - runtime.idle_controller - DEBUG - Idle controller: idle state - optimizing resources
2026-06-02 17:28:26,646 - runtime.idle_controller - DEBUG - Idle controller: idle state - optimizing resources
2026-06-02 17:28:27,647 - runtime.idle_controller - DEBUG - Idle controller: idle state - optimizing resources
2026-06-02 17:28:28,647 - runtime.idle_controller - DEBUG - Idle controller: idle state - optimizing resources
2026-06-02 17:28:29,648 - runtime.idle_controller - DEBUG - Idle controller: idle state - optimizing resources
2026-06-02 17:28:30,648 - runtime.idle_controller - DEBUG - Idle controller: idle state - optimizing resources
2026-06-02 17:28:31,649 - runtime.idle_controller - DEBUG - Idle controller: idle state - optimizing resources
2026-06-02 17:28:32,649 - runtime.idle_controller - DEBUG - Idle controller: idle state - optimizing resources
2026-06-02 17:28:33,650 - runtime.idle_controller - DEBUG - Idle controller: idle state - optimizing resources
2026-06-02 17:28:34,650 - runtime.idle_controller - DEBUG - Idle controller: idle state - optimizing resources
2026-06-02 17:28:35,651 - runtime.idle_controller - DEBUG - Idle controller: idle state - optimizing resources
2026-06-02 17:28:36,651 - runtime.idle_controller - DEBUG - Idle controller: idle state - optimizing resources
2026-06-02 17:28:37,652 - runtime.idle_controller - DEBUG - Idle controller: idle state - optimizing resources
2026-06-02 17:28:38,653 - runtime.idle_controller - DEBUG - Idle controller: idle state - optimizing resources
2026-06-02 17:28:39,653 - runtime.idle_controller - DEBUG - Idle controller: idle state - optimizing resources
2026-06-02 17:28:40,653 - runtime.idle_controller - DEBUG - Idle controller: idle state - optimizing resources
2026-06-02 17:28:41,654 - runtime.idle_controller - DEBUG - Idle controller: idle state - optimizing resources
2026-06-02 17:28:42,654 - runtime.idle_controller - DEBUG - Idle controller: idle state - optimizing resources
2026-06-02 17:28:43,654 - runtime.idle_controller - DEBUG - Idle controller: idle state - optimizing resources
2026-06-02 17:28:44,655 - runtime.idle_controller - DEBUG - Idle controller: idle state - optimizing resources
2026-06-02 17:28:45,655 - runtime.idle_controller - DEBUG - Idle controller: idle state - optimizing resources
2026-06-02 17:28:46,655 - runtime.idle_controller - DEBUG - Idle controller: idle state - optimizing resources
2026-06-02 17:28:47,656 - runtime.idle_controller - DEBUG - Idle controller: idle state - optimizing resources
2026-06-02 17:28:48,656 - runtime.idle_controller - DEBUG - Idle controller: idle state - optimizing resources
2026-06-02 17:28:49,657 - runtime.idle_controller - DEBUG - Idle controller: idle state - optimizing resources
2026-06-02 17:28:50,657 - runtime.idle_controller - DEBUG - Idle controller: idle state - optimizing resources
2026-06-02 17:28:51,658 - runtime.idle_controller - DEBUG - Idle controller: idle state - optimizing resources
2026-06-02 17:28:52,658 - runtime.idle_controller - DEBUG - Idle controller: idle state - optimizing resources
2026-06-02 17:28:53,658 - runtime.idle_controller - DEBUG - Idle controller: idle state - optimizing resources
2026-06-02 17:28:54,659 - runtime.idle_controller - DEBUG - Idle controller: idle state - optimizing resources
2026-06-02 17:28:55,659 - runtime.idle_controller - DEBUG - Idle controller: idle state - optimizing resources
2026-06-02 17:28:56,660 - runtime.idle_controller - DEBUG - Idle controller: idle state - optimizing resources
2026-06-02 17:28:57,660 - runtime.idle_controller - DEBUG - Idle controller: idle state - optimizing resources
2026-06-02 17:28:58,661 - runtime.idle_controller - DEBUG - Idle controller: idle state - optimizing resources
2026-06-02 17:28:59,661 - runtime.idle_controller - DEBUG - Idle controller: idle state - optimizing resources
2026-06-02 17:29:00,662 - runtime.idle_controller - DEBUG - Idle controller: idle state - optimizing resources
2026-06-02 17:29:01,662 - runtime.idle_controller - DEBUG - Idle controller: idle state - optimizing resources
2026-06-02 17:29:02,662 - runtime.idle_controller - DEBUG - Idle controller: idle state - optimizing resources
2026-06-02 17:29:03,663 - runtime.idle_controller - DEBUG - Idle controller: idle state - optimizing resources
2026-06-02 17:29:04,663 - runtime.idle_controller - DEBUG - Idle controller: idle state - optimizing resources
2026-06-02 17:29:05,663 - runtime.idle_controller - DEBUG - Idle controller: idle state - optimizing resources
2026-06-02 17:29:06,664 - runtime.idle_controller - DEBUG - Idle controller: idle state - optimizing resources
2026-06-02 17:29:07,664 - runtime.idle_controller - DEBUG - Idle controller: idle state - optimizing resources
2026-06-02 17:29:08,664 - runtime.idle_controller - DEBUG - Idle controller: idle state - optimizing resources
2026-06-02 17:29:09,665 - runtime.idle_controller - DEBUG - Idle controller: idle state - optimizing resources
2026-06-02 17:29:10,665 - runtime.idle_controller - DEBUG - Idle controller: idle state - optimizing resources
2026-06-02 17:29:11,665 - runtime.idle_controller - DEBUG - Idle controller: idle state - optimizing resources
2026-06-02 17:29:12,666 - runtime.idle_controller - DEBUG - Idle controller: idle state - optimizing resources
2026-06-02 17:29:13,666 - runtime.idle_controller - DEBUG - Idle controller: idle state - optimizing resources
2026-06-02 17:29:14,666 - runtime.idle_controller - DEBUG - Idle controller: idle state - optimizing resources
2026-06-02 17:29:15,667 - runtime.idle_controller - DEBUG - Idle controller: idle state - optimizing resources
2026-06-02 17:29:16,667 - runtime.idle_controller - DEBUG - Idle controller: idle state - optimizing resources
2026-06-02 17:29:17,667 - runtime.idle_controller - DEBUG - Idle controller: idle state - optimizing resources
2026-06-02 17:29:18,667 - runtime.idle_controller - DEBUG - Idle controller: idle state - optimizing resources
2026-06-02 17:29:19,668 - runtime.idle_controller - DEBUG - Idle controller: idle state - optimizing resources
2026-06-02 17:29:20,668 - runtime.idle_controller - DEBUG - Idle controller: idle state - optimizing resources
2026-06-02 17:29:21,669 - runtime.idle_controller - DEBUG - Idle controller: idle state - optimizing resources
2026-06-02 17:29:22,669 - runtime.idle_controller - DEBUG - Idle controller: idle state - optimizing resources
2026-06-02 17:29:23,669 - runtime.idle_controller - DEBUG - Idle controller: idle state - optimizing resources
2026-06-02 17:29:24,670 - runtime.idle_controller - DEBUG - Idle controller: idle state - optimizing resources
2026-06-02 17:29:25,670 - runtime.idle_controller - DEBUG - Idle controller: idle state - optimizing resources
2026-06-02 17:29:26,670 - runtime.idle_controller - DEBUG - Idle controller: idle state - optimizing resources
2026-06-02 17:29:27,671 - runtime.idle_controller - DEBUG - Idle controller: idle state - optimizing resources
2026-06-02 17:29:28,671 - runtime.idle_controller - DEBUG - Idle controller: idle state - optimizing resources
2026-06-02 17:29:29,672 - runtime.idle_controller - DEBUG - Idle controller: idle state - optimizing resources
2026-06-02 17:29:30,672 - runtime.idle_controller - DEBUG - Idle controller: idle state - optimizing resources
2026-06-02 17:29:31,672 - runtime.idle_controller - DEBUG - Idle controller: idle state - optimizing resources
2026-06-02 17:29:32,672 - runtime.idle_controller - DEBUG - Idle controller: idle state - optimizing resources
2026-06-02 17:29:33,673 - runtime.idle_controller - DEBUG - Idle controller: idle state - optimizing resources
2026-06-02 17:29:34,673 - runtime.idle_controller - DEBUG - Idle controller: idle state - optimizing resources
2026-06-02 17:29:35,674 - runtime.idle_controller - DEBUG - Idle controller: idle state - optimizing resources
2026-06-02 17:29:36,674 - runtime.idle_controller - DEBUG - Idle controller: idle state - optimizing resources
2026-06-02 17:29:37,675 - runtime.idle_controller - DEBUG - Idle controller: idle state - optimizing resources
2026-06-02 17:29:38,675 - runtime.idle_controller - DEBUG - Idle controller: idle state - optimizing resources
2026-06-02 17:29:39,675 - runtime.idle_controller - DEBUG - Idle controller: idle state - optimizing resources
2026-06-02 17:29:40,676 - runtime.idle_controller - DEBUG - Idle controller: idle state - optimizing resources
2026-06-02 17:29:41,676 - runtime.idle_controller - DEBUG - Idle controller: idle state - optimizing resources
2026-06-02 17:29:42,677 - runtime.idle_controller - DEBUG - Idle controller: idle state - optimizing resources
2026-06-02 17:29:43,678 - runtime.idle_controller - DEBUG - Idle controller: idle state - optimizing resources
2026-06-02 17:29:44,678 - runtime.idle_controller - DEBUG - Idle controller: idle state - optimizing resources
2026-06-02 17:29:45,679 - runtime.idle_controller - DEBUG - Idle controller: idle state - optimizing resources
2026-06-02 17:29:46,680 - runtime.idle_controller - DEBUG - Idle controller: idle state - optimizing resources
2026-06-02 17:29:47,680 - runtime.idle_controller - DEBUG - Idle controller: idle state - optimizing resources
2026-06-02 17:29:48,681 - runtime.idle_controller - DEBUG - Idle controller: idle state - optimizing resources
2026-06-02 17:29:49,681 - runtime.idle_controller - DEBUG - Idle controller: idle state - optimizing resources
2026-06-02 17:29:50,682 - runtime.idle_controller - DEBUG - Idle controller: idle state - optimizing resources
2026-06-02 17:29:51,682 - runtime.idle_controller - DEBUG - Idle controller: idle state - optimizing resources
2026-06-02 17:29:52,683 - runtime.idle_controller - DEBUG - Idle controller: idle state - optimizing resources
2026-06-02 17:29:53,683 - runtime.idle_controller - DEBUG - Idle controller: idle state - optimizing resources
2026-06-02 17:29:54,683 - runtime.idle_controller - DEBUG - Idle controller: idle state - optimizing resources
2026-06-02 17:29:55,683 - runtime.idle_controller - DEBUG - Idle controller: idle state - optimizing resources
2026-06-02 17:29:56,684 - runtime.idle_controller - DEBUG - Idle controller: idle state - optimizing resources
2026-06-02 17:29:57,685 - runtime.idle_controller - DEBUG - Idle controller: idle state - optimizing resources
2026-06-02 17:29:58,685 - runtime.idle_controller - DEBUG - Idle controller: idle state - optimizing resources
2026-06-02 17:29:59,686 - runtime.idle_controller - DEBUG - Idle controller: idle state - optimizing resources
2026-06-02 17:30:00,686 - runtime.idle_controller - DEBUG - Idle controller: idle state - optimizing resources
2026-06-02 17:30:01,686 - runtime.idle_controller - DEBUG - Idle controller: idle state - optimizing resources
2026-06-02 17:30:02,687 - runtime.idle_controller - DEBUG - Idle controller: idle state - optimizing resources
2026-06-02 17:30:03,687 - runtime.idle_controller - DEBUG - Idle controller: idle state - optimizing resources
2026-06-02 17:30:04,688 - runtime.idle_controller - DEBUG - Idle controller: idle state - optimizing resources
2026-06-02 17:30:05,688 - runtime.idle_controller - DEBUG - Idle controller: idle state - optimizing resources
2026-06-02 17:30:06,689 - runtime.idle_controller - DEBUG - Idle controller: idle state - optimizing resources
2026-06-02 17:30:07,689 - runtime.idle_controller - DEBUG - Idle controller: idle state - optimizing resources
2026-06-02 17:30:08,690 - runtime.idle_controller - DEBUG - Idle controller: idle state - optimizing resources
2026-06-02 17:30:09,690 - runtime.idle_controller - DEBUG - Idle controller: idle state - optimizing resources
2026-06-02 17:30:10,691 - runtime.idle_controller - DEBUG - Idle controller: idle state - optimizing resources
2026-06-02 17:30:11,692 - runtime.idle_controller - DEBUG - Idle controller: idle state - optimizing resources
2026-06-02 17:30:12,692 - runtime.idle_controller - DEBUG - Idle controller: idle state - optimizing resources
2026-06-02 17:30:13,693 - runtime.idle_controller - DEBUG - Idle controller: idle state - optimizing resources
2026-06-02 17:30:14,693 - runtime.idle_controller - DEBUG - Idle controller: idle state - optimizing resources
2026-06-02 17:30:15,694 - runtime.idle_controller - DEBUG - Idle controller: idle state - optimizing resources
2026-06-02 17:30:16,694 - runtime.idle_controller - DEBUG - Idle controller: idle state - optimizing resources
2026-06-02 17:30:17,694 - runtime.idle_controller - DEBUG - Idle controller: idle state - optimizing resources
2026-06-02 17:30:18,695 - runtime.idle_controller - DEBUG - Idle controller: idle state - optimizing resources
2026-06-02 17:30:19,695 - runtime.idle_controller - DEBUG - Idle controller: idle state - optimizing resources
2026-06-02 17:30:20,696 - runtime.idle_controller - DEBUG - Idle controller: idle state - optimizing resources
2026-06-02 17:30:21,696 - runtime.idle_controller - DEBUG - Idle controller: idle state - optimizing resources
2026-06-02 17:30:22,696 - runtime.idle_controller - DEBUG - Idle controller: idle state - optimizing resources
2026-06-02 17:30:23,697 - runtime.idle_controller - DEBUG - Idle controller: idle state - optimizing resources
2026-06-02 17:30:24,697 - runtime.idle_controller - DEBUG - Idle controller: idle state - optimizing resources
2026-06-02 17:30:25,697 - runtime.idle_controller - DEBUG - Idle controller: idle state - optimizing resources
2026-06-02 17:30:26,698 - runtime.idle_controller - DEBUG - Idle controller: idle state - optimizing resources
2026-06-02 17:30:27,698 - runtime.idle_controller - DEBUG - Idle controller: idle state - optimizing resources
2026-06-02 17:30:28,699 - runtime.idle_controller - DEBUG - Idle controller: idle state - optimizing resources
2026-06-02 17:30:29,699 - runtime.idle_controller - DEBUG - Idle controller: idle state - optimizing resources
2026-06-02 17:30:30,699 - runtime.idle_controller - DEBUG - Idle controller: idle state - optimizing resources
2026-06-02 17:30:31,700 - runtime.idle_controller - DEBUG - Idle controller: idle state - optimizing resources
2026-06-02 17:30:32,701 - runtime.idle_controller - DEBUG - Idle controller: idle state - optimizing resources
2026-06-02 17:30:33,701 - runtime.idle_controller - DEBUG - Idle controller: idle state - optimizing resources
2026-06-02 17:30:34,701 - runtime.idle_controller - DEBUG - Idle controller: idle state - optimizing resources
2026-06-02 17:30:35,702 - runtime.idle_controller - DEBUG - Idle controller: idle state - optimizing resources
2026-06-02 17:30:36,702 - runtime.idle_controller - DEBUG - Idle controller: idle state - optimizing resources
2026-06-02 17:30:37,703 - runtime.idle_controller - DEBUG - Idle controller: idle state - optimizing resources
2026-06-02 17:30:38,703 - runtime.idle_controller - DEBUG - Idle controller: idle state - optimizing resources
2026-06-02 17:30:39,704 - runtime.idle_controller - DEBUG - Idle controller: idle state - optimizing resources
2026-06-02 17:30:40,704 - runtime.idle_controller - DEBUG - Idle controller: idle state - optimizing resources
2026-06-02 17:30:41,705 - runtime.idle_controller - DEBUG - Idle controller: idle state - optimizing resources
2026-06-02 17:30:42,705 - runtime.idle_controller - DEBUG - Idle controller: idle state - optimizing resources
2026-06-02 17:30:43,705 - runtime.idle_controller - DEBUG - Idle controller: idle state - optimizing resources
2026-06-02 17:30:44,706 - runtime.idle_controller - DEBUG - Idle controller: idle state - optimizing resources
2026-06-02 17:30:45,706 - runtime.idle_controller - DEBUG - Idle controller: idle state - optimizing resources
2026-06-02 17:30:46,707 - runtime.idle_controller - DEBUG - Idle controller: idle state - optimizing resources
2026-06-02 17:30:47,707 - runtime.idle_controller - DEBUG - Idle controller: idle state - optimizing resources
2026-06-02 17:30:48,708 - runtime.idle_controller - DEBUG - Idle controller: idle state - optimizing resources
2026-06-02 17:30:49,708 - runtime.idle_controller - DEBUG - Idle controller: idle state - optimizing resources
2026-06-02 17:30:50,709 - runtime.idle_controller - DEBUG - Idle controller: idle state - optimizing resources
2026-06-02 17:30:51,709 - runtime.idle_controller - DEBUG - Idle controller: idle state - optimizing resources
2026-06-02 17:30:52,710 - runtime.idle_controller - DEBUG - Idle controller: idle state - optimizing resources
2026-06-02 17:30:53,710 - runtime.idle_controller - DEBUG - Idle controller: idle state - optimizing resources
2026-06-02 17:30:54,710 - runtime.idle_controller - DEBUG - Idle controller: idle state - optimizing resources
2026-06-02 17:30:55,710 - runtime.idle_controller - DEBUG - Idle controller: idle state - optimizing resources
2026-06-02 17:30:56,711 - runtime.idle_controller - DEBUG - Idle controller: idle state - optimizing resources
2026-06-02 17:30:57,712 - runtime.idle_controller - DEBUG - Idle controller: idle state - optimizing resources
2026-06-02 17:30:58,712 - runtime.idle_controller - DEBUG - Idle controller: idle state - optimizing resources
2026-06-02 17:30:59,712 - runtime.idle_controller - DEBUG - Idle controller: idle state - optimizing resources
2026-06-02 17:31:00,713 - runtime.idle_controller - DEBUG - Idle controller: idle state - optimizing resources
2026-06-02 17:31:01,713 - runtime.idle_controller - DEBUG - Idle controller: idle state - optimizing resources
2026-06-02 17:31:02,714 - runtime.idle_controller - DEBUG - Idle controller: idle state - optimizing resources
2026-06-02 17:31:03,714 - runtime.idle_controller - DEBUG - Idle controller: idle state - optimizing resources
2026-06-02 17:31:04,715 - runtime.idle_controller - DEBUG - Idle controller: idle state - optimizing resources
2026-06-02 17:31:05,715 - runtime.idle_controller - DEBUG - Idle controller: idle state - optimizing resources
2026-06-02 17:31:06,716 - runtime.idle_controller - DEBUG - Idle controller: idle state - optimizing resources
2026-06-02 17:31:07,716 - runtime.idle_controller - DEBUG - Idle controller: idle state - optimizing resources
2026-06-02 17:31:08,717 - runtime.idle_controller - DEBUG - Idle controller: idle state - optimizing resources
2026-06-02 17:31:09,717 - runtime.idle_controller - DEBUG - Idle controller: idle state - optimizing resources
2026-06-02 17:31:10,717 - runtime.idle_controller - DEBUG - Idle controller: idle state - optimizing resources
2026-06-02 17:31:11,718 - runtime.idle_controller - DEBUG - Idle controller: idle state - optimizing resources
2026-06-02 17:31:12,718 - runtime.idle_controller - DEBUG - Idle controller: idle state - optimizing resources
2026-06-02 17:31:13,719 - runtime.idle_controller - DEBUG - Idle controller: idle state - optimizing resources
2026-06-02 17:31:14,719 - runtime.idle_controller - DEBUG - Idle controller: idle state - optimizing resources
2026-06-02 17:31:15,720 - runtime.idle_controller - DEBUG - Idle controller: idle state - optimizing resources
2026-06-02 17:31:16,720 - runtime.idle_controller - DEBUG - Idle controller: idle state - optimizing resources
2026-06-02 17:31:17,720 - runtime.idle_controller - DEBUG - Idle controller: idle state - optimizing resources
2026-06-02 17:31:18,720 - runtime.idle_controller - DEBUG - Idle controller: idle state - optimizing resources
2026-06-02 17:31:19,721 - runtime.idle_controller - DEBUG - Idle controller: idle state - optimizing resources
2026-06-02 17:31:20,722 - runtime.idle_controller - DEBUG - Idle controller: idle state - optimizing resources
2026-06-02 17:31:21,722 - runtime.idle_controller - DEBUG - Idle controller: idle state - optimizing resources
2026-06-02 17:31:22,722 - runtime.idle_controller - DEBUG - Idle controller: idle state - optimizing resources
2026-06-02 17:31:23,723 - runtime.idle_controller - DEBUG - Idle controller: idle state - optimizing resources
2026-06-02 17:31:24,723 - runtime.idle_controller - DEBUG - Idle controller: idle state - optimizing resources
2026-06-02 17:31:25,723 - runtime.idle_controller - DEBUG - Idle controller: idle state - optimizing resources
2026-06-02 17:31:26,724 - runtime.idle_controller - DEBUG - Idle controller: idle state - optimizing resources
2026-06-02 17:31:27,724 - runtime.idle_controller - DEBUG - Idle controller: idle state - optimizing resources
2026-06-02 17:31:28,724 - runtime.idle_controller - DEBUG - Idle controller: idle state - optimizing resources
2026-06-02 17:31:29,725 - runtime.idle_controller - DEBUG - Idle controller: idle state - optimizing resources
2026-06-02 17:31:30,725 - runtime.idle_controller - DEBUG - Idle controller: idle state - optimizing resources
2026-06-02 17:31:31,725 - runtime.idle_controller - DEBUG - Idle controller: idle state - optimizing resources
2026-06-02 17:31:32,726 - runtime.idle_controller - DEBUG - Idle controller: idle state - optimizing resources
2026-06-02 17:31:33,726 - runtime.idle_controller - DEBUG - Idle controller: idle state - optimizing resources
2026-06-02 17:31:34,726 - runtime.idle_controller - DEBUG - Idle controller: idle state - optimizing resources
2026-06-02 17:31:35,727 - runtime.idle_controller - DEBUG - Idle controller: idle state - optimizing resources
2026-06-02 17:31:36,727 - runtime.idle_controller - DEBUG - Idle controller: idle state - optimizing resources
2026-06-02 17:31:37,727 - runtime.idle_controller - DEBUG - Idle controller: idle state - optimizing resources
2026-06-02 17:31:38,728 - runtime.idle_controller - DEBUG - Idle controller: idle state - optimizing resources
2026-06-02 17:31:39,728 - runtime.idle_controller - DEBUG - Idle controller: idle state - optimizing resources
2026-06-02 17:31:40,729 - runtime.idle_controller - DEBUG - Idle controller: idle state - optimizing resources
2026-06-02 17:31:41,729 - runtime.idle_controller - DEBUG - Idle controller: idle state - optimizing resources
2026-06-02 17:31:42,729 - runtime.idle_controller - DEBUG - Idle controller: idle state - optimizing resources
2026-06-02 17:31:43,730 - runtime.idle_controller - DEBUG - Idle controller: idle state - optimizing resources
2026-06-02 17:31:44,731 - runtime.idle_controller - DEBUG - Idle controller: idle state - optimizing resources
2026-06-02 17:31:45,731 - runtime.idle_controller - DEBUG - Idle controller: idle state - optimizing resources
2026-06-02 17:31:46,732 - runtime.idle_controller - DEBUG - Idle controller: idle state - optimizing resources
2026-06-02 17:31:47,733 - runtime.idle_controller - DEBUG - Idle controller: idle state - optimizing resources
2026-06-02 17:31:48,733 - runtime.idle_controller - DEBUG - Idle controller: idle state - optimizing resources
2026-06-02 17:31:49,734 - runtime.idle_controller - DEBUG - Idle controller: idle state - optimizing resources
2026-06-02 17:31:50,734 - runtime.idle_controller - DEBUG - Idle controller: idle state - optimizing resources
2026-06-02 17:31:51,734 - runtime.idle_controller - DEBUG - Idle controller: idle state - optimizing resources
2026-06-02 17:31:52,735 - runtime.idle_controller - DEBUG - Idle controller: idle state - optimizing resources
2026-06-02 17:31:53,735 - runtime.idle_controller - DEBUG - Idle controller: idle state - optimizing resources
2026-06-02 17:31:54,736 - runtime.idle_controller - DEBUG - Idle controller: idle state - optimizing resources
2026-06-02 17:31:55,736 - runtime.idle_controller - DEBUG - Idle controller: idle state - optimizing resources
2026-06-02 17:31:56,736 - runtime.idle_controller - DEBUG - Idle controller: idle state - optimizing resources
2026-06-02 17:31:57,737 - runtime.idle_controller - DEBUG - Idle controller: idle state - optimizing resources
2026-06-02 17:31:58,737 - runtime.idle_controller - DEBUG - Idle controller: idle state - optimizing resources
2026-06-02 17:31:59,738 - runtime.idle_controller - DEBUG - Idle controller: idle state - optimizing resources
2026-06-02 17:32:00,739 - runtime.idle_controller - DEBUG - Idle controller: idle state - optimizing resources
2026-06-02 17:32:01,739 - runtime.idle_controller - DEBUG - Idle controller: idle state - optimizing resources
2026-06-02 17:32:02,739 - runtime.idle_controller - DEBUG - Idle controller: idle state - optimizing resources
2026-06-02 17:32:03,740 - runtime.idle_controller - DEBUG - Idle controller: idle state - optimizing resources
2026-06-02 17:32:04,740 - runtime.idle_controller - DEBUG - Idle controller: idle state - optimizing resources
2026-06-02 17:32:05,741 - runtime.idle_controller - DEBUG - Idle controller: idle state - optimizing resources
2026-06-02 17:32:06,742 - runtime.idle_controller - DEBUG - Idle controller: idle state - optimizing resources
2026-06-02 17:32:07,742 - runtime.idle_controller - DEBUG - Idle controller: idle state - optimizing resources
2026-06-02 17:32:08,743 - runtime.idle_controller - DEBUG - Idle controller: idle state - optimizing resources
2026-06-02 17:32:09,743 - runtime.idle_controller - DEBUG - Idle controller: idle state - optimizing resources
2026-06-02 17:32:10,743 - runtime.idle_controller - DEBUG - Idle controller: idle state - optimizing resources
2026-06-02 17:32:11,743 - runtime.idle_controller - DEBUG - Idle controller: idle state - optimizing resources
2026-06-02 17:32:12,744 - runtime.idle_controller - DEBUG - Idle controller: idle state - optimizing resources
2026-06-02 17:32:13,744 - runtime.idle_controller - DEBUG - Idle controller: idle state - optimizing resources
2026-06-02 17:32:14,745 - runtime.idle_controller - DEBUG - Idle controller: idle state - optimizing resources
2026-06-02 17:32:15,745 - runtime.idle_controller - DEBUG - Idle controller: idle state - optimizing resources
2026-06-02 17:32:16,745 - runtime.idle_controller - DEBUG - Idle controller: idle state - optimizing resources
2026-06-02 17:32:17,746 - runtime.idle_controller - DEBUG - Idle controller: idle state - optimizing resources
2026-06-02 17:32:18,746 - runtime.idle_controller - DEBUG - Idle controller: idle state - optimizing resources
2026-06-02 17:32:19,747 - runtime.idle_controller - DEBUG - Idle controller: idle state - optimizing resources
2026-06-02 17:32:20,747 - runtime.idle_controller - DEBUG - Idle controller: idle state - optimizing resources
2026-06-02 17:32:21,748 - runtime.idle_controller - DEBUG - Idle controller: idle state - optimizing resources
2026-06-02 17:32:22,748 - runtime.idle_controller - DEBUG - Idle controller: idle state - optimizing resources
2026-06-02 17:32:23,748 - runtime.idle_controller - DEBUG - Idle controller: idle state - optimizing resources
2026-06-02 17:32:24,749 - runtime.idle_controller - DEBUG - Idle controller: idle state - optimizing resources
2026-06-02 17:32:25,749 - runtime.idle_controller - DEBUG - Idle controller: idle state - optimizing resources
2026-06-02 17:32:26,749 - runtime.idle_controller - DEBUG - Idle controller: idle state - optimizing resources
2026-06-02 17:32:27,750 - runtime.idle_controller - DEBUG - Idle controller: idle state - optimizing resources
2026-06-02 17:32:28,751 - runtime.idle_controller - DEBUG - Idle controller: idle state - optimizing resources
2026-06-02 17:32:29,751 - runtime.idle_controller - DEBUG - Idle controller: idle state - optimizing resources
2026-06-02 17:32:30,752 - runtime.idle_controller - DEBUG - Idle controller: idle state - optimizing resources
2026-06-02 17:32:31,752 - runtime.idle_controller - DEBUG - Idle controller: idle state - optimizing resources
2026-06-02 17:32:32,752 - runtime.idle_controller - DEBUG - Idle controller: idle state - optimizing resources
2026-06-02 17:32:33,753 - runtime.idle_controller - DEBUG - Idle controller: idle state - optimizing resources
2026-06-02 17:32:34,753 - runtime.idle_controller - DEBUG - Idle controller: idle state - optimizing resources
2026-06-02 17:32:35,753 - runtime.idle_controller - DEBUG - Idle controller: idle state - optimizing resources
2026-06-02 17:32:36,754 - runtime.idle_controller - DEBUG - Idle controller: idle state - optimizing resources
2026-06-02 17:32:37,754 - runtime.idle_controller - DEBUG - Idle controller: idle state - optimizing resources
2026-06-02 17:32:38,755 - runtime.idle_controller - DEBUG - Idle controller: idle state - optimizing resources
2026-06-02 17:32:39,755 - runtime.idle_controller - DEBUG - Idle controller: idle state - optimizing resources
2026-06-02 17:32:40,755 - runtime.idle_controller - DEBUG - Idle controller: idle state - optimizing resources
2026-06-02 17:32:41,756 - runtime.idle_controller - DEBUG - Idle controller: idle state - optimizing resources
2026-06-02 17:32:42,756 - runtime.idle_controller - DEBUG - Idle controller: idle state - optimizing resources
2026-06-02 17:32:43,757 - runtime.idle_controller - DEBUG - Idle controller: idle state - optimizing resources
2026-06-02 17:32:44,757 - runtime.idle_controller - DEBUG - Idle controller: idle state - optimizing resources
2026-06-02 17:32:45,758 - runtime.idle_controller - DEBUG - Idle controller: idle state - optimizing resources
2026-06-02 17:32:46,758 - runtime.idle_controller - DEBUG - Idle controller: idle state - optimizing resources
2026-06-02 17:32:47,758 - runtime.idle_controller - DEBUG - Idle controller: idle state - optimizing resources
2026-06-02 17:32:48,759 - runtime.idle_controller - DEBUG - Idle controller: idle state - optimizing resources
2026-06-02 17:32:49,760 - runtime.idle_controller - DEBUG - Idle controller: idle state - optimizing resources
2026-06-02 17:32:50,760 - runtime.idle_controller - DEBUG - Idle controller: idle state - optimizing resources
2026-06-02 17:32:51,761 - runtime.idle_controller - DEBUG - Idle controller: idle state - optimizing resources
2026-06-02 17:32:52,761 - runtime.idle_controller - DEBUG - Idle controller: idle state - optimizing resources
2026-06-02 17:32:53,762 - runtime.idle_controller - DEBUG - Idle controller: idle state - optimizing resources
2026-06-02 17:32:54,762 - runtime.idle_controller - DEBUG - Idle controller: idle state - optimizing resources
2026-06-02 17:32:55,762 - runtime.idle_controller - DEBUG - Idle controller: idle state - optimizing resources
2026-06-02 17:32:56,763 - runtime.idle_controller - DEBUG - Idle controller: idle state - optimizing resources
2026-06-02 17:32:57,763 - runtime.idle_controller - DEBUG - Idle controller: idle state - optimizing resources
2026-06-02 17:32:58,763 - runtime.idle_controller - DEBUG - Idle controller: idle state - optimizing resources
2026-06-02 17:32:59,764 - runtime.idle_controller - DEBUG - Idle controller: idle state - optimizing resources
2026-06-02 17:33:00,764 - runtime.idle_controller - DEBUG - Idle controller: idle state - optimizing resources
2026-06-02 17:33:01,765 - runtime.idle_controller - DEBUG - Idle controller: idle state - optimizing resources
2026-06-02 17:33:02,765 - runtime.idle_controller - DEBUG - Idle controller: idle state - optimizing resources
2026-06-02 17:33:03,766 - runtime.idle_controller - DEBUG - Idle controller: idle state - optimizing resources
2026-06-02 17:33:04,766 - runtime.idle_controller - DEBUG - Idle controller: idle state - optimizing resources
2026-06-02 17:33:05,767 - runtime.idle_controller - DEBUG - Idle controller: idle state - optimizing resources
2026-06-02 17:33:06,767 - runtime.idle_controller - DEBUG - Idle controller: idle state - optimizing resources
2026-06-02 17:33:07,767 - runtime.idle_controller - DEBUG - Idle controller: idle state - optimizing resources
2026-06-02 17:33:08,768 - runtime.idle_controller - DEBUG - Idle controller: idle state - optimizing resources
2026-06-02 17:33:09,768 - runtime.idle_controller - DEBUG - Idle controller: idle state - optimizing resources
2026-06-02 17:33:10,769 - runtime.idle_controller - DEBUG - Idle controller: idle state - optimizing resources
2026-06-02 17:33:11,769 - runtime.idle_controller - DEBUG - Idle controller: idle state - optimizing resources
2026-06-02 17:33:12,769 - runtime.idle_controller - DEBUG - Idle controller: idle state - optimizing resources
2026-06-02 17:33:13,770 - runtime.idle_controller - DEBUG - Idle controller: idle state - optimizing resources
2026-06-02 17:33:14,770 - runtime.idle_controller - DEBUG - Idle controller: idle state - optimizing resources
2026-06-02 17:33:15,771 - runtime.idle_controller - DEBUG - Idle controller: idle state - optimizing resources
2026-06-02 17:33:16,771 - runtime.idle_controller - DEBUG - Idle controller: idle state - optimizing resources
2026-06-02 17:33:17,771 - runtime.idle_controller - DEBUG - Idle controller: idle state - optimizing resources
2026-06-02 17:33:18,771 - runtime.idle_controller - DEBUG - Idle controller: idle state - optimizing resources
2026-06-02 17:33:19,772 - runtime.idle_controller - DEBUG - Idle controller: idle state - optimizing resources
2026-06-02 17:33:20,772 - runtime.idle_controller - DEBUG - Idle controller: idle state - optimizing resources
2026-06-02 17:33:21,773 - runtime.idle_controller - DEBUG - Idle controller: idle state - optimizing resources
2026-06-02 17:33:22,773 - runtime.idle_controller - DEBUG - Idle controller: idle state - optimizing resources
2026-06-02 17:33:23,773 - runtime.idle_controller - DEBUG - Idle controller: idle state - optimizing resources
2026-06-02 17:33:24,773 - runtime.idle_controller - DEBUG - Idle controller: idle state - optimizing resources
2026-06-02 17:33:25,774 - runtime.idle_controller - DEBUG - Idle controller: idle state - optimizing resources
2026-06-02 17:33:26,774 - runtime.idle_controller - DEBUG - Idle controller: idle state - optimizing resources
2026-06-02 17:33:27,774 - runtime.idle_controller - DEBUG - Idle controller: idle state - optimizing resources
2026-06-02 17:33:28,774 - runtime.idle_controller - DEBUG - Idle controller: idle state - optimizing resources
2026-06-02 17:33:29,775 - runtime.idle_controller - DEBUG - Idle controller: idle state - optimizing resources
2026-06-02 17:33:30,775 - runtime.idle_controller - DEBUG - Idle controller: idle state - optimizing resources
2026-06-02 17:33:31,775 - runtime.idle_controller - DEBUG - Idle controller: idle state - optimizing resources
2026-06-02 17:33:32,776 - runtime.idle_controller - DEBUG - Idle controller: idle state - optimizing resources
2026-06-02 17:33:33,777 - runtime.idle_controller - DEBUG - Idle controller: idle state - optimizing resources
2026-06-02 17:33:34,777 - runtime.idle_controller - DEBUG - Idle controller: idle state - optimizing resources
2026-06-02 17:33:35,777 - runtime.idle_controller - DEBUG - Idle controller: idle state - optimizing resources
2026-06-02 17:33:36,778 - runtime.idle_controller - DEBUG - Idle controller: idle state - optimizing resources
2026-06-02 17:33:37,778 - runtime.idle_controller - DEBUG - Idle controller: idle state - optimizing resources
2026-06-02 17:33:38,779 - runtime.idle_controller - DEBUG - Idle controller: idle state - optimizing resources
2026-06-02 17:33:39,779 - runtime.idle_controller - DEBUG - Idle controller: idle state - optimizing resources
2026-06-02 17:33:40,780 - runtime.idle_controller - DEBUG - Idle controller: idle state - optimizing resources
2026-06-02 17:33:41,571 - runtime.wake_listener - DEBUG - Could not understand audio
2026-06-02 17:33:41,571 - runtime.wake_listener - DEBUG - Listening for wake word...
2026-06-02 17:33:41,780 - runtime.idle_controller - DEBUG - Idle controller: idle state - optimizing resources
2026-06-02 17:33:42,780 - runtime.idle_controller - DEBUG - Idle controller: idle state - optimizing resources
2026-06-02 17:33:43,780 - runtime.idle_controller - DEBUG - Idle controller: idle state - optimizing resources
2026-06-02 17:33:44,781 - runtime.idle_controller - DEBUG - Idle controller: idle state - optimizing resources
2026-06-02 17:33:45,781 - runtime.idle_controller - DEBUG - Idle controller: idle state - optimizing resources
2026-06-02 17:33:46,782 - runtime.idle_controller - DEBUG - Idle controller: idle state - optimizing resources
2026-06-02 17:33:47,782 - runtime.idle_controller - DEBUG - Idle controller: idle state - optimizing resources
2026-06-02 17:33:48,783 - runtime.idle_controller - DEBUG - Idle controller: idle state - optimizing resources
2026-06-02 17:33:49,559 - runtime.wake_listener - INFO - Heard: open brave
2026-06-02 17:33:49,559 - runtime.wake_listener - DEBUG - Listening for wake word...
2026-06-02 17:33:49,783 - runtime.idle_controller - DEBUG - Idle controller: idle state - optimizing resources
2026-06-02 17:33:50,784 - runtime.idle_controller - DEBUG - Idle controller: idle state - optimizing resources
2026-06-02 17:33:51,784 - runtime.idle_controller - DEBUG - Idle controller: idle state - optimizing resources
2026-06-02 17:33:52,785 - runtime.idle_controller - DEBUG - Idle controller: idle state - optimizing resources
2026-06-02 17:33:53,785 - runtime.idle_controller - DEBUG - Idle controller: idle state - optimizing resources
2026-06-02 17:33:53,999 - runtime.wake_listener - INFO - Heard: open brave
2026-06-02 17:33:53,999 - runtime.wake_listener - DEBUG - Listening for wake word...
2026-06-02 17:33:54,786 - runtime.idle_controller - DEBUG - Idle controller: idle state - optimizing resources
2026-06-02 17:33:55,786 - runtime.idle_controller - DEBUG - Idle controller: idle state - optimizing resources
2026-06-02 17:33:56,786 - runtime.idle_controller - DEBUG - Idle controller: idle state - optimizing resources
2026-06-02 17:33:57,787 - runtime.idle_controller - DEBUG - Idle controller: idle state - optimizing resources
2026-06-02 17:33:58,788 - runtime.idle_controller - DEBUG - Idle controller: idle state - optimizing resources
2026-06-02 17:33:59,788 - runtime.idle_controller - DEBUG - Idle controller: idle state - optimizing resources
2026-06-02 17:34:00,788 - runtime.idle_controller - DEBUG - Idle controller: idle state - optimizing resources
2026-06-02 17:34:01,789 - runtime.idle_controller - DEBUG - Idle controller: idle state - optimizing resources
2026-06-02 17:34:02,789 - runtime.idle_controller - DEBUG - Idle controller: idle state - optimizing resources
2026-06-02 17:34:03,789 - runtime.idle_controller - DEBUG - Idle controller: idle state - optimizing resources
2026-06-02 17:34:04,789 - runtime.idle_controller - DEBUG - Idle controller: idle state - optimizing resources
2026-06-02 17:34:05,790 - runtime.idle_controller - DEBUG - Idle controller: idle state - optimizing resources
2026-06-02 17:34:06,790 - runtime.idle_controller - DEBUG - Idle controller: idle state - optimizing resources
2026-06-02 17:34:07,790 - runtime.idle_controller - DEBUG - Idle controller: idle state - optimizing resources
2026-06-02 17:34:08,791 - runtime.idle_controller - DEBUG - Idle controller: idle state - optimizing resources
2026-06-02 17:34:09,090 - runtime.wake_listener - INFO - Heard: hey jarvis
2026-06-02 17:34:09,090 - runtime.wake_listener - INFO - Wake word detected!
2026-06-02 17:34:09,090 - runtime_core.event_bus - INFO - Publishing event: WAKE_WORD_DETECTED from wake_listener
2026-06-02 17:34:09,090 - runtime_core.runtime_state_machine - INFO - State transition: IDLE → LISTENING
2026-06-02 17:34:09,092 - runtime_core.event_bus - INFO - Publishing event: STATE_CHANGE from state_machine
2026-06-02 17:34:09,093 - runtime.wake_listener - INFO - Capturing command...
2026-06-02 17:34:09,791 - runtime.idle_controller - DEBUG - Idle controller: idle state - optimizing resources
2026-06-02 17:34:10,792 - runtime.idle_controller - DEBUG - Idle controller: idle state - optimizing resources
2026-06-02 17:34:11,792 - runtime.idle_controller - DEBUG - Idle controller: idle state - optimizing resources
2026-06-02 17:34:12,792 - runtime.idle_controller - DEBUG - Idle controller: idle state - optimizing resources
2026-06-02 17:34:13,793 - runtime.idle_controller - DEBUG - Idle controller: idle state - optimizing resources
2026-06-02 17:34:14,793 - runtime.idle_controller - DEBUG - Idle controller: idle state - optimizing resources
2026-06-02 17:34:15,793 - runtime.idle_controller - DEBUG - Idle controller: idle state - optimizing resources
2026-06-02 17:34:16,794 - runtime.idle_controller - DEBUG - Idle controller: idle state - optimizing resources
2026-06-02 17:34:17,191 - runtime.wake_listener - INFO - Command received: hey jarvis
2026-06-02 17:34:17,191 - runtime_core.event_bus - INFO - Publishing event: COMMAND_RECEIVED from wake_listener
2026-06-02 17:34:17,191 - runtime_core.runtime_state_machine - INFO - State transition: LISTENING → THINKING
2026-06-02 17:34:17,193 - runtime_core.event_bus - INFO - Publishing event: STATE_CHANGE from state_machine
2026-06-02 17:34:17,193 - runtime_core.runtime_state_machine - INFO - State transition: THINKING → EXECUTING
2026-06-02 17:34:17,195 - runtime_core.event_bus - INFO - Publishing event: STATE_CHANGE from state_machine
2026-06-02 17:34:17,195 - runtime_core.event_bus - INFO - Publishing event: EXECUTION_STARTED from wake_listener
2026-06-02 17:34:17,794 - runtime.idle_controller - DEBUG - Idle controller: idle state - optimizing resources
2026-06-02 17:40:00,829 - __main__ - INFO - ======================================================================
2026-06-02 17:40:00,830 - __main__ - INFO - JARVIS AI Operating System - Persistent Runtime Starting
2026-06-02 17:40:00,830 - __main__ - INFO - ======================================================================
2026-06-02 17:40:00,894 - runtime_core.event_bus - INFO - Event Bus initialized
2026-06-02 17:40:00,894 - runtime_core.runtime_state_machine - INFO - Runtime State Machine initialized at IDLE
2026-06-02 17:40:00,923 - runtime_ui.animation_engine - INFO - Animation engine initialized
2026-06-02 17:40:00,923 - runtime_ui.overlay_manager - INFO - Overlay Manager initialized
2026-06-02 17:40:00,953 - runtime_ui.tray_manager - INFO - Tray Manager (UI) initialized
2026-06-02 17:40:00,955 - runtime_ui.status_controller - INFO - Status Controller initialized
2026-06-02 17:40:00,955 - runtime_ui.presence_manager - INFO - Presence Manager initialized
2026-06-02 17:40:00,957 - runtime_ui.ui_theme_manager - INFO - UI Theme Manager initialized with theme: cinematic_blue
2026-06-02 17:40:00,958 - runtime_ui.state_visualizer - INFO - State Visualizer initialized
2026-06-02 17:40:00,960 - runtime_ui.notification_manager - INFO - Notification Manager initialized
2026-06-02 17:40:00,962 - runtime_ui.overlay_renderer - INFO - Overlay Renderer initialized
2026-06-02 17:40:00,997 - runtime_ui.tray_manager - INFO - Initializing tray manager
2026-06-02 17:40:01,082 - runtime_ui.tray_manager - DEBUG - Tray libraries imported successfully
2026-06-02 17:40:01,082 - runtime_ui.overlay_manager - INFO - Initializing overlay manager
2026-06-02 17:40:01,082 - runtime_core.event_bus - DEBUG - Subscribed to STATE_CHANGE
2026-06-02 17:40:01,082 - runtime_core.event_bus - DEBUG - Subscribed to PAUSE
2026-06-02 17:40:01,082 - runtime_core.event_bus - DEBUG - Subscribed to RESUME
2026-06-02 17:40:01,082 - runtime_core.event_bus - DEBUG - Subscribed to WAKE_WORD_DETECTED
2026-06-02 17:40:01,082 - runtime_core.event_bus - DEBUG - Subscribed to COMMAND_RECEIVED
2026-06-02 17:40:01,082 - runtime_core.event_bus - DEBUG - Subscribed to THINKING_STARTED
2026-06-02 17:40:01,083 - runtime_core.event_bus - DEBUG - Subscribed to EXECUTION_STARTED
2026-06-02 17:40:01,083 - runtime_core.event_bus - DEBUG - Subscribed to SPEAK_START
2026-06-02 17:40:01,083 - runtime_core.event_bus - DEBUG - Subscribed to SPEAK_END
2026-06-02 17:40:01,083 - runtime_ui.presence_manager - INFO - Initializing presence manager
2026-06-02 17:40:01,084 - runtime_ui.tray_manager - INFO - Tray manager started
2026-06-02 17:40:01,084 - asyncio - DEBUG - Using proactor: IocpProactor
2026-06-02 17:40:01,085 - runtime_ui.overlay_manager - INFO - Creating AIIndicator instance
2026-06-02 17:40:01,110 - runtime_ui.ai_indicator - INFO - Glassmorphism AI Indicator initialized
2026-06-02 17:40:01,110 - runtime_ui.overlay_manager - INFO - AIIndicator created
2026-06-02 17:40:01,110 - runtime_ui.animation_engine - DEBUG - Animation target widget set: <runtime_ui.ai_indicator.AIIndicator object at 0x000002B0783E28F0>
2026-06-02 17:40:01,110 - runtime_ui.ai_indicator - INFO - Setting status to RuntimeState.IDLE with details: None
2026-06-02 17:40:01,110 - runtime_ui.overlay_manager - INFO - Overlay updated to IDLE
2026-06-02 17:40:05,969 - runtime_ui.overlay_manager - INFO - Overlay watchdog started
2026-06-02 17:40:05,969 - runtime_ui.overlay_manager - INFO - Overlay started completely
2026-06-02 17:40:05,970 - runtime_core.lifecycle_manager - INFO - Lifecycle Manager initialized
2026-06-02 17:40:05,977 - runtime_core.persistent_runtime - INFO - Persistent Runtime initialized
2026-06-02 17:40:05,978 - runtime_core.lifecycle_manager - INFO - ======================================================================
2026-06-02 17:40:05,978 - runtime_core.lifecycle_manager - INFO - JARVIS AI Operating System - Boot Sequence Starting
2026-06-02 17:40:05,978 - runtime_core.lifecycle_manager - INFO - ======================================================================
2026-06-02 17:40:05,978 - runtime_core.lifecycle_manager - DEBUG - Setting up Windows signal handlers
2026-06-02 17:40:05,978 - runtime_core.lifecycle_manager - DEBUG - Signal handlers set up
2026-06-02 17:40:05,978 - runtime_core.event_bus - DEBUG - Subscribed to PAUSE
2026-06-02 17:40:05,979 - runtime_core.event_bus - DEBUG - Subscribed to RESUME
2026-06-02 17:40:05,979 - runtime_core.event_bus - DEBUG - Subscribed to SHUTDOWN
2026-06-02 17:40:05,979 - runtime_core.lifecycle_manager - INFO - Initializing core subsystems...
2026-06-02 17:40:05,979 - runtime_core.runtime_state_machine - DEBUG - Already in state IDLE
2026-06-02 17:40:05,980 - runtime_core.lifecycle_manager - INFO - ======================================================================
2026-06-02 17:40:05,980 - runtime_core.lifecycle_manager - INFO - JARVIS AI Operating System - Boot Complete
2026-06-02 17:40:05,980 - runtime_core.lifecycle_manager - INFO - ======================================================================
2026-06-02 17:40:05,980 - runtime_core.persistent_runtime - INFO - Starting infinite runtime loop...
2026-06-02 17:40:06,002 - voice.voice_profile_manager - INFO - Loaded 4 voice profiles
2026-06-02 17:40:06,011 - voice.text_to_speech - INFO - Loading voice profile: jarvis_classic
2026-06-02 17:40:06,011 - voice.tts_engines.piper_engine - INFO - Initializing Piper TTS engine...
2026-06-02 17:40:06,100 - PIL.Image - DEBUG - Importing BlpImagePlugin
2026-06-02 17:40:06,102 - PIL.Image - DEBUG - Importing BmpImagePlugin
2026-06-02 17:40:06,102 - PIL.Image - DEBUG - Importing BufrStubImagePlugin
2026-06-02 17:40:06,103 - PIL.Image - DEBUG - Importing CurImagePlugin
2026-06-02 17:40:06,105 - PIL.Image - DEBUG - Importing DcxImagePlugin
2026-06-02 17:40:06,109 - PIL.Image - DEBUG - Importing DdsImagePlugin
2026-06-02 17:40:06,113 - PIL.Image - DEBUG - Importing EpsImagePlugin
2026-06-02 17:40:06,115 - PIL.Image - DEBUG - Importing FitsImagePlugin
2026-06-02 17:40:06,120 - PIL.Image - DEBUG - Importing FliImagePlugin
2026-06-02 17:40:06,123 - PIL.Image - DEBUG - Importing FpxImagePlugin
2026-06-02 17:40:06,127 - PIL.Image - DEBUG - Image: failed to import FpxImagePlugin: No module named 'olefile'
2026-06-02 17:40:06,129 - PIL.Image - DEBUG - Importing FtexImagePlugin
2026-06-02 17:40:06,132 - PIL.Image - DEBUG - Importing GbrImagePlugin
2026-06-02 17:40:06,133 - PIL.Image - DEBUG - Importing GifImagePlugin
2026-06-02 17:40:06,133 - PIL.Image - DEBUG - Importing GribStubImagePlugin
2026-06-02 17:40:06,135 - PIL.Image - DEBUG - Importing Hdf5StubImagePlugin
2026-06-02 17:40:06,137 - PIL.Image - DEBUG - Importing IcnsImagePlugin
2026-06-02 17:40:06,143 - PIL.Image - DEBUG - Importing IcoImagePlugin
2026-06-02 17:40:06,146 - PIL.Image - DEBUG - Importing ImImagePlugin
2026-06-02 17:40:06,150 - PIL.Image - DEBUG - Importing ImtImagePlugin
2026-06-02 17:40:06,152 - PIL.Image - DEBUG - Importing IptcImagePlugin
2026-06-02 17:40:06,153 - PIL.Image - DEBUG - Importing JpegImagePlugin
2026-06-02 17:40:06,153 - PIL.Image - DEBUG - Importing Jpeg2KImagePlugin
2026-06-02 17:40:06,153 - PIL.Image - DEBUG - Importing McIdasImagePlugin
2026-06-02 17:40:06,156 - PIL.Image - DEBUG - Importing MicImagePlugin
2026-06-02 17:40:06,162 - PIL.Image - DEBUG - Image: failed to import MicImagePlugin: No module named 'olefile'
2026-06-02 17:40:06,162 - PIL.Image - DEBUG - Importing MpegImagePlugin
2026-06-02 17:40:06,165 - PIL.Image - DEBUG - Importing MpoImagePlugin
2026-06-02 17:40:06,181 - PIL.Image - DEBUG - Importing MspImagePlugin
2026-06-02 17:40:06,188 - PIL.Image - DEBUG - Importing PalmImagePlugin
2026-06-02 17:40:06,192 - PIL.Image - DEBUG - Importing PcdImagePlugin
2026-06-02 17:40:06,193 - PIL.Image - DEBUG - Importing PcxImagePlugin
2026-06-02 17:40:06,193 - PIL.Image - DEBUG - Importing PdfImagePlugin
2026-06-02 17:40:06,206 - PIL.Image - DEBUG - Importing PixarImagePlugin
2026-06-02 17:40:06,209 - PIL.Image - DEBUG - Importing PngImagePlugin
2026-06-02 17:40:06,209 - PIL.Image - DEBUG - Importing PpmImagePlugin
2026-06-02 17:40:06,209 - PIL.Image - DEBUG - Importing PsdImagePlugin
2026-06-02 17:40:06,212 - PIL.Image - DEBUG - Importing QoiImagePlugin
2026-06-02 17:40:06,213 - PIL.Image - DEBUG - Importing SgiImagePlugin
2026-06-02 17:40:06,216 - PIL.Image - DEBUG - Importing SpiderImagePlugin
2026-06-02 17:40:06,219 - PIL.Image - DEBUG - Importing SunImagePlugin
2026-06-02 17:40:06,220 - PIL.Image - DEBUG - Importing TgaImagePlugin
2026-06-02 17:40:06,222 - PIL.Image - DEBUG - Importing TiffImagePlugin
2026-06-02 17:40:06,222 - PIL.Image - DEBUG - Importing WebPImagePlugin
2026-06-02 17:40:06,226 - PIL.Image - DEBUG - Importing WmfImagePlugin
2026-06-02 17:40:06,228 - PIL.Image - DEBUG - Importing XbmImagePlugin
2026-06-02 17:40:06,232 - PIL.Image - DEBUG - Importing XpmImagePlugin
2026-06-02 17:40:06,234 - PIL.Image - DEBUG - Importing XVThumbImagePlugin
2026-06-02 17:40:06,412 - voice.tts_engines.piper_engine - ERROR - Piper TTS dependencies not installed: No module named 'piper.download'
2026-06-02 17:40:06,412 - voice.tts_engines.piper_engine - WARNING - To install Piper: pip install piper-tts sounddevice numpy
2026-06-02 17:40:06,412 - voice.tts_engines.engine_selector - WARNING - Failed to initialize piper, falling back...
2026-06-02 17:40:06,412 - voice.tts_engines.piper_engine - INFO - Initializing Piper TTS engine...
2026-06-02 17:40:06,412 - voice.tts_engines.piper_engine - ERROR - Piper TTS dependencies not installed: No module named 'piper.download'
2026-06-02 17:40:06,412 - voice.tts_engines.piper_engine - WARNING - To install Piper: pip install piper-tts sounddevice numpy
2026-06-02 17:40:06,418 - voice.tts_engines.pyttsx3_engine - INFO - Initializing pyttsx3 TTS engine...
2026-06-02 17:40:06,430 - comtypes - DEBUG - CoInitializeEx(None, 2)
2026-06-02 17:40:06,541 - comtypes.client._code_cache - INFO - Imported existing <module 'comtypes.gen' from 'C:\\Users\\jashw\\AppData\\Local\\Packages\\PythonSoftwareFoundation.Python.3.12_qbz5n2kfra8p0\\LocalCache\\local-packages\\Python312\\site-packages\\comtypes\\gen\\__init__.py'>
2026-06-02 17:40:06,542 - comtypes.client._code_cache - INFO - Using writeable comtypes cache directory: 'C:\Users\jashw\AppData\Local\Packages\PythonSoftwareFoundation.Python.3.12_qbz5n2kfra8p0\LocalCache\local-packages\Python312\site-packages\comtypes\gen'
2026-06-02 17:40:06,635 - comtypes.client._create - DEBUG - SAPI.SPVoice -> {96749377-3391-11D2-9EE3-00C04F797396}
2026-06-02 17:40:06,635 - comtypes.client._create - DEBUG - CoCreateInstance({96749377-3391-11D2-9EE3-00C04F797396}, clsctx=None, interface=None)
2026-06-02 17:40:06,650 - comtypes.client._managing - DEBUG - GetBestInterface(<POINTER(IUnknown) ptr=0x2b074926dd0 at 2b0253db1d0>)
2026-06-02 17:40:06,650 - comtypes.client._managing - DEBUG - Does implement IProvideClassInfo
2026-06-02 17:40:06,651 - comtypes.client._managing - DEBUG - Default interface is {269316D8-57BD-11D2-9EEE-00C04F797396}
2026-06-02 17:40:06,651 - comtypes._post_coinit.unknwn - DEBUG - Release <POINTER(IUnknown) ptr=0x2b074926e10 at 2b0253db5d0>
2026-06-02 17:40:06,651 - comtypes.client._generate - DEBUG - GetModule(TLIBATTR(GUID={C866CA3A-32F7-11D2-9602-00C04F8EE628}, Version=5.4, LCID=0, FLags=0x8))
2026-06-02 17:40:06,652 - comtypes.client._managing - DEBUG - Implements default interface from typeinfo <class 'comtypes.gen._C866CA3A_32F7_11D2_9602_00C04F8EE628_0_5_4.ISpeechVoice'>
2026-06-02 17:40:06,652 - comtypes.client._managing - DEBUG - Final result is <POINTER(ISpeechVoice) ptr=0x2b074926e10 at 2b0253db550>
2026-06-02 17:40:06,652 - comtypes._post_coinit.unknwn - DEBUG - Release <POINTER(IProvideClassInfo) ptr=0x2b074926e30 at 2b0253db150>
2026-06-02 17:40:06,652 - comtypes._post_coinit.unknwn - DEBUG - Release <POINTER(ITypeInfo) ptr=0x2b0250268b8 at 2b0253db250>
2026-06-02 17:40:06,652 - comtypes._post_coinit.unknwn - DEBUG - Release <POINTER(ITypeInfo) ptr=0x2b025026910 at 2b0253db3d0>
2026-06-02 17:40:06,652 - comtypes._post_coinit.unknwn - DEBUG - Release <POINTER(ITypeLib) ptr=0x2b024dd4b40 at 2b0253db5d0>
2026-06-02 17:40:06,652 - comtypes._post_coinit.unknwn - DEBUG - Release <POINTER(IUnknown) ptr=0x2b074926dd0 at 2b0253db1d0>
2026-06-02 17:40:06,653 - comtypes.client._events - DEBUG - <POINTER(ISpeechVoice) ptr=0x2b074926e10 at 2b0253db550> using sinkinterface from clsid <class 'comtypes.gen._C866CA3A_32F7_11D2_9602_00C04F8EE628_0_5_4._ISpeechVoiceEvents'>
2026-06-02 17:40:06,653 - comtypes._post_coinit.unknwn - DEBUG - Release <POINTER(IProvideClassInfo2) ptr=0x2b074926e30 at 2b0253db1d0>
2026-06-02 17:40:06,653 - comtypes._vtbl - DEBUG - <comtypes.client._events.CreateEventReceiver.<locals>.Sink object at 0x000002B024F1BC80>: _ISpeechVoiceEvents.VoiceChange not implemented
2026-06-02 17:40:06,653 - comtypes._vtbl - DEBUG - <comtypes.client._events.CreateEventReceiver.<locals>.Sink object at 0x000002B024F1BC80>: _ISpeechVoiceEvents.Bookmark not implemented
2026-06-02 17:40:06,653 - comtypes._vtbl - DEBUG - <comtypes.client._events.CreateEventReceiver.<locals>.Sink object at 0x000002B024F1BC80>: _ISpeechVoiceEvents.Sentence not implemented
2026-06-02 17:40:06,655 - comtypes._vtbl - DEBUG - <comtypes.client._events.CreateEventReceiver.<locals>.Sink object at 0x000002B024F1BC80>: _ISpeechVoiceEvents.Phoneme not implemented
2026-06-02 17:40:06,655 - comtypes._vtbl - DEBUG - <comtypes.client._events.CreateEventReceiver.<locals>.Sink object at 0x000002B024F1BC80>: _ISpeechVoiceEvents.Viseme not implemented
2026-06-02 17:40:06,655 - comtypes._vtbl - DEBUG - <comtypes.client._events.CreateEventReceiver.<locals>.Sink object at 0x000002B024F1BC80>: _ISpeechVoiceEvents.AudioLevel not implemented
2026-06-02 17:40:06,655 - comtypes._vtbl - DEBUG - <comtypes.client._events.CreateEventReceiver.<locals>.Sink object at 0x000002B024F1BC80>: _ISpeechVoiceEvents.EnginePrivate not implemented
2026-06-02 17:40:06,655 - comtypes.client._events - DEBUG - Start advise <class 'comtypes.gen._C866CA3A_32F7_11D2_9602_00C04F8EE628_0_5_4._ISpeechVoiceEvents'>
2026-06-02 17:40:06,655 - comtypes._comobject - DEBUG - <comtypes.client._events.CreateEventReceiver.<locals>.Sink object at 0x000002B024F1BC80>.QueryInterface({A372ACD1-3BEF-4BBD-8FFB-CB3E2B416AF8}) -> S_OK
2026-06-02 17:40:06,655 - comtypes._comobject - DEBUG - 1 active COM objects: Added   <comtypes.client._events.CreateEventReceiver.<locals>.Sink object at 0x000002B024F1BC80>
2026-06-02 17:40:06,655 - comtypes._comobject - DEBUG - <comtypes.client._events.CreateEventReceiver.<locals>.Sink object at 0x000002B024F1BC80>.AddRef() -> 1
2026-06-02 17:40:06,659 - comtypes._post_coinit.unknwn - DEBUG - Release <POINTER(IConnectionPointContainer) ptr=0x2b074926e38 at 2b024ee77d0>
2026-06-02 17:40:06,734 - comtypes.client._managing - DEBUG - wrap_outparam(<POINTER(ISpeechObjectToken) ptr=0x2b0749627f0 at 2b024ee77d0>)
2026-06-02 17:40:06,734 - comtypes._post_coinit.unknwn - DEBUG - Release <POINTER(ISpeechObjectToken) ptr=0x2b0749627f0 at 2b024ee77d0>
2026-06-02 17:40:06,735 - comtypes.client._managing - DEBUG - wrap_outparam(<POINTER(ISpeechObjectTokens) ptr=0x2b0749792c0 at 2b024ee77d0>)
2026-06-02 17:40:06,735 - comtypes._post_coinit.unknwn - DEBUG - Release <POINTER(IUnknown) ptr=0x2b0787f4460 at 2b024ee7550>
2026-06-02 17:40:06,735 - comtypes.client._managing - DEBUG - wrap_outparam(<POINTER(IDispatch) ptr=0x2b07873dd40 at 2b024ee7250>)
2026-06-02 17:40:06,735 - comtypes.client._managing - DEBUG - GetBestInterface(<POINTER(IDispatch) ptr=0x2b07873dd40 at 2b024ee7250>)
2026-06-02 17:40:06,736 - comtypes.client._managing - DEBUG - Does NOT implement IProvideClassInfo, trying IProvideClassInfo2
2026-06-02 17:40:06,736 - comtypes.client._managing - DEBUG - Does NOT implement IProvideClassInfo/IProvideClassInfo2
2026-06-02 17:40:06,737 - comtypes._post_coinit.unknwn - DEBUG - Release <POINTER(IUnknown) ptr=0x2b0250269c0 at 2b0256209d0>
2026-06-02 17:40:06,737 - comtypes.client._managing - DEBUG - Default interface is {C74A3ADC-B727-4500-A84A-B526721C8B8C}
2026-06-02 17:40:06,737 - comtypes._post_coinit.unknwn - DEBUG - Release <POINTER(IUnknown) ptr=0x2b07873dd40 at 2b025620ad0>
2026-06-02 17:40:06,737 - comtypes.client._generate - DEBUG - GetModule(TLIBATTR(GUID={C866CA3A-32F7-11D2-9602-00C04F8EE628}, Version=5.4, LCID=0, FLags=0x8))
2026-06-02 17:40:06,737 - comtypes.client._managing - DEBUG - Implements default interface from typeinfo <class 'comtypes.gen._C866CA3A_32F7_11D2_9602_00C04F8EE628_0_5_4.ISpeechObjectToken'>
2026-06-02 17:40:06,737 - comtypes.client._managing - DEBUG - Final result is <POINTER(ISpeechObjectToken) ptr=0x2b07873dd40 at 2b0256209d0>
2026-06-02 17:40:06,737 - comtypes._post_coinit.unknwn - DEBUG - Release <POINTER(IDispatch) ptr=0x2b07873dd40 at 2b025620950>
2026-06-02 17:40:06,737 - comtypes._post_coinit.unknwn - DEBUG - Release <POINTER(ITypeInfo) ptr=0x2b0250269c0 at 2b025620a50>
2026-06-02 17:40:06,737 - comtypes._post_coinit.unknwn - DEBUG - Release <POINTER(ITypeLib) ptr=0x2b024dd4b40 at 2b025620ad0>
2026-06-02 17:40:06,737 - comtypes._post_coinit.unknwn - DEBUG - Release <POINTER(IDispatch) ptr=0x2b07873dd40 at 2b024ee7250>
2026-06-02 17:40:06,738 - comtypes._post_coinit.unknwn - DEBUG - Release <POINTER(IEnumVARIANT) ptr=0x2b0787f4460 at 2b024ee74d0>
2026-06-02 17:40:06,738 - comtypes._post_coinit.unknwn - DEBUG - Release <POINTER(ISpeechObjectTokens) ptr=0x2b0749792c0 at 2b024ee77d0>
2026-06-02 17:40:06,738 - comtypes._post_coinit.unknwn - DEBUG - Release <POINTER(ISpeechObjectToken) ptr=0x2b07873dd40 at 2b0256209d0>
2026-06-02 17:40:06,738 - voice.tts_engines.pyttsx3_engine - INFO - Set initial TTS speed to 150 WPM
2026-06-02 17:40:06,738 - comtypes.client._managing - DEBUG - wrap_outparam(<POINTER(ISpeechObjectTokens) ptr=0x2b0749792c0 at 2b024ee73d0>)
2026-06-02 17:40:06,739 - comtypes._post_coinit.unknwn - DEBUG - Release <POINTER(IUnknown) ptr=0x2b0787f4230 at 2b024ee77d0>
2026-06-02 17:40:06,739 - comtypes._post_coinit.unknwn - DEBUG - Release <POINTER(ISpeechObjectTokens) ptr=0x2b0749792c0 at 2b024ee73d0>
2026-06-02 17:40:06,739 - comtypes.client._managing - DEBUG - wrap_outparam(<POINTER(IDispatch) ptr=0x2b07873dd40 at 2b024ee7550>)
2026-06-02 17:40:06,739 - comtypes.client._managing - DEBUG - GetBestInterface(<POINTER(IDispatch) ptr=0x2b07873dd40 at 2b024ee7550>)
2026-06-02 17:40:06,739 - comtypes.client._managing - DEBUG - Does NOT implement IProvideClassInfo, trying IProvideClassInfo2
2026-06-02 17:40:06,739 - comtypes.client._managing - DEBUG - Does NOT implement IProvideClassInfo/IProvideClassInfo2
2026-06-02 17:40:06,739 - comtypes._post_coinit.unknwn - DEBUG - Release <POINTER(IUnknown) ptr=0x2b0250269c0 at 2b0256209d0>
2026-06-02 17:40:06,740 - comtypes.client._managing - DEBUG - Default interface is {C74A3ADC-B727-4500-A84A-B526721C8B8C}
2026-06-02 17:40:06,740 - comtypes._post_coinit.unknwn - DEBUG - Release <POINTER(IUnknown) ptr=0x2b07873dd40 at 2b025620a50>
2026-06-02 17:40:06,740 - comtypes.client._generate - DEBUG - GetModule(TLIBATTR(GUID={C866CA3A-32F7-11D2-9602-00C04F8EE628}, Version=5.4, LCID=0, FLags=0x8))
2026-06-02 17:40:06,740 - comtypes.client._managing - DEBUG - Implements default interface from typeinfo <class 'comtypes.gen._C866CA3A_32F7_11D2_9602_00C04F8EE628_0_5_4.ISpeechObjectToken'>
2026-06-02 17:40:06,740 - comtypes.client._managing - DEBUG - Final result is <POINTER(ISpeechObjectToken) ptr=0x2b07873dd40 at 2b0256209d0>
2026-06-02 17:40:06,740 - comtypes._post_coinit.unknwn - DEBUG - Release <POINTER(IDispatch) ptr=0x2b07873dd40 at 2b024ee7150>
2026-06-02 17:40:06,740 - comtypes._post_coinit.unknwn - DEBUG - Release <POINTER(ITypeInfo) ptr=0x2b0250269c0 at 2b025620ad0>
2026-06-02 17:40:06,740 - comtypes._post_coinit.unknwn - DEBUG - Release <POINTER(ITypeLib) ptr=0x2b024dd4b40 at 2b025620a50>
2026-06-02 17:40:06,740 - comtypes._post_coinit.unknwn - DEBUG - Release <POINTER(IDispatch) ptr=0x2b07873dd40 at 2b024ee7550>
2026-06-02 17:40:06,741 - comtypes.client._managing - DEBUG - wrap_outparam(<POINTER(IDispatch) ptr=0x2b07873e1c0 at 2b024ee7250>)
2026-06-02 17:40:06,741 - comtypes.client._managing - DEBUG - GetBestInterface(<POINTER(IDispatch) ptr=0x2b07873e1c0 at 2b024ee7250>)
2026-06-02 17:40:06,741 - comtypes.client._managing - DEBUG - Does NOT implement IProvideClassInfo, trying IProvideClassInfo2
2026-06-02 17:40:06,742 - comtypes.client._managing - DEBUG - Does NOT implement IProvideClassInfo/IProvideClassInfo2
2026-06-02 17:40:06,742 - comtypes._post_coinit.unknwn - DEBUG - Release <POINTER(IUnknown) ptr=0x2b0250269c0 at 2b025620ad0>
2026-06-02 17:40:06,742 - comtypes.client._managing - DEBUG - Default interface is {C74A3ADC-B727-4500-A84A-B526721C8B8C}
2026-06-02 17:40:06,742 - comtypes._post_coinit.unknwn - DEBUG - Release <POINTER(IUnknown) ptr=0x2b07873e1c0 at 2b025620950>
2026-06-02 17:40:06,742 - comtypes.client._generate - DEBUG - GetModule(TLIBATTR(GUID={C866CA3A-32F7-11D2-9602-00C04F8EE628}, Version=5.4, LCID=0, FLags=0x8))
2026-06-02 17:40:06,742 - comtypes.client._managing - DEBUG - Implements default interface from typeinfo <class 'comtypes.gen._C866CA3A_32F7_11D2_9602_00C04F8EE628_0_5_4.ISpeechObjectToken'>
2026-06-02 17:40:06,742 - comtypes.client._managing - DEBUG - Final result is <POINTER(ISpeechObjectToken) ptr=0x2b07873e1c0 at 2b025620ad0>
2026-06-02 17:40:06,742 - comtypes._post_coinit.unknwn - DEBUG - Release <POINTER(IDispatch) ptr=0x2b07873e1c0 at 2b025620a50>
2026-06-02 17:40:06,743 - comtypes._post_coinit.unknwn - DEBUG - Release <POINTER(ITypeInfo) ptr=0x2b0250269c0 at 2b025620bd0>
2026-06-02 17:40:06,743 - comtypes._post_coinit.unknwn - DEBUG - Release <POINTER(ITypeLib) ptr=0x2b024dd4b40 at 2b025620950>
2026-06-02 17:40:06,743 - comtypes._post_coinit.unknwn - DEBUG - Release <POINTER(IDispatch) ptr=0x2b07873e1c0 at 2b024ee7250>
2026-06-02 17:40:06,743 - comtypes._post_coinit.unknwn - DEBUG - Release <POINTER(ISpeechObjectToken) ptr=0x2b07873dd40 at 2b0256209d0>
2026-06-02 17:40:06,743 - comtypes._post_coinit.unknwn - DEBUG - Release <POINTER(IEnumVARIANT) ptr=0x2b0787f4230 at 2b024ee74d0>
2026-06-02 17:40:06,743 - comtypes._post_coinit.unknwn - DEBUG - Release <POINTER(ISpeechObjectToken) ptr=0x2b07873e1c0 at 2b025620ad0>
2026-06-02 17:40:06,743 - voice.tts_engines.pyttsx3_engine - INFO - Available voices: 2 found
2026-06-02 17:40:06,743 - voice.tts_engines.pyttsx3_engine - INFO -   Voice 0: Microsoft David Desktop - English (United States)
2026-06-02 17:40:06,743 - voice.tts_engines.pyttsx3_engine - INFO - Found target voice: Microsoft David Desktop - English (United States)
2026-06-02 17:40:06,744 - voice.tts_engines.pyttsx3_engine - INFO - pyttsx3 TTS initialized successfully!
2026-06-02 17:40:06,744 - voice.tts_engines.engine_selector - INFO - Using TTS engine: pyttsx3
2026-06-02 17:40:06,744 - voice.tts_engines.pyttsx3_engine - INFO - Set TTS speed to 150 WPM (scale: 1.0)
2026-06-02 17:40:06,771 - voice.voice_memory - INFO - Loaded 26 voice interactions
2026-06-02 17:40:06,795 - voice.audio_router - INFO - Found 2 input devices, 2 output devices
2026-06-02 17:40:06,795 - runtime.runtime_manager - INFO - Initializing JARVIS runtime system
2026-06-02 17:40:06,795 - runtime_core.event_bus - DEBUG - Subscribed to PAUSE
2026-06-02 17:40:06,796 - runtime_core.event_bus - DEBUG - Subscribed to RESUME
2026-06-02 17:40:06,796 - runtime.hotkey_manager - INFO - Initializing hotkey manager
2026-06-02 17:40:06,805 - runtime.hotkey_manager - DEBUG - Keyboard library imported successfully
2026-06-02 17:40:06,805 - runtime.idle_controller - INFO - Initializing idle controller
2026-06-02 17:40:06,805 - runtime.wake_listener - INFO - Initializing wake listener
2026-06-02 17:40:06,877 - runtime.wake_listener - INFO - SpeechRecognition version: 3.16.1
2026-06-02 17:40:06,970 - __main__ - INFO - Playing startup greeting (in main thread) - using DIRECT pyttsx3!
2026-06-02 17:40:06,970 - comtypes.client._managing - DEBUG - wrap_outparam(<POINTER(ISpeechObjectTokens) ptr=0x2b0749792c0 at 2b025695250>)
2026-06-02 17:40:06,970 - comtypes._post_coinit.unknwn - DEBUG - Release <POINTER(IUnknown) ptr=0x2b0787f4780 at 2b0272f8850>
2026-06-02 17:40:06,970 - comtypes._post_coinit.unknwn - DEBUG - Release <POINTER(ISpeechObjectTokens) ptr=0x2b0749792c0 at 2b025695250>
2026-06-02 17:40:06,970 - comtypes.client._managing - DEBUG - wrap_outparam(<POINTER(IDispatch) ptr=0x2b07873d0e0 at 2b0272f86d0>)
2026-06-02 17:40:06,970 - comtypes.client._managing - DEBUG - GetBestInterface(<POINTER(IDispatch) ptr=0x2b07873d0e0 at 2b0272f86d0>)
2026-06-02 17:40:06,971 - comtypes.client._managing - DEBUG - Does NOT implement IProvideClassInfo, trying IProvideClassInfo2
2026-06-02 17:40:06,971 - comtypes.client._managing - DEBUG - Does NOT implement IProvideClassInfo/IProvideClassInfo2
2026-06-02 17:40:06,972 - comtypes._post_coinit.unknwn - DEBUG - Release <POINTER(IUnknown) ptr=0x2b0250269c0 at 2b0272f89d0>
2026-06-02 17:40:06,972 - comtypes.client._managing - DEBUG - Default interface is {C74A3ADC-B727-4500-A84A-B526721C8B8C}
2026-06-02 17:40:06,972 - comtypes._post_coinit.unknwn - DEBUG - Release <POINTER(IUnknown) ptr=0x2b07873d0e0 at 2b0272f8ad0>
2026-06-02 17:40:06,972 - comtypes.client._generate - DEBUG - GetModule(TLIBATTR(GUID={C866CA3A-32F7-11D2-9602-00C04F8EE628}, Version=5.4, LCID=0, FLags=0x8))
2026-06-02 17:40:06,972 - comtypes.client._managing - DEBUG - Implements default interface from typeinfo <class 'comtypes.gen._C866CA3A_32F7_11D2_9602_00C04F8EE628_0_5_4.ISpeechObjectToken'>
2026-06-02 17:40:06,972 - comtypes.client._managing - DEBUG - Final result is <POINTER(ISpeechObjectToken) ptr=0x2b07873d0e0 at 2b0272f89d0>
2026-06-02 17:40:06,972 - comtypes._post_coinit.unknwn - DEBUG - Release <POINTER(IDispatch) ptr=0x2b07873d0e0 at 2b0272f8950>
2026-06-02 17:40:06,972 - comtypes._post_coinit.unknwn - DEBUG - Release <POINTER(ITypeInfo) ptr=0x2b0250269c0 at 2b0272f8a50>
2026-06-02 17:40:06,972 - comtypes._post_coinit.unknwn - DEBUG - Release <POINTER(ITypeLib) ptr=0x2b024dd4b40 at 2b0272f8ad0>
2026-06-02 17:40:06,972 - comtypes._post_coinit.unknwn - DEBUG - Release <POINTER(IDispatch) ptr=0x2b07873d0e0 at 2b0272f86d0>
2026-06-02 17:40:06,973 - comtypes.client._managing - DEBUG - wrap_outparam(<POINTER(IDispatch) ptr=0x2b07873e1c0 at 2b0272f8ad0>)
2026-06-02 17:40:06,973 - comtypes.client._managing - DEBUG - GetBestInterface(<POINTER(IDispatch) ptr=0x2b07873e1c0 at 2b0272f8ad0>)
2026-06-02 17:40:06,973 - comtypes.client._managing - DEBUG - Does NOT implement IProvideClassInfo, trying IProvideClassInfo2
2026-06-02 17:40:06,973 - comtypes.client._managing - DEBUG - Does NOT implement IProvideClassInfo/IProvideClassInfo2
2026-06-02 17:40:06,973 - comtypes._post_coinit.unknwn - DEBUG - Release <POINTER(IUnknown) ptr=0x2b0250269c0 at 2b0272f8950>
2026-06-02 17:40:06,973 - comtypes.client._managing - DEBUG - Default interface is {C74A3ADC-B727-4500-A84A-B526721C8B8C}
2026-06-02 17:40:06,974 - comtypes._post_coinit.unknwn - DEBUG - Release <POINTER(IUnknown) ptr=0x2b07873e1c0 at 2b0272f8b50>
2026-06-02 17:40:06,974 - comtypes.client._generate - DEBUG - GetModule(TLIBATTR(GUID={C866CA3A-32F7-11D2-9602-00C04F8EE628}, Version=5.4, LCID=0, FLags=0x8))
2026-06-02 17:40:06,974 - comtypes.client._managing - DEBUG - Implements default interface from typeinfo <class 'comtypes.gen._C866CA3A_32F7_11D2_9602_00C04F8EE628_0_5_4.ISpeechObjectToken'>
2026-06-02 17:40:06,974 - comtypes.client._managing - DEBUG - Final result is <POINTER(ISpeechObjectToken) ptr=0x2b07873e1c0 at 2b0272f8950>
2026-06-02 17:40:06,974 - comtypes._post_coinit.unknwn - DEBUG - Release <POINTER(IDispatch) ptr=0x2b07873e1c0 at 2b0272f8a50>
2026-06-02 17:40:06,974 - comtypes._post_coinit.unknwn - DEBUG - Release <POINTER(ITypeInfo) ptr=0x2b0250269c0 at 2b0272f8bd0>
2026-06-02 17:40:06,974 - comtypes._post_coinit.unknwn - DEBUG - Release <POINTER(ITypeLib) ptr=0x2b024dd4b40 at 2b0272f8b50>
2026-06-02 17:40:06,974 - comtypes._post_coinit.unknwn - DEBUG - Release <POINTER(IDispatch) ptr=0x2b07873e1c0 at 2b0272f8ad0>
2026-06-02 17:40:06,974 - comtypes._post_coinit.unknwn - DEBUG - Release <POINTER(ISpeechObjectToken) ptr=0x2b07873d0e0 at 2b0272f89d0>
2026-06-02 17:40:06,975 - comtypes._post_coinit.unknwn - DEBUG - Release <POINTER(IEnumVARIANT) ptr=0x2b0787f4780 at 2b0272f85d0>
2026-06-02 17:40:06,975 - comtypes._post_coinit.unknwn - DEBUG - Release <POINTER(ISpeechObjectToken) ptr=0x2b07873e1c0 at 2b0272f8950>
2026-06-02 17:40:06,975 - __main__ - INFO - Calling engine.runAndWait()
2026-06-02 17:40:06,975 - comtypes.client._managing - DEBUG - wrap_outparam(<POINTER(ISpeechObjectToken) ptr=0x2b0749627f0 at 2b0272f85d0>)
2026-06-02 17:40:06,975 - comtypes._post_coinit.unknwn - DEBUG - Release <POINTER(ISpeechObjectToken) ptr=0x2b0749627f0 at 2b0272f85d0>
2026-06-02 17:40:06,976 - comtypes.client._managing - DEBUG - wrap_outparam(<POINTER(ISpeechObjectTokens) ptr=0x2b0749792c0 at 2b025695250>)
2026-06-02 17:40:06,976 - comtypes._post_coinit.unknwn - DEBUG - Release <POINTER(IUnknown) ptr=0x2b0787f4000 at 2b0272f8950>
2026-06-02 17:40:06,976 - comtypes.client._managing - DEBUG - wrap_outparam(<POINTER(IDispatch) ptr=0x2b07873dd40 at 2b0272f8ad0>)
2026-06-02 17:40:06,976 - comtypes.client._managing - DEBUG - GetBestInterface(<POINTER(IDispatch) ptr=0x2b07873dd40 at 2b0272f8ad0>)
2026-06-02 17:40:06,977 - comtypes.client._managing - DEBUG - Does NOT implement IProvideClassInfo, trying IProvideClassInfo2
2026-06-02 17:40:06,977 - comtypes.client._managing - DEBUG - Does NOT implement IProvideClassInfo/IProvideClassInfo2
2026-06-02 17:40:06,977 - comtypes._post_coinit.unknwn - DEBUG - Release <POINTER(IUnknown) ptr=0x2b0250269c0 at 2b0272f8bd0>
2026-06-02 17:40:06,977 - comtypes.client._managing - DEBUG - Default interface is {C74A3ADC-B727-4500-A84A-B526721C8B8C}
2026-06-02 17:40:06,977 - comtypes._post_coinit.unknwn - DEBUG - Release <POINTER(IUnknown) ptr=0x2b07873dd40 at 2b0272f8cd0>
2026-06-02 17:40:06,978 - comtypes.client._generate - DEBUG - GetModule(TLIBATTR(GUID={C866CA3A-32F7-11D2-9602-00C04F8EE628}, Version=5.4, LCID=0, FLags=0x8))
2026-06-02 17:40:06,978 - comtypes.client._managing - DEBUG - Implements default interface from typeinfo <class 'comtypes.gen._C866CA3A_32F7_11D2_9602_00C04F8EE628_0_5_4.ISpeechObjectToken'>
2026-06-02 17:40:06,978 - comtypes.client._managing - DEBUG - Final result is <POINTER(ISpeechObjectToken) ptr=0x2b07873dd40 at 2b0272f8bd0>
2026-06-02 17:40:06,978 - comtypes._post_coinit.unknwn - DEBUG - Release <POINTER(IDispatch) ptr=0x2b07873dd40 at 2b0272f88d0>
2026-06-02 17:40:06,978 - comtypes._post_coinit.unknwn - DEBUG - Release <POINTER(ITypeInfo) ptr=0x2b0250269c0 at 2b0272f8a50>
2026-06-02 17:40:06,978 - comtypes._post_coinit.unknwn - DEBUG - Release <POINTER(ITypeLib) ptr=0x2b024dd4b40 at 2b0272f8cd0>
2026-06-02 17:40:06,978 - comtypes._post_coinit.unknwn - DEBUG - Release <POINTER(IDispatch) ptr=0x2b07873dd40 at 2b0272f8ad0>
2026-06-02 17:40:06,978 - comtypes._post_coinit.unknwn - DEBUG - Release <POINTER(IEnumVARIANT) ptr=0x2b0787f4000 at 2b0272f85d0>
2026-06-02 17:40:06,978 - comtypes._post_coinit.unknwn - DEBUG - Release <POINTER(ISpeechObjectTokens) ptr=0x2b0749792c0 at 2b025695250>
2026-06-02 17:40:06,978 - comtypes._post_coinit.unknwn - DEBUG - Release <POINTER(ISpeechObjectToken) ptr=0x2b07873dd40 at 2b0272f8bd0>
2026-06-02 17:40:06,978 - comtypes.client._managing - DEBUG - wrap_outparam(<POINTER(ISpeechObjectToken) ptr=0x2b0749627f0 at 2b024ee73d0>)
2026-06-02 17:40:06,978 - comtypes._post_coinit.unknwn - DEBUG - Release <POINTER(ISpeechObjectToken) ptr=0x2b0749627f0 at 2b024ee73d0>
2026-06-02 17:40:06,979 - comtypes.client._managing - DEBUG - wrap_outparam(<POINTER(ISpeechObjectTokens) ptr=0x2b0749792c0 at 2b024ee73d0>)
2026-06-02 17:40:06,979 - comtypes._post_coinit.unknwn - DEBUG - Release <POINTER(IUnknown) ptr=0x2b0787f42d0 at 2b025695250>
2026-06-02 17:40:06,980 - comtypes.client._managing - DEBUG - wrap_outparam(<POINTER(IDispatch) ptr=0x2b07873e1c0 at 2b0272f8950>)
2026-06-02 17:40:06,980 - comtypes.client._managing - DEBUG - GetBestInterface(<POINTER(IDispatch) ptr=0x2b07873e1c0 at 2b0272f8950>)
2026-06-02 17:40:06,980 - comtypes.client._managing - DEBUG - Does NOT implement IProvideClassInfo, trying IProvideClassInfo2
2026-06-02 17:40:06,980 - comtypes.client._managing - DEBUG - Does NOT implement IProvideClassInfo/IProvideClassInfo2
2026-06-02 17:40:06,980 - comtypes._post_coinit.unknwn - DEBUG - Release <POINTER(IUnknown) ptr=0x2b0250269c0 at 2b0272f87d0>
2026-06-02 17:40:06,980 - comtypes.client._managing - DEBUG - Default interface is {C74A3ADC-B727-4500-A84A-B526721C8B8C}
2026-06-02 17:40:06,981 - comtypes._post_coinit.unknwn - DEBUG - Release <POINTER(IUnknown) ptr=0x2b07873e1c0 at 2b0272f8a50>
2026-06-02 17:40:06,981 - comtypes.client._generate - DEBUG - GetModule(TLIBATTR(GUID={C866CA3A-32F7-11D2-9602-00C04F8EE628}, Version=5.4, LCID=0, FLags=0x8))
2026-06-02 17:40:06,981 - comtypes.client._managing - DEBUG - Implements default interface from typeinfo <class 'comtypes.gen._C866CA3A_32F7_11D2_9602_00C04F8EE628_0_5_4.ISpeechObjectToken'>
2026-06-02 17:40:06,981 - comtypes.client._managing - DEBUG - Final result is <POINTER(ISpeechObjectToken) ptr=0x2b07873e1c0 at 2b0272f87d0>
2026-06-02 17:40:06,981 - comtypes._post_coinit.unknwn - DEBUG - Release <POINTER(IDispatch) ptr=0x2b07873e1c0 at 2b0272f8cd0>
2026-06-02 17:40:06,981 - comtypes._post_coinit.unknwn - DEBUG - Release <POINTER(ITypeInfo) ptr=0x2b0250269c0 at 2b0272f8b50>
2026-06-02 17:40:06,981 - comtypes._post_coinit.unknwn - DEBUG - Release <POINTER(ITypeLib) ptr=0x2b024dd4b40 at 2b0272f8a50>
2026-06-02 17:40:06,981 - comtypes._post_coinit.unknwn - DEBUG - Release <POINTER(IDispatch) ptr=0x2b07873e1c0 at 2b0272f8950>
2026-06-02 17:40:06,981 - comtypes._post_coinit.unknwn - DEBUG - Release <POINTER(IEnumVARIANT) ptr=0x2b0787f42d0 at 2b0272f8bd0>
2026-06-02 17:40:06,981 - comtypes._post_coinit.unknwn - DEBUG - Release <POINTER(ISpeechObjectTokens) ptr=0x2b0749792c0 at 2b024ee73d0>
2026-06-02 17:40:06,983 - comtypes._post_coinit.unknwn - DEBUG - Release <POINTER(ISpeechObjectToken) ptr=0x2b07873e1c0 at 2b0272f87d0>
2026-06-02 17:40:06,983 - comtypes.client._managing - DEBUG - wrap_outparam(<POINTER(ISpeechObjectToken) ptr=0x2b0749627f0 at 2b024ee73d0>)
2026-06-02 17:40:06,983 - comtypes._post_coinit.unknwn - DEBUG - Release <POINTER(ISpeechObjectToken) ptr=0x2b0749627f0 at 2b024ee73d0>
2026-06-02 17:40:07,013 - runtime.wake_listener - INFO - Speech recognition and microphone initialized successfully
2026-06-02 17:40:07,013 - runtime.wake_listener - INFO - Fixed energy threshold set to: 200
2026-06-02 17:40:07,013 - runtime.runtime_manager - INFO - Runtime manager initialized successfully
2026-06-02 17:40:07,013 - runtime.hotkey_manager - INFO - Initializing hotkey manager
2026-06-02 17:40:07,013 - runtime.hotkey_manager - DEBUG - Keyboard library imported successfully
2026-06-02 17:40:07,015 - runtime.wake_listener - INFO - Wake listener started (active)
2026-06-02 17:40:07,015 - runtime.wake_listener - DEBUG - Listening for wake word...
2026-06-02 17:40:07,015 - runtime.idle_controller - DEBUG - Idle controller: idle state - optimizing resources
2026-06-02 17:40:07,015 - runtime.runtime_manager - INFO - Starting JARVIS runtime service
2026-06-02 17:40:07,016 - runtime.background_service - INFO - Starting background service
2026-06-02 17:40:07,016 - asyncio - DEBUG - Using proactor: IocpProactor
2026-06-02 17:40:07,017 - runtime.background_service - INFO - Entering idle loop
2026-06-02 17:40:07,129 - runtime.hotkey_manager - INFO - Hotkey listener started (CTRL+P registered)
2026-06-02 17:40:08,017 - runtime.idle_controller - DEBUG - Idle controller: idle state - optimizing resources
2026-06-02 17:40:09,017 - runtime.idle_controller - DEBUG - Idle controller: idle state - optimizing resources
2026-06-02 17:40:10,017 - runtime.idle_controller - DEBUG - Idle controller: idle state - optimizing resources
2026-06-02 17:40:11,018 - runtime.idle_controller - DEBUG - Idle controller: idle state - optimizing resources
2026-06-02 17:40:11,122 - runtime.wake_listener - INFO - Heard: jarvis online all system
2026-06-02 17:40:11,123 - runtime.wake_listener - INFO - Wake word detected!
2026-06-02 17:40:11,123 - runtime_core.event_bus - INFO - Publishing event: WAKE_WORD_DETECTED from wake_listener
2026-06-02 17:40:11,123 - runtime_core.runtime_state_machine - INFO - State transition: IDLE → LISTENING
2026-06-02 17:40:11,128 - runtime_core.event_bus - INFO - Publishing event: STATE_CHANGE from state_machine
2026-06-02 17:40:11,128 - runtime.wake_listener - INFO - Capturing command...
2026-06-02 17:40:12,019 - runtime.idle_controller - DEBUG - Idle controller: idle state - optimizing resources
2026-06-02 17:40:13,020 - runtime.idle_controller - DEBUG - Idle controller: idle state - optimizing resources
2026-06-02 17:40:14,021 - runtime.idle_controller - DEBUG - Idle controller: idle state - optimizing resources
2026-06-02 17:40:15,021 - runtime.idle_controller - DEBUG - Idle controller: idle state - optimizing resources
2026-06-02 17:40:16,022 - runtime.idle_controller - DEBUG - Idle controller: idle state - optimizing resources
2026-06-02 17:40:17,022 - runtime.idle_controller - DEBUG - Idle controller: idle state - optimizing resources
2026-06-02 17:40:18,031 - runtime.idle_controller - DEBUG - Idle controller: idle state - optimizing resources
2026-06-02 17:40:19,032 - runtime.idle_controller - DEBUG - Idle controller: idle state - optimizing resources
2026-06-02 17:40:20,032 - runtime.idle_controller - DEBUG - Idle controller: idle state - optimizing resources
2026-06-02 17:40:21,032 - runtime.idle_controller - DEBUG - Idle controller: idle state - optimizing resources
2026-06-02 17:40:22,033 - runtime.idle_controller - DEBUG - Idle controller: idle state - optimizing resources
2026-06-02 17:40:23,089 - runtime.idle_controller - DEBUG - Idle controller: idle state - optimizing resources
2026-06-02 17:40:24,089 - runtime.idle_controller - DEBUG - Idle controller: idle state - optimizing resources
2026-06-02 17:40:25,090 - runtime.idle_controller - DEBUG - Idle controller: idle state - optimizing resources
2026-06-02 17:40:26,090 - runtime.idle_controller - DEBUG - Idle controller: idle state - optimizing resources
2026-06-02 17:40:27,091 - runtime.idle_controller - DEBUG - Idle controller: idle state - optimizing resources
2026-06-02 17:40:28,091 - runtime.idle_controller - DEBUG - Idle controller: idle state - optimizing resources
2026-06-02 17:40:29,091 - runtime.idle_controller - DEBUG - Idle controller: idle state - optimizing resources
2026-06-02 17:40:30,092 - runtime.idle_controller - DEBUG - Idle controller: idle state - optimizing resources
2026-06-02 17:40:30,345 - runtime.wake_listener - WARNING - Could not understand command
2026-06-02 17:40:30,345 - runtime_core.runtime_state_machine - INFO - State transition: LISTENING → IDLE
2026-06-02 17:40:30,349 - runtime_core.event_bus - INFO - Publishing event: STATE_CHANGE from state_machine
2026-06-02 17:40:30,349 - runtime.wake_listener - DEBUG - Listening for wake word...
2026-06-02 17:40:31,093 - runtime.idle_controller - DEBUG - Idle controller: idle state - optimizing resources
2026-06-02 17:40:32,093 - runtime.idle_controller - DEBUG - Idle controller: idle state - optimizing resources
2026-06-02 17:40:33,093 - runtime.idle_controller - DEBUG - Idle controller: idle state - optimizing resources
2026-06-02 17:40:34,094 - runtime.idle_controller - DEBUG - Idle controller: idle state - optimizing resources
2026-06-02 17:40:35,018 - runtime.wake_listener - DEBUG - Could not understand audio
2026-06-02 17:40:35,018 - runtime.wake_listener - DEBUG - Listening for wake word...
2026-06-02 17:40:35,094 - runtime.idle_controller - DEBUG - Idle controller: idle state - optimizing resources
2026-06-02 17:40:36,095 - runtime.idle_controller - DEBUG - Idle controller: idle state - optimizing resources
2026-06-02 17:40:37,096 - runtime.idle_controller - DEBUG - Idle controller: idle state - optimizing resources
2026-06-02 17:40:38,096 - runtime.idle_controller - DEBUG - Idle controller: idle state - optimizing resources
2026-06-02 17:40:39,097 - runtime.idle_controller - DEBUG - Idle controller: idle state - optimizing resources
2026-06-02 17:40:40,097 - runtime.idle_controller - DEBUG - Idle controller: idle state - optimizing resources
2026-06-02 17:40:41,097 - runtime.idle_controller - DEBUG - Idle controller: idle state - optimizing resources
2026-06-02 17:40:42,098 - runtime.idle_controller - DEBUG - Idle controller: idle state - optimizing resources
2026-06-02 17:40:43,098 - runtime.idle_controller - DEBUG - Idle controller: idle state - optimizing resources
2026-06-02 17:40:44,099 - runtime.idle_controller - DEBUG - Idle controller: idle state - optimizing resources
2026-06-02 17:40:45,099 - runtime.idle_controller - DEBUG - Idle controller: idle state - optimizing resources
2026-06-02 17:40:46,100 - runtime.idle_controller - DEBUG - Idle controller: idle state - optimizing resources
2026-06-02 17:40:47,100 - runtime.idle_controller - DEBUG - Idle controller: idle state - optimizing resources
2026-06-02 17:40:48,101 - runtime.idle_controller - DEBUG - Idle controller: idle state - optimizing resources
2026-06-02 17:40:49,101 - runtime.idle_controller - DEBUG - Idle controller: idle state - optimizing resources
2026-06-02 17:40:50,102 - runtime.idle_controller - DEBUG - Idle controller: idle state - optimizing resources
2026-06-02 17:40:51,102 - runtime.idle_controller - DEBUG - Idle controller: idle state - optimizing resources
2026-06-02 17:40:58,441 - __main__ - INFO - ======================================================================
2026-06-02 17:40:58,442 - __main__ - INFO - JARVIS AI Operating System - Persistent Runtime Starting
2026-06-02 17:40:58,442 - __main__ - INFO - ======================================================================
2026-06-02 17:40:58,509 - runtime_core.event_bus - INFO - Event Bus initialized
2026-06-02 17:40:58,509 - runtime_core.runtime_state_machine - INFO - Runtime State Machine initialized at IDLE
2026-06-02 17:40:58,512 - runtime_ui.animation_engine - INFO - Animation engine initialized
2026-06-02 17:40:58,512 - runtime_ui.overlay_manager - INFO - Overlay Manager initialized
2026-06-02 17:40:58,523 - runtime_ui.tray_manager - INFO - Tray Manager (UI) initialized
2026-06-02 17:40:58,526 - runtime_ui.status_controller - INFO - Status Controller initialized
2026-06-02 17:40:58,526 - runtime_ui.presence_manager - INFO - Presence Manager initialized
2026-06-02 17:40:58,528 - runtime_ui.ui_theme_manager - INFO - UI Theme Manager initialized with theme: cinematic_blue
2026-06-02 17:40:58,530 - runtime_ui.state_visualizer - INFO - State Visualizer initialized
2026-06-02 17:40:58,531 - runtime_ui.notification_manager - INFO - Notification Manager initialized
2026-06-02 17:40:58,532 - runtime_ui.overlay_renderer - INFO - Overlay Renderer initialized
2026-06-02 17:40:58,559 - runtime_ui.tray_manager - INFO - Initializing tray manager
2026-06-02 17:40:58,621 - runtime_ui.tray_manager - DEBUG - Tray libraries imported successfully
2026-06-02 17:40:58,621 - runtime_ui.overlay_manager - INFO - Initializing overlay manager
2026-06-02 17:40:58,621 - runtime_core.event_bus - DEBUG - Subscribed to STATE_CHANGE
2026-06-02 17:40:58,621 - runtime_core.event_bus - DEBUG - Subscribed to PAUSE
2026-06-02 17:40:58,621 - runtime_core.event_bus - DEBUG - Subscribed to RESUME
2026-06-02 17:40:58,621 - runtime_core.event_bus - DEBUG - Subscribed to WAKE_WORD_DETECTED
2026-06-02 17:40:58,621 - runtime_core.event_bus - DEBUG - Subscribed to COMMAND_RECEIVED
2026-06-02 17:40:58,621 - runtime_core.event_bus - DEBUG - Subscribed to THINKING_STARTED
2026-06-02 17:40:58,621 - runtime_core.event_bus - DEBUG - Subscribed to EXECUTION_STARTED
2026-06-02 17:40:58,622 - runtime_core.event_bus - DEBUG - Subscribed to SPEAK_START
2026-06-02 17:40:58,622 - runtime_core.event_bus - DEBUG - Subscribed to SPEAK_END
2026-06-02 17:40:58,622 - runtime_ui.presence_manager - INFO - Initializing presence manager
2026-06-02 17:40:58,622 - runtime_ui.tray_manager - INFO - Tray manager started
2026-06-02 17:40:58,622 - asyncio - DEBUG - Using proactor: IocpProactor
2026-06-02 17:40:58,623 - runtime_ui.overlay_manager - INFO - Creating AIIndicator instance
2026-06-02 17:40:58,641 - runtime_ui.ai_indicator - INFO - Glassmorphism AI Indicator initialized
2026-06-02 17:40:58,641 - runtime_ui.overlay_manager - INFO - AIIndicator created
2026-06-02 17:40:58,641 - runtime_ui.animation_engine - DEBUG - Animation target widget set: <runtime_ui.ai_indicator.AIIndicator object at 0x00000187FBFA68F0>
2026-06-02 17:40:58,641 - runtime_ui.ai_indicator - INFO - Setting status to RuntimeState.IDLE with details: None
2026-06-02 17:40:58,641 - runtime_ui.overlay_manager - INFO - Overlay updated to IDLE
2026-06-02 17:41:00,988 - runtime_ui.overlay_manager - INFO - Overlay watchdog started
2026-06-02 17:41:00,988 - runtime_ui.overlay_manager - INFO - Overlay started completely
2026-06-02 17:41:00,997 - runtime_core.lifecycle_manager - INFO - Lifecycle Manager initialized
2026-06-02 17:41:00,998 - runtime_core.persistent_runtime - INFO - Persistent Runtime initialized
2026-06-02 17:41:00,998 - runtime_core.lifecycle_manager - INFO - ======================================================================
2026-06-02 17:41:00,998 - runtime_core.lifecycle_manager - INFO - JARVIS AI Operating System - Boot Sequence Starting
2026-06-02 17:41:00,998 - runtime_core.lifecycle_manager - INFO - ======================================================================
2026-06-02 17:41:00,998 - runtime_core.lifecycle_manager - DEBUG - Setting up Windows signal handlers
2026-06-02 17:41:00,998 - runtime_core.lifecycle_manager - DEBUG - Signal handlers set up
2026-06-02 17:41:00,998 - runtime_core.event_bus - DEBUG - Subscribed to PAUSE
2026-06-02 17:41:00,998 - runtime_core.event_bus - DEBUG - Subscribed to RESUME
2026-06-02 17:41:00,999 - runtime_core.event_bus - DEBUG - Subscribed to SHUTDOWN
2026-06-02 17:41:00,999 - runtime_core.lifecycle_manager - INFO - Initializing core subsystems...
2026-06-02 17:41:00,999 - runtime_core.runtime_state_machine - DEBUG - Already in state IDLE
2026-06-02 17:41:00,999 - runtime_core.lifecycle_manager - INFO - ======================================================================
2026-06-02 17:41:00,999 - runtime_core.lifecycle_manager - INFO - JARVIS AI Operating System - Boot Complete
2026-06-02 17:41:00,999 - runtime_core.lifecycle_manager - INFO - ======================================================================
2026-06-02 17:41:01,000 - runtime_core.persistent_runtime - INFO - Starting infinite runtime loop...
2026-06-02 17:41:01,022 - voice.voice_profile_manager - INFO - Loaded 4 voice profiles
2026-06-02 17:41:01,030 - voice.text_to_speech - INFO - Loading voice profile: jarvis_classic
2026-06-02 17:41:01,030 - voice.tts_engines.piper_engine - INFO - Initializing Piper TTS engine...
2026-06-02 17:41:01,108 - PIL.Image - DEBUG - Importing BlpImagePlugin
2026-06-02 17:41:01,111 - PIL.Image - DEBUG - Importing BmpImagePlugin
2026-06-02 17:41:01,111 - PIL.Image - DEBUG - Importing BufrStubImagePlugin
2026-06-02 17:41:01,113 - PIL.Image - DEBUG - Importing CurImagePlugin
2026-06-02 17:41:01,114 - PIL.Image - DEBUG - Importing DcxImagePlugin
2026-06-02 17:41:01,116 - PIL.Image - DEBUG - Importing DdsImagePlugin
2026-06-02 17:41:01,120 - PIL.Image - DEBUG - Importing EpsImagePlugin
2026-06-02 17:41:01,122 - PIL.Image - DEBUG - Importing FitsImagePlugin
2026-06-02 17:41:01,128 - PIL.Image - DEBUG - Importing FliImagePlugin
2026-06-02 17:41:01,130 - PIL.Image - DEBUG - Importing FpxImagePlugin
2026-06-02 17:41:01,135 - PIL.Image - DEBUG - Image: failed to import FpxImagePlugin: No module named 'olefile'
2026-06-02 17:41:01,135 - PIL.Image - DEBUG - Importing FtexImagePlugin
2026-06-02 17:41:01,138 - PIL.Image - DEBUG - Importing GbrImagePlugin
2026-06-02 17:41:01,140 - PIL.Image - DEBUG - Importing GifImagePlugin
2026-06-02 17:41:01,141 - PIL.Image - DEBUG - Importing GribStubImagePlugin
2026-06-02 17:41:01,142 - PIL.Image - DEBUG - Importing Hdf5StubImagePlugin
2026-06-02 17:41:01,144 - PIL.Image - DEBUG - Importing IcnsImagePlugin
2026-06-02 17:41:01,150 - PIL.Image - DEBUG - Importing IcoImagePlugin
2026-06-02 17:41:01,153 - PIL.Image - DEBUG - Importing ImImagePlugin
2026-06-02 17:41:01,156 - PIL.Image - DEBUG - Importing ImtImagePlugin
2026-06-02 17:41:01,158 - PIL.Image - DEBUG - Importing IptcImagePlugin
2026-06-02 17:41:01,160 - PIL.Image - DEBUG - Importing JpegImagePlugin
2026-06-02 17:41:01,160 - PIL.Image - DEBUG - Importing Jpeg2KImagePlugin
2026-06-02 17:41:01,160 - PIL.Image - DEBUG - Importing McIdasImagePlugin
2026-06-02 17:41:01,163 - PIL.Image - DEBUG - Importing MicImagePlugin
2026-06-02 17:41:01,171 - PIL.Image - DEBUG - Image: failed to import MicImagePlugin: No module named 'olefile'
2026-06-02 17:41:01,171 - PIL.Image - DEBUG - Importing MpegImagePlugin
2026-06-02 17:41:01,175 - PIL.Image - DEBUG - Importing MpoImagePlugin
2026-06-02 17:41:01,188 - PIL.Image - DEBUG - Importing MspImagePlugin
2026-06-02 17:41:01,192 - PIL.Image - DEBUG - Importing PalmImagePlugin
2026-06-02 17:41:01,200 - PIL.Image - DEBUG - Importing PcdImagePlugin
2026-06-02 17:41:01,203 - PIL.Image - DEBUG - Importing PcxImagePlugin
2026-06-02 17:41:01,203 - PIL.Image - DEBUG - Importing PdfImagePlugin
2026-06-02 17:41:01,215 - PIL.Image - DEBUG - Importing PixarImagePlugin
2026-06-02 17:41:01,217 - PIL.Image - DEBUG - Importing PngImagePlugin
2026-06-02 17:41:01,217 - PIL.Image - DEBUG - Importing PpmImagePlugin
2026-06-02 17:41:01,217 - PIL.Image - DEBUG - Importing PsdImagePlugin
2026-06-02 17:41:01,220 - PIL.Image - DEBUG - Importing QoiImagePlugin
2026-06-02 17:41:01,223 - PIL.Image - DEBUG - Importing SgiImagePlugin
2026-06-02 17:41:01,226 - PIL.Image - DEBUG - Importing SpiderImagePlugin
2026-06-02 17:41:01,229 - PIL.Image - DEBUG - Importing SunImagePlugin
2026-06-02 17:41:01,231 - PIL.Image - DEBUG - Importing TgaImagePlugin
2026-06-02 17:41:01,233 - PIL.Image - DEBUG - Importing TiffImagePlugin
2026-06-02 17:41:01,233 - PIL.Image - DEBUG - Importing WebPImagePlugin
2026-06-02 17:41:01,238 - PIL.Image - DEBUG - Importing WmfImagePlugin
2026-06-02 17:41:01,239 - PIL.Image - DEBUG - Importing XbmImagePlugin
2026-06-02 17:41:01,242 - PIL.Image - DEBUG - Importing XpmImagePlugin
2026-06-02 17:41:01,245 - PIL.Image - DEBUG - Importing XVThumbImagePlugin
2026-06-02 17:41:01,412 - voice.tts_engines.piper_engine - ERROR - Piper TTS dependencies not installed: No module named 'piper.download'
2026-06-02 17:41:01,412 - voice.tts_engines.piper_engine - WARNING - To install Piper: pip install piper-tts sounddevice numpy
2026-06-02 17:41:01,413 - voice.tts_engines.engine_selector - WARNING - Failed to initialize piper, falling back...
2026-06-02 17:41:01,413 - voice.tts_engines.piper_engine - INFO - Initializing Piper TTS engine...
2026-06-02 17:41:01,413 - voice.tts_engines.piper_engine - ERROR - Piper TTS dependencies not installed: No module named 'piper.download'
2026-06-02 17:41:01,413 - voice.tts_engines.piper_engine - WARNING - To install Piper: pip install piper-tts sounddevice numpy
2026-06-02 17:41:01,419 - voice.tts_engines.pyttsx3_engine - INFO - Initializing pyttsx3 TTS engine...
2026-06-02 17:41:01,431 - comtypes - DEBUG - CoInitializeEx(None, 2)
2026-06-02 17:41:01,494 - comtypes.client._code_cache - INFO - Imported existing <module 'comtypes.gen' from 'C:\\Users\\jashw\\AppData\\Local\\Packages\\PythonSoftwareFoundation.Python.3.12_qbz5n2kfra8p0\\LocalCache\\local-packages\\Python312\\site-packages\\comtypes\\gen\\__init__.py'>
2026-06-02 17:41:01,494 - comtypes.client._code_cache - INFO - Using writeable comtypes cache directory: 'C:\Users\jashw\AppData\Local\Packages\PythonSoftwareFoundation.Python.3.12_qbz5n2kfra8p0\LocalCache\local-packages\Python312\site-packages\comtypes\gen'
2026-06-02 17:41:01,570 - comtypes.client._create - DEBUG - SAPI.SPVoice -> {96749377-3391-11D2-9EE3-00C04F797396}
2026-06-02 17:41:01,570 - comtypes.client._create - DEBUG - CoCreateInstance({96749377-3391-11D2-9EE3-00C04F797396}, clsctx=None, interface=None)
2026-06-02 17:41:01,585 - comtypes.client._managing - DEBUG - GetBestInterface(<POINTER(IUnknown) ptr=0x187f8328aa0 at 187a7fdb250>)
2026-06-02 17:41:01,586 - comtypes.client._managing - DEBUG - Does implement IProvideClassInfo
2026-06-02 17:41:01,587 - comtypes.client._managing - DEBUG - Default interface is {269316D8-57BD-11D2-9EEE-00C04F797396}
2026-06-02 17:41:01,587 - comtypes._post_coinit.unknwn - DEBUG - Release <POINTER(IUnknown) ptr=0x187f8328ae0 at 187a7fdb650>
2026-06-02 17:41:01,587 - comtypes.client._generate - DEBUG - GetModule(TLIBATTR(GUID={C866CA3A-32F7-11D2-9602-00C04F8EE628}, Version=5.4, LCID=0, FLags=0x8))
2026-06-02 17:41:01,588 - comtypes.client._managing - DEBUG - Implements default interface from typeinfo <class 'comtypes.gen._C866CA3A_32F7_11D2_9602_00C04F8EE628_0_5_4.ISpeechVoice'>
2026-06-02 17:41:01,588 - comtypes.client._managing - DEBUG - Final result is <POINTER(ISpeechVoice) ptr=0x187f8328ae0 at 187a7fdb5d0>
2026-06-02 17:41:01,588 - comtypes._post_coinit.unknwn - DEBUG - Release <POINTER(IProvideClassInfo) ptr=0x187f8328b00 at 187a7fdb1d0>
2026-06-02 17:41:01,588 - comtypes._post_coinit.unknwn - DEBUG - Release <POINTER(ITypeInfo) ptr=0x187a79ea048 at 187a7fdb2d0>
2026-06-02 17:41:01,588 - comtypes._post_coinit.unknwn - DEBUG - Release <POINTER(ITypeInfo) ptr=0x187a79ea0a0 at 187a7fdb450>
2026-06-02 17:41:01,588 - comtypes._post_coinit.unknwn - DEBUG - Release <POINTER(ITypeLib) ptr=0x187a79da850 at 187a7fdb650>
2026-06-02 17:41:01,588 - comtypes._post_coinit.unknwn - DEBUG - Release <POINTER(IUnknown) ptr=0x187f8328aa0 at 187a7fdb250>
2026-06-02 17:41:01,589 - comtypes.client._events - DEBUG - <POINTER(ISpeechVoice) ptr=0x187f8328ae0 at 187a7fdb5d0> using sinkinterface from clsid <class 'comtypes.gen._C866CA3A_32F7_11D2_9602_00C04F8EE628_0_5_4._ISpeechVoiceEvents'>
2026-06-02 17:41:01,589 - comtypes._post_coinit.unknwn - DEBUG - Release <POINTER(IProvideClassInfo2) ptr=0x187f8328b00 at 187a7fdb250>
2026-06-02 17:41:01,589 - comtypes._vtbl - DEBUG - <comtypes.client._events.CreateEventReceiver.<locals>.Sink object at 0x00000187A7B1BB30>: _ISpeechVoiceEvents.VoiceChange not implemented
2026-06-02 17:41:01,589 - comtypes._vtbl - DEBUG - <comtypes.client._events.CreateEventReceiver.<locals>.Sink object at 0x00000187A7B1BB30>: _ISpeechVoiceEvents.Bookmark not implemented
2026-06-02 17:41:01,589 - comtypes._vtbl - DEBUG - <comtypes.client._events.CreateEventReceiver.<locals>.Sink object at 0x00000187A7B1BB30>: _ISpeechVoiceEvents.Sentence not implemented
2026-06-02 17:41:01,589 - comtypes._vtbl - DEBUG - <comtypes.client._events.CreateEventReceiver.<locals>.Sink object at 0x00000187A7B1BB30>: _ISpeechVoiceEvents.Phoneme not implemented
2026-06-02 17:41:01,589 - comtypes._vtbl - DEBUG - <comtypes.client._events.CreateEventReceiver.<locals>.Sink object at 0x00000187A7B1BB30>: _ISpeechVoiceEvents.Viseme not implemented
2026-06-02 17:41:01,589 - comtypes._vtbl - DEBUG - <comtypes.client._events.CreateEventReceiver.<locals>.Sink object at 0x00000187A7B1BB30>: _ISpeechVoiceEvents.AudioLevel not implemented
2026-06-02 17:41:01,589 - comtypes._vtbl - DEBUG - <comtypes.client._events.CreateEventReceiver.<locals>.Sink object at 0x00000187A7B1BB30>: _ISpeechVoiceEvents.EnginePrivate not implemented
2026-06-02 17:41:01,590 - comtypes.client._events - DEBUG - Start advise <class 'comtypes.gen._C866CA3A_32F7_11D2_9602_00C04F8EE628_0_5_4._ISpeechVoiceEvents'>
2026-06-02 17:41:01,590 - comtypes._comobject - DEBUG - <comtypes.client._events.CreateEventReceiver.<locals>.Sink object at 0x00000187A7B1BB30>.QueryInterface({A372ACD1-3BEF-4BBD-8FFB-CB3E2B416AF8}) -> S_OK
2026-06-02 17:41:01,590 - comtypes._comobject - DEBUG - 1 active COM objects: Added   <comtypes.client._events.CreateEventReceiver.<locals>.Sink object at 0x00000187A7B1BB30>
2026-06-02 17:41:01,590 - comtypes._comobject - DEBUG - <comtypes.client._events.CreateEventReceiver.<locals>.Sink object at 0x00000187A7B1BB30>.AddRef() -> 1
2026-06-02 17:41:01,593 - comtypes._post_coinit.unknwn - DEBUG - Release <POINTER(IConnectionPointContainer) ptr=0x187f8328b08 at 187a7ae7850>
2026-06-02 17:41:01,667 - comtypes.client._managing - DEBUG - wrap_outparam(<POINTER(ISpeechObjectToken) ptr=0x187f8365640 at 187a7ae7850>)
2026-06-02 17:41:01,667 - comtypes._post_coinit.unknwn - DEBUG - Release <POINTER(ISpeechObjectToken) ptr=0x187f8365640 at 187a7ae7850>
2026-06-02 17:41:01,668 - comtypes.client._managing - DEBUG - wrap_outparam(<POINTER(ISpeechObjectTokens) ptr=0x187a81f8850 at 187a7ae7850>)
2026-06-02 17:41:01,668 - comtypes._post_coinit.unknwn - DEBUG - Release <POINTER(IUnknown) ptr=0x187a81b6280 at 187a7ae75d0>
2026-06-02 17:41:01,668 - comtypes.client._managing - DEBUG - wrap_outparam(<POINTER(IDispatch) ptr=0x187fc336cb0 at 187a7ae72d0>)
2026-06-02 17:41:01,668 - comtypes.client._managing - DEBUG - GetBestInterface(<POINTER(IDispatch) ptr=0x187fc336cb0 at 187a7ae72d0>)
2026-06-02 17:41:01,669 - comtypes.client._managing - DEBUG - Does NOT implement IProvideClassInfo, trying IProvideClassInfo2
2026-06-02 17:41:01,669 - comtypes.client._managing - DEBUG - Does NOT implement IProvideClassInfo/IProvideClassInfo2
2026-06-02 17:41:01,669 - comtypes._post_coinit.unknwn - DEBUG - Release <POINTER(IUnknown) ptr=0x187a79ea150 at 187a8224a50>
2026-06-02 17:41:01,669 - comtypes.client._managing - DEBUG - Default interface is {C74A3ADC-B727-4500-A84A-B526721C8B8C}
2026-06-02 17:41:01,670 - comtypes._post_coinit.unknwn - DEBUG - Release <POINTER(IUnknown) ptr=0x187fc336cb0 at 187a8224b50>
2026-06-02 17:41:01,670 - comtypes.client._generate - DEBUG - GetModule(TLIBATTR(GUID={C866CA3A-32F7-11D2-9602-00C04F8EE628}, Version=5.4, LCID=0, FLags=0x8))
2026-06-02 17:41:01,670 - comtypes.client._managing - DEBUG - Implements default interface from typeinfo <class 'comtypes.gen._C866CA3A_32F7_11D2_9602_00C04F8EE628_0_5_4.ISpeechObjectToken'>
2026-06-02 17:41:01,670 - comtypes.client._managing - DEBUG - Final result is <POINTER(ISpeechObjectToken) ptr=0x187fc336cb0 at 187a8224a50>
2026-06-02 17:41:01,670 - comtypes._post_coinit.unknwn - DEBUG - Release <POINTER(IDispatch) ptr=0x187fc336cb0 at 187a82249d0>
2026-06-02 17:41:01,670 - comtypes._post_coinit.unknwn - DEBUG - Release <POINTER(ITypeInfo) ptr=0x187a79ea150 at 187a8224ad0>
2026-06-02 17:41:01,671 - comtypes._post_coinit.unknwn - DEBUG - Release <POINTER(ITypeLib) ptr=0x187a79da850 at 187a8224b50>
2026-06-02 17:41:01,671 - comtypes._post_coinit.unknwn - DEBUG - Release <POINTER(IDispatch) ptr=0x187fc336cb0 at 187a7ae72d0>
2026-06-02 17:41:01,671 - comtypes._post_coinit.unknwn - DEBUG - Release <POINTER(IEnumVARIANT) ptr=0x187a81b6280 at 187a7ae7550>
2026-06-02 17:41:01,671 - comtypes._post_coinit.unknwn - DEBUG - Release <POINTER(ISpeechObjectTokens) ptr=0x187a81f8850 at 187a7ae7850>
2026-06-02 17:41:01,671 - comtypes._post_coinit.unknwn - DEBUG - Release <POINTER(ISpeechObjectToken) ptr=0x187fc336cb0 at 187a8224a50>
2026-06-02 17:41:01,671 - voice.tts_engines.pyttsx3_engine - INFO - Set initial TTS speed to 150 WPM
2026-06-02 17:41:01,672 - comtypes.client._managing - DEBUG - wrap_outparam(<POINTER(ISpeechObjectTokens) ptr=0x187a81f8050 at 187a7ae7450>)
2026-06-02 17:41:01,672 - comtypes._post_coinit.unknwn - DEBUG - Release <POINTER(IUnknown) ptr=0x187a81b65f0 at 187a7ae7850>
2026-06-02 17:41:01,672 - comtypes._post_coinit.unknwn - DEBUG - Release <POINTER(ISpeechObjectTokens) ptr=0x187a81f8050 at 187a7ae7450>
2026-06-02 17:41:01,672 - comtypes.client._managing - DEBUG - wrap_outparam(<POINTER(IDispatch) ptr=0x187fc336950 at 187a7ae75d0>)
2026-06-02 17:41:01,672 - comtypes.client._managing - DEBUG - GetBestInterface(<POINTER(IDispatch) ptr=0x187fc336950 at 187a7ae75d0>)
2026-06-02 17:41:01,672 - comtypes.client._managing - DEBUG - Does NOT implement IProvideClassInfo, trying IProvideClassInfo2
2026-06-02 17:41:01,673 - comtypes.client._managing - DEBUG - Does NOT implement IProvideClassInfo/IProvideClassInfo2
2026-06-02 17:41:01,673 - comtypes._post_coinit.unknwn - DEBUG - Release <POINTER(IUnknown) ptr=0x187a79ea150 at 187a8224a50>
2026-06-02 17:41:01,673 - comtypes.client._managing - DEBUG - Default interface is {C74A3ADC-B727-4500-A84A-B526721C8B8C}
2026-06-02 17:41:01,673 - comtypes._post_coinit.unknwn - DEBUG - Release <POINTER(IUnknown) ptr=0x187fc336950 at 187a8224ad0>
2026-06-02 17:41:01,673 - comtypes.client._generate - DEBUG - GetModule(TLIBATTR(GUID={C866CA3A-32F7-11D2-9602-00C04F8EE628}, Version=5.4, LCID=0, FLags=0x8))
2026-06-02 17:41:01,673 - comtypes.client._managing - DEBUG - Implements default interface from typeinfo <class 'comtypes.gen._C866CA3A_32F7_11D2_9602_00C04F8EE628_0_5_4.ISpeechObjectToken'>
2026-06-02 17:41:01,674 - comtypes.client._managing - DEBUG - Final result is <POINTER(ISpeechObjectToken) ptr=0x187fc336950 at 187a8224a50>
2026-06-02 17:41:01,674 - comtypes._post_coinit.unknwn - DEBUG - Release <POINTER(IDispatch) ptr=0x187fc336950 at 187a7ae71d0>
2026-06-02 17:41:01,674 - comtypes._post_coinit.unknwn - DEBUG - Release <POINTER(ITypeInfo) ptr=0x187a79ea150 at 187a8224b50>
2026-06-02 17:41:01,674 - comtypes._post_coinit.unknwn - DEBUG - Release <POINTER(ITypeLib) ptr=0x187a79da850 at 187a8224ad0>
2026-06-02 17:41:01,674 - comtypes._post_coinit.unknwn - DEBUG - Release <POINTER(IDispatch) ptr=0x187fc336950 at 187a7ae75d0>
2026-06-02 17:41:01,674 - comtypes.client._managing - DEBUG - wrap_outparam(<POINTER(IDispatch) ptr=0x187fc336b00 at 187a7ae72d0>)
2026-06-02 17:41:01,674 - comtypes.client._managing - DEBUG - GetBestInterface(<POINTER(IDispatch) ptr=0x187fc336b00 at 187a7ae72d0>)
2026-06-02 17:41:01,675 - comtypes.client._managing - DEBUG - Does NOT implement IProvideClassInfo, trying IProvideClassInfo2
2026-06-02 17:41:01,675 - comtypes.client._managing - DEBUG - Does NOT implement IProvideClassInfo/IProvideClassInfo2
2026-06-02 17:41:01,675 - comtypes._post_coinit.unknwn - DEBUG - Release <POINTER(IUnknown) ptr=0x187a79ea150 at 187a8224b50>
2026-06-02 17:41:01,675 - comtypes.client._managing - DEBUG - Default interface is {C74A3ADC-B727-4500-A84A-B526721C8B8C}
2026-06-02 17:41:01,675 - comtypes._post_coinit.unknwn - DEBUG - Release <POINTER(IUnknown) ptr=0x187fc336b00 at 187a82249d0>
2026-06-02 17:41:01,675 - comtypes.client._generate - DEBUG - GetModule(TLIBATTR(GUID={C866CA3A-32F7-11D2-9602-00C04F8EE628}, Version=5.4, LCID=0, FLags=0x8))
2026-06-02 17:41:01,675 - comtypes.client._managing - DEBUG - Implements default interface from typeinfo <class 'comtypes.gen._C866CA3A_32F7_11D2_9602_00C04F8EE628_0_5_4.ISpeechObjectToken'>
2026-06-02 17:41:01,676 - comtypes.client._managing - DEBUG - Final result is <POINTER(ISpeechObjectToken) ptr=0x187fc336b00 at 187a8224b50>
2026-06-02 17:41:01,676 - comtypes._post_coinit.unknwn - DEBUG - Release <POINTER(IDispatch) ptr=0x187fc336b00 at 187a8224ad0>
2026-06-02 17:41:01,676 - comtypes._post_coinit.unknwn - DEBUG - Release <POINTER(ITypeInfo) ptr=0x187a79ea150 at 187a8224c50>
2026-06-02 17:41:01,676 - comtypes._post_coinit.unknwn - DEBUG - Release <POINTER(ITypeLib) ptr=0x187a79da850 at 187a82249d0>
2026-06-02 17:41:01,676 - comtypes._post_coinit.unknwn - DEBUG - Release <POINTER(IDispatch) ptr=0x187fc336b00 at 187a7ae72d0>
2026-06-02 17:41:01,676 - comtypes._post_coinit.unknwn - DEBUG - Release <POINTER(ISpeechObjectToken) ptr=0x187fc336950 at 187a8224a50>
2026-06-02 17:41:01,676 - comtypes._post_coinit.unknwn - DEBUG - Release <POINTER(IEnumVARIANT) ptr=0x187a81b65f0 at 187a7ae7550>
2026-06-02 17:41:01,677 - comtypes._post_coinit.unknwn - DEBUG - Release <POINTER(ISpeechObjectToken) ptr=0x187fc336b00 at 187a8224b50>
2026-06-02 17:41:01,677 - voice.tts_engines.pyttsx3_engine - INFO - Available voices: 2 found
2026-06-02 17:41:01,677 - voice.tts_engines.pyttsx3_engine - INFO -   Voice 0: Microsoft David Desktop - English (United States)
2026-06-02 17:41:01,677 - voice.tts_engines.pyttsx3_engine - INFO - Found target voice: Microsoft David Desktop - English (United States)
2026-06-02 17:41:01,677 - voice.tts_engines.pyttsx3_engine - INFO - pyttsx3 TTS initialized successfully!
2026-06-02 17:41:01,677 - voice.tts_engines.engine_selector - INFO - Using TTS engine: pyttsx3
2026-06-02 17:41:01,677 - voice.tts_engines.pyttsx3_engine - INFO - Set TTS speed to 150 WPM (scale: 1.0)
2026-06-02 17:41:01,703 - voice.voice_memory - INFO - Loaded 26 voice interactions
2026-06-02 17:41:01,726 - voice.audio_router - INFO - Found 2 input devices, 2 output devices
2026-06-02 17:41:01,727 - runtime.runtime_manager - INFO - Initializing JARVIS runtime system
2026-06-02 17:41:01,727 - runtime_core.event_bus - DEBUG - Subscribed to PAUSE
2026-06-02 17:41:01,727 - runtime_core.event_bus - DEBUG - Subscribed to RESUME
2026-06-02 17:41:01,727 - runtime.hotkey_manager - INFO - Initializing hotkey manager
2026-06-02 17:41:01,737 - runtime.hotkey_manager - DEBUG - Keyboard library imported successfully
2026-06-02 17:41:01,737 - runtime.idle_controller - INFO - Initializing idle controller
2026-06-02 17:41:01,737 - runtime.wake_listener - INFO - Initializing wake listener
2026-06-02 17:41:01,809 - runtime.wake_listener - INFO - SpeechRecognition version: 3.16.1
2026-06-02 17:41:01,931 - runtime.wake_listener - INFO - Speech recognition and microphone initialized successfully
2026-06-02 17:41:01,931 - runtime.wake_listener - INFO - Fixed energy threshold set to: 200
2026-06-02 17:41:01,931 - runtime.runtime_manager - INFO - Runtime manager initialized successfully
2026-06-02 17:41:01,931 - runtime.hotkey_manager - INFO - Initializing hotkey manager
2026-06-02 17:41:01,931 - runtime.hotkey_manager - DEBUG - Keyboard library imported successfully
2026-06-02 17:41:01,932 - runtime.wake_listener - INFO - Wake listener started (active)
2026-06-02 17:41:01,932 - runtime.wake_listener - DEBUG - Listening for wake word...
2026-06-02 17:41:01,932 - runtime.idle_controller - DEBUG - Idle controller: idle state - optimizing resources
2026-06-02 17:41:01,932 - runtime.runtime_manager - INFO - Starting JARVIS runtime service
2026-06-02 17:41:01,933 - runtime.background_service - INFO - Starting background service
2026-06-02 17:41:01,933 - asyncio - DEBUG - Using proactor: IocpProactor
2026-06-02 17:41:01,933 - runtime.background_service - INFO - Entering idle loop
2026-06-02 17:41:01,989 - __main__ - INFO - Playing startup greeting (in main thread) - using DIRECT pyttsx3!
2026-06-02 17:41:01,989 - comtypes.client._managing - DEBUG - wrap_outparam(<POINTER(ISpeechObjectTokens) ptr=0x187a81f87d0 at 187a9b89550>)
2026-06-02 17:41:01,989 - comtypes._post_coinit.unknwn - DEBUG - Release <POINTER(IUnknown) ptr=0x187a81b6280 at 187a9b894d0>
2026-06-02 17:41:01,989 - comtypes._post_coinit.unknwn - DEBUG - Release <POINTER(ISpeechObjectTokens) ptr=0x187a81f87d0 at 187a9b89550>
2026-06-02 17:41:01,990 - comtypes.client._managing - DEBUG - wrap_outparam(<POINTER(IDispatch) ptr=0x187fc3369e0 at 187a9b88ed0>)
2026-06-02 17:41:01,990 - comtypes.client._managing - DEBUG - GetBestInterface(<POINTER(IDispatch) ptr=0x187fc3369e0 at 187a9b88ed0>)
2026-06-02 17:41:01,990 - comtypes.client._managing - DEBUG - Does NOT implement IProvideClassInfo, trying IProvideClassInfo2
2026-06-02 17:41:01,991 - comtypes.client._managing - DEBUG - Does NOT implement IProvideClassInfo/IProvideClassInfo2
2026-06-02 17:41:01,992 - comtypes._post_coinit.unknwn - DEBUG - Release <POINTER(IUnknown) ptr=0x187a79ea150 at 187a9b89750>
2026-06-02 17:41:01,992 - comtypes.client._managing - DEBUG - Default interface is {C74A3ADC-B727-4500-A84A-B526721C8B8C}
2026-06-02 17:41:01,992 - comtypes._post_coinit.unknwn - DEBUG - Release <POINTER(IUnknown) ptr=0x187fc3369e0 at 187a9b899d0>
2026-06-02 17:41:01,992 - comtypes.client._generate - DEBUG - GetModule(TLIBATTR(GUID={C866CA3A-32F7-11D2-9602-00C04F8EE628}, Version=5.4, LCID=0, FLags=0x8))
2026-06-02 17:41:01,993 - comtypes.client._managing - DEBUG - Implements default interface from typeinfo <class 'comtypes.gen._C866CA3A_32F7_11D2_9602_00C04F8EE628_0_5_4.ISpeechObjectToken'>
2026-06-02 17:41:01,993 - comtypes.client._managing - DEBUG - Final result is <POINTER(ISpeechObjectToken) ptr=0x187fc3369e0 at 187a9b89750>
2026-06-02 17:41:01,993 - comtypes._post_coinit.unknwn - DEBUG - Release <POINTER(IDispatch) ptr=0x187fc3369e0 at 187a9b897d0>
2026-06-02 17:41:01,993 - comtypes._post_coinit.unknwn - DEBUG - Release <POINTER(ITypeInfo) ptr=0x187a79ea150 at 187a9b893d0>
2026-06-02 17:41:01,993 - comtypes._post_coinit.unknwn - DEBUG - Release <POINTER(ITypeLib) ptr=0x187a79da850 at 187a9b899d0>
2026-06-02 17:41:01,993 - comtypes._post_coinit.unknwn - DEBUG - Release <POINTER(IDispatch) ptr=0x187fc3369e0 at 187a9b88ed0>
2026-06-02 17:41:01,994 - comtypes.client._managing - DEBUG - wrap_outparam(<POINTER(IDispatch) ptr=0x187fc336950 at 187a9b899d0>)
2026-06-02 17:41:01,995 - comtypes.client._managing - DEBUG - GetBestInterface(<POINTER(IDispatch) ptr=0x187fc336950 at 187a9b899d0>)
2026-06-02 17:41:01,995 - comtypes.client._managing - DEBUG - Does NOT implement IProvideClassInfo, trying IProvideClassInfo2
2026-06-02 17:41:01,995 - comtypes.client._managing - DEBUG - Does NOT implement IProvideClassInfo/IProvideClassInfo2
2026-06-02 17:41:01,996 - comtypes._post_coinit.unknwn - DEBUG - Release <POINTER(IUnknown) ptr=0x187a79ea150 at 187a9b897d0>
2026-06-02 17:41:01,996 - comtypes.client._managing - DEBUG - Default interface is {C74A3ADC-B727-4500-A84A-B526721C8B8C}
2026-06-02 17:41:01,996 - comtypes._post_coinit.unknwn - DEBUG - Release <POINTER(IUnknown) ptr=0x187fc336950 at 187a9b89150>
2026-06-02 17:41:01,996 - comtypes.client._generate - DEBUG - GetModule(TLIBATTR(GUID={C866CA3A-32F7-11D2-9602-00C04F8EE628}, Version=5.4, LCID=0, FLags=0x8))
2026-06-02 17:41:01,996 - comtypes.client._managing - DEBUG - Implements default interface from typeinfo <class 'comtypes.gen._C866CA3A_32F7_11D2_9602_00C04F8EE628_0_5_4.ISpeechObjectToken'>
2026-06-02 17:41:01,997 - comtypes.client._managing - DEBUG - Final result is <POINTER(ISpeechObjectToken) ptr=0x187fc336950 at 187a9b897d0>
2026-06-02 17:41:01,997 - comtypes._post_coinit.unknwn - DEBUG - Release <POINTER(IDispatch) ptr=0x187fc336950 at 187a9b893d0>
2026-06-02 17:41:01,997 - comtypes._post_coinit.unknwn - DEBUG - Release <POINTER(ITypeInfo) ptr=0x187a79ea150 at 187a9b895d0>
2026-06-02 17:41:01,997 - comtypes._post_coinit.unknwn - DEBUG - Release <POINTER(ITypeLib) ptr=0x187a79da850 at 187a9b89150>
2026-06-02 17:41:01,997 - comtypes._post_coinit.unknwn - DEBUG - Release <POINTER(IDispatch) ptr=0x187fc336950 at 187a9b899d0>
2026-06-02 17:41:01,997 - comtypes._post_coinit.unknwn - DEBUG - Release <POINTER(ISpeechObjectToken) ptr=0x187fc3369e0 at 187a9b89750>
2026-06-02 17:41:01,998 - comtypes._post_coinit.unknwn - DEBUG - Release <POINTER(IEnumVARIANT) ptr=0x187a81b6280 at 187a9b89450>
2026-06-02 17:41:01,998 - comtypes._post_coinit.unknwn - DEBUG - Release <POINTER(ISpeechObjectToken) ptr=0x187fc336950 at 187a9b897d0>
2026-06-02 17:41:01,998 - __main__ - INFO - Calling engine.runAndWait()
2026-06-02 17:41:01,999 - comtypes.client._managing - DEBUG - wrap_outparam(<POINTER(ISpeechObjectToken) ptr=0x187f8365640 at 187a9b89450>)
2026-06-02 17:41:01,999 - comtypes._post_coinit.unknwn - DEBUG - Release <POINTER(ISpeechObjectToken) ptr=0x187f8365640 at 187a9b89450>
2026-06-02 17:41:01,999 - comtypes.client._managing - DEBUG - wrap_outparam(<POINTER(ISpeechObjectTokens) ptr=0x187a81f8bd0 at 187a9b897d0>)
2026-06-02 17:41:02,000 - comtypes._post_coinit.unknwn - DEBUG - Release <POINTER(IUnknown) ptr=0x187a81b6000 at 187a9b88850>
2026-06-02 17:41:02,000 - comtypes.client._managing - DEBUG - wrap_outparam(<POINTER(IDispatch) ptr=0x187fc336950 at 187a9b894d0>)
2026-06-02 17:41:02,000 - comtypes.client._managing - DEBUG - GetBestInterface(<POINTER(IDispatch) ptr=0x187fc336950 at 187a9b894d0>)
2026-06-02 17:41:02,000 - comtypes.client._managing - DEBUG - Does NOT implement IProvideClassInfo, trying IProvideClassInfo2
2026-06-02 17:41:02,001 - comtypes.client._managing - DEBUG - Does NOT implement IProvideClassInfo/IProvideClassInfo2
2026-06-02 17:41:02,001 - comtypes._post_coinit.unknwn - DEBUG - Release <POINTER(IUnknown) ptr=0x187a79ea150 at 187a9b88e50>
2026-06-02 17:41:02,001 - comtypes.client._managing - DEBUG - Default interface is {C74A3ADC-B727-4500-A84A-B526721C8B8C}
2026-06-02 17:41:02,001 - comtypes._post_coinit.unknwn - DEBUG - Release <POINTER(IUnknown) ptr=0x187fc336950 at 187a9b895d0>
2026-06-02 17:41:02,002 - comtypes.client._generate - DEBUG - GetModule(TLIBATTR(GUID={C866CA3A-32F7-11D2-9602-00C04F8EE628}, Version=5.4, LCID=0, FLags=0x8))
2026-06-02 17:41:02,002 - comtypes.client._managing - DEBUG - Implements default interface from typeinfo <class 'comtypes.gen._C866CA3A_32F7_11D2_9602_00C04F8EE628_0_5_4.ISpeechObjectToken'>
2026-06-02 17:41:02,002 - comtypes.client._managing - DEBUG - Final result is <POINTER(ISpeechObjectToken) ptr=0x187fc336950 at 187a9b88e50>
2026-06-02 17:41:02,002 - comtypes._post_coinit.unknwn - DEBUG - Release <POINTER(IDispatch) ptr=0x187fc336950 at 187a9b89150>
2026-06-02 17:41:02,002 - comtypes._post_coinit.unknwn - DEBUG - Release <POINTER(ITypeInfo) ptr=0x187a79ea150 at 187a9b890d0>
2026-06-02 17:41:02,003 - comtypes._post_coinit.unknwn - DEBUG - Release <POINTER(ITypeLib) ptr=0x187a79da850 at 187a9b895d0>
2026-06-02 17:41:02,003 - comtypes._post_coinit.unknwn - DEBUG - Release <POINTER(IDispatch) ptr=0x187fc336950 at 187a9b894d0>
2026-06-02 17:41:02,003 - comtypes._post_coinit.unknwn - DEBUG - Release <POINTER(IEnumVARIANT) ptr=0x187a81b6000 at 187a9b89450>
2026-06-02 17:41:02,003 - comtypes._post_coinit.unknwn - DEBUG - Release <POINTER(ISpeechObjectTokens) ptr=0x187a81f8bd0 at 187a9b897d0>
2026-06-02 17:41:02,003 - comtypes._post_coinit.unknwn - DEBUG - Release <POINTER(ISpeechObjectToken) ptr=0x187fc336950 at 187a9b88e50>
2026-06-02 17:41:02,003 - comtypes.client._managing - DEBUG - wrap_outparam(<POINTER(ISpeechObjectToken) ptr=0x187f8365640 at 187a7ae7450>)
2026-06-02 17:41:02,003 - comtypes._post_coinit.unknwn - DEBUG - Release <POINTER(ISpeechObjectToken) ptr=0x187f8365640 at 187a7ae7450>
2026-06-02 17:41:02,005 - comtypes.client._managing - DEBUG - wrap_outparam(<POINTER(ISpeechObjectTokens) ptr=0x187a81f8950 at 187a7ae7450>)
2026-06-02 17:41:02,005 - comtypes._post_coinit.unknwn - DEBUG - Release <POINTER(IUnknown) ptr=0x187a81b6000 at 187a9b88e50>
2026-06-02 17:41:02,005 - comtypes.client._managing - DEBUG - wrap_outparam(<POINTER(IDispatch) ptr=0x187fc336950 at 187a9b89450>)
2026-06-02 17:41:02,005 - comtypes.client._managing - DEBUG - GetBestInterface(<POINTER(IDispatch) ptr=0x187fc336950 at 187a9b89450>)
2026-06-02 17:41:02,006 - comtypes.client._managing - DEBUG - Does NOT implement IProvideClassInfo, trying IProvideClassInfo2
2026-06-02 17:41:02,016 - comtypes.client._managing - DEBUG - Does NOT implement IProvideClassInfo/IProvideClassInfo2
2026-06-02 17:41:02,016 - comtypes._post_coinit.unknwn - DEBUG - Release <POINTER(IUnknown) ptr=0x187a79ea150 at 187a9b88ad0>
2026-06-02 17:41:02,017 - comtypes.client._managing - DEBUG - Default interface is {C74A3ADC-B727-4500-A84A-B526721C8B8C}
2026-06-02 17:41:02,017 - comtypes._post_coinit.unknwn - DEBUG - Release <POINTER(IUnknown) ptr=0x187fc336950 at 187a9b889d0>
2026-06-02 17:41:02,017 - comtypes.client._generate - DEBUG - GetModule(TLIBATTR(GUID={C866CA3A-32F7-11D2-9602-00C04F8EE628}, Version=5.4, LCID=0, FLags=0x8))
2026-06-02 17:41:02,017 - comtypes.client._managing - DEBUG - Implements default interface from typeinfo <class 'comtypes.gen._C866CA3A_32F7_11D2_9602_00C04F8EE628_0_5_4.ISpeechObjectToken'>
2026-06-02 17:41:02,017 - comtypes.client._managing - DEBUG - Final result is <POINTER(ISpeechObjectToken) ptr=0x187fc336950 at 187a9b88ad0>
2026-06-02 17:41:02,017 - comtypes._post_coinit.unknwn - DEBUG - Release <POINTER(IDispatch) ptr=0x187fc336950 at 187a9b88bd0>
2026-06-02 17:41:02,018 - comtypes._post_coinit.unknwn - DEBUG - Release <POINTER(ITypeInfo) ptr=0x187a79ea150 at 187a9b88a50>
2026-06-02 17:41:02,018 - comtypes._post_coinit.unknwn - DEBUG - Release <POINTER(ITypeLib) ptr=0x187a79da850 at 187a9b889d0>
2026-06-02 17:41:02,018 - comtypes._post_coinit.unknwn - DEBUG - Release <POINTER(IDispatch) ptr=0x187fc336950 at 187a9b89450>
2026-06-02 17:41:02,018 - comtypes._post_coinit.unknwn - DEBUG - Release <POINTER(IEnumVARIANT) ptr=0x187a81b6000 at 187a9b897d0>
2026-06-02 17:41:02,018 - comtypes._post_coinit.unknwn - DEBUG - Release <POINTER(ISpeechObjectTokens) ptr=0x187a81f8950 at 187a7ae7450>
2026-06-02 17:41:02,018 - comtypes._post_coinit.unknwn - DEBUG - Release <POINTER(ISpeechObjectToken) ptr=0x187fc336950 at 187a9b88ad0>
2026-06-02 17:41:02,018 - comtypes.client._managing - DEBUG - wrap_outparam(<POINTER(ISpeechObjectToken) ptr=0x187f8365640 at 187a7ae7450>)
2026-06-02 17:41:02,019 - comtypes._post_coinit.unknwn - DEBUG - Release <POINTER(ISpeechObjectToken) ptr=0x187f8365640 at 187a7ae7450>
2026-06-02 17:41:02,071 - runtime.hotkey_manager - INFO - Hotkey listener started (CTRL+P registered)
2026-06-02 17:41:02,934 - runtime.idle_controller - DEBUG - Idle controller: idle state - optimizing resources
2026-06-02 17:41:03,934 - runtime.idle_controller - DEBUG - Idle controller: idle state - optimizing resources
2026-06-02 17:41:04,935 - runtime.idle_controller - DEBUG - Idle controller: idle state - optimizing resources
2026-06-02 17:41:05,921 - runtime.wake_listener - INFO - Heard: jarvis online all system
2026-06-02 17:41:05,921 - runtime.wake_listener - INFO - Wake word detected!
2026-06-02 17:41:05,921 - runtime_core.event_bus - INFO - Publishing event: WAKE_WORD_DETECTED from wake_listener
2026-06-02 17:41:05,921 - runtime_core.runtime_state_machine - INFO - State transition: IDLE -> LISTENING
2026-06-02 17:41:05,921 - runtime_core.event_bus - INFO - Publishing event: STATE_CHANGE from state_machine
2026-06-02 17:41:05,921 - runtime.wake_listener - INFO - Capturing command...
2026-06-02 17:41:05,935 - runtime.idle_controller - DEBUG - Idle controller: idle state - optimizing resources
2026-06-02 17:41:06,935 - runtime.idle_controller - DEBUG - Idle controller: idle state - optimizing resources
2026-06-02 17:41:07,936 - runtime.idle_controller - DEBUG - Idle controller: idle state - optimizing resources
2026-06-02 17:41:08,936 - runtime.idle_controller - DEBUG - Idle controller: idle state - optimizing resources
2026-06-02 17:41:09,937 - runtime.idle_controller - DEBUG - Idle controller: idle state - optimizing resources
2026-06-02 17:41:10,937 - runtime.idle_controller - DEBUG - Idle controller: idle state - optimizing resources
2026-06-02 17:41:11,937 - runtime.idle_controller - DEBUG - Idle controller: idle state - optimizing resources
2026-06-02 17:41:12,937 - runtime.idle_controller - DEBUG - Idle controller: idle state - optimizing resources
2026-06-02 17:41:13,938 - runtime.idle_controller - DEBUG - Idle controller: idle state - optimizing resources
2026-06-02 17:41:14,938 - runtime.idle_controller - DEBUG - Idle controller: idle state - optimizing resources
2026-06-02 17:41:15,938 - runtime.idle_controller - DEBUG - Idle controller: idle state - optimizing resources
2026-06-02 17:41:16,938 - runtime.idle_controller - DEBUG - Idle controller: idle state - optimizing resources
2026-06-02 17:41:17,939 - runtime.idle_controller - DEBUG - Idle controller: idle state - optimizing resources
2026-06-02 17:41:18,939 - runtime.idle_controller - DEBUG - Idle controller: idle state - optimizing resources
2026-06-02 17:41:19,940 - runtime.idle_controller - DEBUG - Idle controller: idle state - optimizing resources
2026-06-02 17:41:20,940 - runtime.idle_controller - DEBUG - Idle controller: idle state - optimizing resources
2026-06-02 17:41:21,958 - runtime.idle_controller - DEBUG - Idle controller: idle state - optimizing resources
2026-06-02 17:41:22,959 - runtime.idle_controller - DEBUG - Idle controller: idle state - optimizing resources
2026-06-02 17:41:23,960 - runtime.idle_controller - DEBUG - Idle controller: idle state - optimizing resources
2026-06-02 17:41:24,960 - runtime.idle_controller - DEBUG - Idle controller: idle state - optimizing resources
2026-06-02 17:41:25,960 - runtime.idle_controller - DEBUG - Idle controller: idle state - optimizing resources
2026-06-02 17:41:26,961 - runtime.idle_controller - DEBUG - Idle controller: idle state - optimizing resources
2026-06-02 17:41:27,961 - runtime.idle_controller - DEBUG - Idle controller: idle state - optimizing resources
2026-06-02 17:41:28,961 - runtime.idle_controller - DEBUG - Idle controller: idle state - optimizing resources
2026-06-02 17:41:29,962 - runtime.idle_controller - DEBUG - Idle controller: idle state - optimizing resources
2026-06-02 17:41:30,963 - runtime.idle_controller - DEBUG - Idle controller: idle state - optimizing resources
2026-06-02 17:41:31,963 - runtime.idle_controller - DEBUG - Idle controller: idle state - optimizing resources
2026-06-02 17:41:32,963 - runtime.idle_controller - DEBUG - Idle controller: idle state - optimizing resources
2026-06-02 17:41:33,964 - runtime.idle_controller - DEBUG - Idle controller: idle state - optimizing resources
2026-06-02 17:41:34,965 - runtime.idle_controller - DEBUG - Idle controller: idle state - optimizing resources
2026-06-02 17:41:35,965 - runtime.idle_controller - DEBUG - Idle controller: idle state - optimizing resources
2026-06-02 17:41:36,966 - runtime.idle_controller - DEBUG - Idle controller: idle state - optimizing resources
2026-06-02 17:41:37,966 - runtime.idle_controller - DEBUG - Idle controller: idle state - optimizing resources
2026-06-02 17:41:38,967 - runtime.idle_controller - DEBUG - Idle controller: idle state - optimizing resources
2026-06-02 17:41:39,967 - runtime.idle_controller - DEBUG - Idle controller: idle state - optimizing resources
2026-06-02 17:41:40,967 - runtime.idle_controller - DEBUG - Idle controller: idle state - optimizing resources
2026-06-02 17:41:41,967 - runtime.idle_controller - DEBUG - Idle controller: idle state - optimizing resources
2026-06-02 17:41:42,968 - runtime.idle_controller - DEBUG - Idle controller: idle state - optimizing resources
2026-06-02 17:41:43,968 - runtime.idle_controller - DEBUG - Idle controller: idle state - optimizing resources
2026-06-02 17:41:44,969 - runtime.idle_controller - DEBUG - Idle controller: idle state - optimizing resources
2026-06-02 17:41:45,969 - runtime.idle_controller - DEBUG - Idle controller: idle state - optimizing resources
2026-06-02 17:41:46,969 - runtime.idle_controller - DEBUG - Idle controller: idle state - optimizing resources
2026-06-02 17:41:47,970 - runtime.idle_controller - DEBUG - Idle controller: idle state - optimizing resources
2026-06-02 17:41:48,970 - runtime.idle_controller - DEBUG - Idle controller: idle state - optimizing resources
2026-06-02 17:41:49,971 - runtime.idle_controller - DEBUG - Idle controller: idle state - optimizing resources
2026-06-02 17:41:50,971 - runtime.idle_controller - DEBUG - Idle controller: idle state - optimizing resources
2026-06-02 17:41:51,971 - runtime.idle_controller - DEBUG - Idle controller: idle state - optimizing resources
2026-06-02 17:41:52,972 - runtime.idle_controller - DEBUG - Idle controller: idle state - optimizing resources
2026-06-02 17:41:53,972 - runtime.idle_controller - DEBUG - Idle controller: idle state - optimizing resources
2026-06-02 17:41:54,972 - runtime.idle_controller - DEBUG - Idle controller: idle state - optimizing resources
2026-06-02 17:41:55,973 - runtime.idle_controller - DEBUG - Idle controller: idle state - optimizing resources
2026-06-02 17:41:56,974 - runtime.idle_controller - DEBUG - Idle controller: idle state - optimizing resources
2026-06-02 17:41:57,974 - runtime.idle_controller - DEBUG - Idle controller: idle state - optimizing resources
2026-06-02 17:41:58,975 - runtime.idle_controller - DEBUG - Idle controller: idle state - optimizing resources
2026-06-02 17:41:59,975 - runtime.idle_controller - DEBUG - Idle controller: idle state - optimizing resources
2026-06-02 17:42:00,975 - runtime.idle_controller - DEBUG - Idle controller: idle state - optimizing resources
2026-06-02 17:42:01,976 - runtime.idle_controller - DEBUG - Idle controller: idle state - optimizing resources
2026-06-02 17:42:02,976 - runtime.idle_controller - DEBUG - Idle controller: idle state - optimizing resources
2026-06-02 17:42:03,976 - runtime.idle_controller - DEBUG - Idle controller: idle state - optimizing resources
2026-06-02 17:42:04,976 - runtime.idle_controller - DEBUG - Idle controller: idle state - optimizing resources
2026-06-02 17:42:05,977 - runtime.idle_controller - DEBUG - Idle controller: idle state - optimizing resources
2026-06-02 17:42:06,977 - runtime.idle_controller - DEBUG - Idle controller: idle state - optimizing resources
2026-06-02 17:42:07,978 - runtime.idle_controller - DEBUG - Idle controller: idle state - optimizing resources
2026-06-02 17:42:08,979 - runtime.idle_controller - DEBUG - Idle controller: idle state - optimizing resources
2026-06-02 17:42:09,979 - runtime.idle_controller - DEBUG - Idle controller: idle state - optimizing resources
2026-06-02 17:42:10,980 - runtime.idle_controller - DEBUG - Idle controller: idle state - optimizing resources
2026-06-02 17:42:11,980 - runtime.idle_controller - DEBUG - Idle controller: idle state - optimizing resources
2026-06-02 17:42:12,980 - runtime.idle_controller - DEBUG - Idle controller: idle state - optimizing resources
2026-06-02 17:42:13,981 - runtime.idle_controller - DEBUG - Idle controller: idle state - optimizing resources
2026-06-02 17:42:14,981 - runtime.idle_controller - DEBUG - Idle controller: idle state - optimizing resources
2026-06-02 17:42:15,982 - runtime.idle_controller - DEBUG - Idle controller: idle state - optimizing resources
2026-06-02 17:42:16,982 - runtime.idle_controller - DEBUG - Idle controller: idle state - optimizing resources
2026-06-02 17:42:17,982 - runtime.idle_controller - DEBUG - Idle controller: idle state - optimizing resources
2026-06-02 17:42:18,983 - runtime.idle_controller - DEBUG - Idle controller: idle state - optimizing resources
2026-06-02 17:42:19,983 - runtime.idle_controller - DEBUG - Idle controller: idle state - optimizing resources
2026-06-02 17:42:20,983 - runtime.idle_controller - DEBUG - Idle controller: idle state - optimizing resources
2026-06-02 17:42:21,984 - runtime.idle_controller - DEBUG - Idle controller: idle state - optimizing resources
2026-06-02 17:42:22,984 - runtime.idle_controller - DEBUG - Idle controller: idle state - optimizing resources
2026-06-02 17:42:23,985 - runtime.idle_controller - DEBUG - Idle controller: idle state - optimizing resources
2026-06-02 17:42:24,985 - runtime.idle_controller - DEBUG - Idle controller: idle state - optimizing resources
2026-06-02 17:42:25,985 - runtime.idle_controller - DEBUG - Idle controller: idle state - optimizing resources
2026-06-02 17:42:26,986 - runtime.idle_controller - DEBUG - Idle controller: idle state - optimizing resources
2026-06-02 17:42:27,986 - runtime.idle_controller - DEBUG - Idle controller: idle state - optimizing resources
2026-06-02 17:42:28,986 - runtime.idle_controller - DEBUG - Idle controller: idle state - optimizing resources
2026-06-02 17:42:29,987 - runtime.idle_controller - DEBUG - Idle controller: idle state - optimizing resources
2026-06-02 17:42:30,987 - runtime.idle_controller - DEBUG - Idle controller: idle state - optimizing resources
2026-06-02 17:42:31,987 - runtime.idle_controller - DEBUG - Idle controller: idle state - optimizing resources
2026-06-02 17:42:32,988 - runtime.idle_controller - DEBUG - Idle controller: idle state - optimizing resources
2026-06-02 17:42:33,988 - runtime.idle_controller - DEBUG - Idle controller: idle state - optimizing resources
2026-06-02 17:42:34,988 - runtime.idle_controller - DEBUG - Idle controller: idle state - optimizing resources
2026-06-02 17:42:35,988 - runtime.idle_controller - DEBUG - Idle controller: idle state - optimizing resources
2026-06-02 17:42:36,989 - runtime.idle_controller - DEBUG - Idle controller: idle state - optimizing resources
2026-06-02 17:42:37,990 - runtime.idle_controller - DEBUG - Idle controller: idle state - optimizing resources
2026-06-02 17:42:38,990 - runtime.idle_controller - DEBUG - Idle controller: idle state - optimizing resources
2026-06-02 17:42:39,991 - runtime.idle_controller - DEBUG - Idle controller: idle state - optimizing resources
2026-06-02 17:42:40,991 - runtime.idle_controller - DEBUG - Idle controller: idle state - optimizing resources
2026-06-02 17:42:41,991 - runtime.idle_controller - DEBUG - Idle controller: idle state - optimizing resources
2026-06-02 17:42:42,991 - runtime.idle_controller - DEBUG - Idle controller: idle state - optimizing resources
2026-06-02 17:42:43,991 - runtime.idle_controller - DEBUG - Idle controller: idle state - optimizing resources
2026-06-02 17:42:44,992 - runtime.idle_controller - DEBUG - Idle controller: idle state - optimizing resources
2026-06-02 17:42:45,992 - runtime.idle_controller - DEBUG - Idle controller: idle state - optimizing resources
2026-06-02 17:42:46,992 - runtime.idle_controller - DEBUG - Idle controller: idle state - optimizing resources
2026-06-02 17:42:47,993 - runtime.idle_controller - DEBUG - Idle controller: idle state - optimizing resources
2026-06-02 17:42:48,993 - runtime.idle_controller - DEBUG - Idle controller: idle state - optimizing resources
2026-06-02 17:42:49,993 - runtime.idle_controller - DEBUG - Idle controller: idle state - optimizing resources
2026-06-02 17:42:50,994 - runtime.idle_controller - DEBUG - Idle controller: idle state - optimizing resources
2026-06-02 17:42:51,994 - runtime.idle_controller - DEBUG - Idle controller: idle state - optimizing resources
2026-06-02 17:42:52,994 - runtime.idle_controller - DEBUG - Idle controller: idle state - optimizing resources
2026-06-02 17:42:53,995 - runtime.idle_controller - DEBUG - Idle controller: idle state - optimizing resources
2026-06-02 17:42:54,996 - runtime.idle_controller - DEBUG - Idle controller: idle state - optimizing resources
2026-06-02 17:42:55,996 - runtime.idle_controller - DEBUG - Idle controller: idle state - optimizing resources
2026-06-02 17:42:56,996 - runtime.idle_controller - DEBUG - Idle controller: idle state - optimizing resources
2026-06-02 17:42:57,997 - runtime.idle_controller - DEBUG - Idle controller: idle state - optimizing resources
2026-06-02 17:42:58,997 - runtime.idle_controller - DEBUG - Idle controller: idle state - optimizing resources
2026-06-02 17:42:59,997 - runtime.idle_controller - DEBUG - Idle controller: idle state - optimizing resources
2026-06-02 17:43:00,997 - runtime.idle_controller - DEBUG - Idle controller: idle state - optimizing resources
2026-06-02 17:43:01,998 - runtime.idle_controller - DEBUG - Idle controller: idle state - optimizing resources
2026-06-02 17:43:02,999 - runtime.idle_controller - DEBUG - Idle controller: idle state - optimizing resources
2026-06-02 17:43:03,999 - runtime.idle_controller - DEBUG - Idle controller: idle state - optimizing resources
2026-06-02 17:43:04,999 - runtime.idle_controller - DEBUG - Idle controller: idle state - optimizing resources
2026-06-02 17:43:06,000 - runtime.idle_controller - DEBUG - Idle controller: idle state - optimizing resources
2026-06-02 17:43:07,000 - runtime.idle_controller - DEBUG - Idle controller: idle state - optimizing resources
2026-06-02 17:43:08,001 - runtime.idle_controller - DEBUG - Idle controller: idle state - optimizing resources
2026-06-02 17:43:09,001 - runtime.idle_controller - DEBUG - Idle controller: idle state - optimizing resources
2026-06-02 17:43:10,002 - runtime.idle_controller - DEBUG - Idle controller: idle state - optimizing resources
2026-06-02 17:43:11,002 - runtime.idle_controller - DEBUG - Idle controller: idle state - optimizing resources
2026-06-02 17:43:12,003 - runtime.idle_controller - DEBUG - Idle controller: idle state - optimizing resources
2026-06-02 17:43:13,003 - runtime.idle_controller - DEBUG - Idle controller: idle state - optimizing resources
2026-06-02 17:43:14,004 - runtime.idle_controller - DEBUG - Idle controller: idle state - optimizing resources
2026-06-02 17:43:15,004 - runtime.idle_controller - DEBUG - Idle controller: idle state - optimizing resources
2026-06-02 17:43:16,005 - runtime.idle_controller - DEBUG - Idle controller: idle state - optimizing resources
2026-06-02 17:43:17,005 - runtime.idle_controller - DEBUG - Idle controller: idle state - optimizing resources
2026-06-02 17:43:18,006 - runtime.idle_controller - DEBUG - Idle controller: idle state - optimizing resources
2026-06-02 17:43:19,006 - runtime.idle_controller - DEBUG - Idle controller: idle state - optimizing resources
2026-06-02 17:43:20,007 - runtime.idle_controller - DEBUG - Idle controller: idle state - optimizing resources
2026-06-02 17:43:21,007 - runtime.idle_controller - DEBUG - Idle controller: idle state - optimizing resources
2026-06-02 17:43:22,008 - runtime.idle_controller - DEBUG - Idle controller: idle state - optimizing resources
2026-06-02 17:43:23,008 - runtime.idle_controller - DEBUG - Idle controller: idle state - optimizing resources
2026-06-02 17:43:24,009 - runtime.idle_controller - DEBUG - Idle controller: idle state - optimizing resources
2026-06-02 17:43:25,009 - runtime.idle_controller - DEBUG - Idle controller: idle state - optimizing resources
2026-06-02 17:43:26,009 - runtime.idle_controller - DEBUG - Idle controller: idle state - optimizing resources
2026-06-02 17:43:27,010 - runtime.idle_controller - DEBUG - Idle controller: idle state - optimizing resources
2026-06-02 17:43:28,010 - runtime.idle_controller - DEBUG - Idle controller: idle state - optimizing resources
2026-06-02 17:43:29,011 - runtime.idle_controller - DEBUG - Idle controller: idle state - optimizing resources
2026-06-02 17:43:30,011 - runtime.idle_controller - DEBUG - Idle controller: idle state - optimizing resources
2026-06-02 17:43:31,012 - runtime.idle_controller - DEBUG - Idle controller: idle state - optimizing resources
2026-06-02 17:43:32,012 - runtime.idle_controller - DEBUG - Idle controller: idle state - optimizing resources
2026-06-02 17:43:33,013 - runtime.idle_controller - DEBUG - Idle controller: idle state - optimizing resources
2026-06-02 17:43:34,013 - runtime.idle_controller - DEBUG - Idle controller: idle state - optimizing resources
2026-06-02 17:43:35,014 - runtime.idle_controller - DEBUG - Idle controller: idle state - optimizing resources
2026-06-02 17:43:36,015 - runtime.idle_controller - DEBUG - Idle controller: idle state - optimizing resources
2026-06-02 17:43:37,015 - runtime.idle_controller - DEBUG - Idle controller: idle state - optimizing resources
2026-06-02 17:43:38,016 - runtime.idle_controller - DEBUG - Idle controller: idle state - optimizing resources
2026-06-02 17:43:39,016 - runtime.idle_controller - DEBUG - Idle controller: idle state - optimizing resources
2026-06-02 17:43:40,017 - runtime.idle_controller - DEBUG - Idle controller: idle state - optimizing resources
2026-06-02 17:43:41,018 - runtime.idle_controller - DEBUG - Idle controller: idle state - optimizing resources
2026-06-02 17:43:42,018 - runtime.idle_controller - DEBUG - Idle controller: idle state - optimizing resources
2026-06-02 17:43:43,019 - runtime.idle_controller - DEBUG - Idle controller: idle state - optimizing resources
2026-06-02 17:43:44,019 - runtime.idle_controller - DEBUG - Idle controller: idle state - optimizing resources
2026-06-02 17:43:45,019 - runtime.idle_controller - DEBUG - Idle controller: idle state - optimizing resources
2026-06-02 17:43:46,020 - runtime.idle_controller - DEBUG - Idle controller: idle state - optimizing resources
2026-06-02 17:43:47,020 - runtime.idle_controller - DEBUG - Idle controller: idle state - optimizing resources
2026-06-02 17:43:48,021 - runtime.idle_controller - DEBUG - Idle controller: idle state - optimizing resources
2026-06-02 17:43:49,022 - runtime.idle_controller - DEBUG - Idle controller: idle state - optimizing resources
2026-06-02 17:43:50,022 - runtime.idle_controller - DEBUG - Idle controller: idle state - optimizing resources
2026-06-02 17:43:51,022 - runtime.idle_controller - DEBUG - Idle controller: idle state - optimizing resources
2026-06-02 17:43:52,023 - runtime.idle_controller - DEBUG - Idle controller: idle state - optimizing resources
2026-06-02 17:43:53,023 - runtime.idle_controller - DEBUG - Idle controller: idle state - optimizing resources
2026-06-02 17:43:54,024 - runtime.idle_controller - DEBUG - Idle controller: idle state - optimizing resources
2026-06-02 17:43:55,024 - runtime.idle_controller - DEBUG - Idle controller: idle state - optimizing resources
2026-06-02 17:43:56,025 - runtime.idle_controller - DEBUG - Idle controller: idle state - optimizing resources
2026-06-02 17:43:57,025 - runtime.idle_controller - DEBUG - Idle controller: idle state - optimizing resources
2026-06-02 17:43:58,026 - runtime.idle_controller - DEBUG - Idle controller: idle state - optimizing resources
2026-06-02 17:43:59,026 - runtime.idle_controller - DEBUG - Idle controller: idle state - optimizing resources
2026-06-02 17:44:00,026 - runtime.idle_controller - DEBUG - Idle controller: idle state - optimizing resources
2026-06-02 17:44:01,026 - runtime.idle_controller - DEBUG - Idle controller: idle state - optimizing resources
2026-06-02 17:44:02,027 - runtime.idle_controller - DEBUG - Idle controller: idle state - optimizing resources
2026-06-02 17:44:03,028 - runtime.idle_controller - DEBUG - Idle controller: idle state - optimizing resources
2026-06-02 17:44:04,028 - runtime.idle_controller - DEBUG - Idle controller: idle state - optimizing resources
2026-06-02 17:44:05,028 - runtime.idle_controller - DEBUG - Idle controller: idle state - optimizing resources
2026-06-02 17:44:06,029 - runtime.idle_controller - DEBUG - Idle controller: idle state - optimizing resources
2026-06-02 17:44:07,029 - runtime.idle_controller - DEBUG - Idle controller: idle state - optimizing resources
2026-06-02 17:44:08,029 - runtime.idle_controller - DEBUG - Idle controller: idle state - optimizing resources
2026-06-02 17:44:09,030 - runtime.idle_controller - DEBUG - Idle controller: idle state - optimizing resources
2026-06-02 17:44:10,030 - runtime.idle_controller - DEBUG - Idle controller: idle state - optimizing resources
2026-06-02 17:44:11,030 - runtime.idle_controller - DEBUG - Idle controller: idle state - optimizing resources
2026-06-02 17:44:12,030 - runtime.idle_controller - DEBUG - Idle controller: idle state - optimizing resources
2026-06-02 17:44:13,031 - runtime.idle_controller - DEBUG - Idle controller: idle state - optimizing resources
2026-06-02 17:44:14,031 - runtime.idle_controller - DEBUG - Idle controller: idle state - optimizing resources
2026-06-02 17:44:15,032 - runtime.idle_controller - DEBUG - Idle controller: idle state - optimizing resources
2026-06-02 17:44:16,032 - runtime.idle_controller - DEBUG - Idle controller: idle state - optimizing resources
2026-06-02 17:44:17,032 - runtime.idle_controller - DEBUG - Idle controller: idle state - optimizing resources
2026-06-02 17:44:18,033 - runtime.idle_controller - DEBUG - Idle controller: idle state - optimizing resources
2026-06-02 17:44:19,033 - runtime.idle_controller - DEBUG - Idle controller: idle state - optimizing resources
2026-06-02 17:44:20,034 - runtime.idle_controller - DEBUG - Idle controller: idle state - optimizing resources
2026-06-02 17:44:21,034 - runtime.idle_controller - DEBUG - Idle controller: idle state - optimizing resources
2026-06-02 17:44:22,034 - runtime.idle_controller - DEBUG - Idle controller: idle state - optimizing resources
2026-06-02 17:44:23,035 - runtime.idle_controller - DEBUG - Idle controller: idle state - optimizing resources
2026-06-02 17:44:24,035 - runtime.idle_controller - DEBUG - Idle controller: idle state - optimizing resources
2026-06-02 17:44:25,036 - runtime.idle_controller - DEBUG - Idle controller: idle state - optimizing resources
2026-06-02 17:44:26,036 - runtime.idle_controller - DEBUG - Idle controller: idle state - optimizing resources
2026-06-02 17:44:27,037 - runtime.idle_controller - DEBUG - Idle controller: idle state - optimizing resources
2026-06-02 17:44:28,037 - runtime.idle_controller - DEBUG - Idle controller: idle state - optimizing resources
2026-06-02 17:44:29,038 - runtime.idle_controller - DEBUG - Idle controller: idle state - optimizing resources
2026-06-02 17:44:30,038 - runtime.idle_controller - DEBUG - Idle controller: idle state - optimizing resources
2026-06-02 17:44:31,039 - runtime.idle_controller - DEBUG - Idle controller: idle state - optimizing resources
2026-06-02 17:44:32,039 - runtime.idle_controller - DEBUG - Idle controller: idle state - optimizing resources
2026-06-02 17:44:33,040 - runtime.idle_controller - DEBUG - Idle controller: idle state - optimizing resources
2026-06-02 17:44:34,040 - runtime.idle_controller - DEBUG - Idle controller: idle state - optimizing resources
2026-06-02 17:44:35,040 - runtime.idle_controller - DEBUG - Idle controller: idle state - optimizing resources
2026-06-02 17:44:36,041 - runtime.idle_controller - DEBUG - Idle controller: idle state - optimizing resources
2026-06-02 17:44:37,041 - runtime.idle_controller - DEBUG - Idle controller: idle state - optimizing resources
2026-06-02 17:44:38,042 - runtime.idle_controller - DEBUG - Idle controller: idle state - optimizing resources
2026-06-02 17:44:39,042 - runtime.idle_controller - DEBUG - Idle controller: idle state - optimizing resources
2026-06-02 17:44:40,042 - runtime.idle_controller - DEBUG - Idle controller: idle state - optimizing resources
2026-06-02 17:44:41,042 - runtime.idle_controller - DEBUG - Idle controller: idle state - optimizing resources
2026-06-02 17:44:42,043 - runtime.idle_controller - DEBUG - Idle controller: idle state - optimizing resources
2026-06-02 17:44:43,043 - runtime.idle_controller - DEBUG - Idle controller: idle state - optimizing resources
2026-06-02 17:44:44,044 - runtime.idle_controller - DEBUG - Idle controller: idle state - optimizing resources
2026-06-02 17:44:45,044 - runtime.idle_controller - DEBUG - Idle controller: idle state - optimizing resources
2026-06-02 17:44:46,044 - runtime.idle_controller - DEBUG - Idle controller: idle state - optimizing resources
2026-06-02 17:44:47,045 - runtime.idle_controller - DEBUG - Idle controller: idle state - optimizing resources
2026-06-02 17:44:48,045 - runtime.idle_controller - DEBUG - Idle controller: idle state - optimizing resources
2026-06-02 17:44:49,045 - runtime.idle_controller - DEBUG - Idle controller: idle state - optimizing resources
2026-06-02 17:44:50,046 - runtime.idle_controller - DEBUG - Idle controller: idle state - optimizing resources
2026-06-02 17:44:51,046 - runtime.idle_controller - DEBUG - Idle controller: idle state - optimizing resources
2026-06-02 17:44:52,047 - runtime.idle_controller - DEBUG - Idle controller: idle state - optimizing resources
2026-06-02 17:44:53,047 - runtime.idle_controller - DEBUG - Idle controller: idle state - optimizing resources
2026-06-02 17:44:54,048 - runtime.idle_controller - DEBUG - Idle controller: idle state - optimizing resources
2026-06-02 17:44:55,048 - runtime.idle_controller - DEBUG - Idle controller: idle state - optimizing resources
2026-06-02 17:44:56,049 - runtime.idle_controller - DEBUG - Idle controller: idle state - optimizing resources
2026-06-02 17:44:57,050 - runtime.idle_controller - DEBUG - Idle controller: idle state - optimizing resources
2026-06-02 17:44:58,050 - runtime.idle_controller - DEBUG - Idle controller: idle state - optimizing resources
2026-06-02 17:44:59,051 - runtime.idle_controller - DEBUG - Idle controller: idle state - optimizing resources
2026-06-02 17:45:00,051 - runtime.idle_controller - DEBUG - Idle controller: idle state - optimizing resources
2026-06-02 17:45:01,051 - runtime.idle_controller - DEBUG - Idle controller: idle state - optimizing resources
2026-06-02 17:45:02,052 - runtime.idle_controller - DEBUG - Idle controller: idle state - optimizing resources
2026-06-02 17:45:03,052 - runtime.idle_controller - DEBUG - Idle controller: idle state - optimizing resources
2026-06-02 17:45:04,052 - runtime.idle_controller - DEBUG - Idle controller: idle state - optimizing resources
2026-06-02 17:45:05,053 - runtime.idle_controller - DEBUG - Idle controller: idle state - optimizing resources
2026-06-02 17:45:06,053 - runtime.idle_controller - DEBUG - Idle controller: idle state - optimizing resources
2026-06-02 17:45:07,054 - runtime.idle_controller - DEBUG - Idle controller: idle state - optimizing resources
2026-06-02 17:45:08,054 - runtime.idle_controller - DEBUG - Idle controller: idle state - optimizing resources
2026-06-02 17:45:09,055 - runtime.idle_controller - DEBUG - Idle controller: idle state - optimizing resources
2026-06-02 17:45:10,055 - runtime.idle_controller - DEBUG - Idle controller: idle state - optimizing resources
2026-06-02 17:45:11,055 - runtime.idle_controller - DEBUG - Idle controller: idle state - optimizing resources
2026-06-02 17:45:12,056 - runtime.idle_controller - DEBUG - Idle controller: idle state - optimizing resources
2026-06-02 17:45:13,056 - runtime.idle_controller - DEBUG - Idle controller: idle state - optimizing resources
2026-06-02 17:45:14,057 - runtime.idle_controller - DEBUG - Idle controller: idle state - optimizing resources
2026-06-02 17:45:15,057 - runtime.idle_controller - DEBUG - Idle controller: idle state - optimizing resources
2026-06-02 17:45:16,058 - runtime.idle_controller - DEBUG - Idle controller: idle state - optimizing resources
2026-06-02 17:45:17,058 - runtime.idle_controller - DEBUG - Idle controller: idle state - optimizing resources
2026-06-02 17:45:18,058 - runtime.idle_controller - DEBUG - Idle controller: idle state - optimizing resources
2026-06-02 17:45:19,059 - runtime.idle_controller - DEBUG - Idle controller: idle state - optimizing resources
2026-06-02 17:45:20,059 - runtime.idle_controller - DEBUG - Idle controller: idle state - optimizing resources
2026-06-02 17:45:21,060 - runtime.idle_controller - DEBUG - Idle controller: idle state - optimizing resources
2026-06-02 17:45:22,060 - runtime.idle_controller - DEBUG - Idle controller: idle state - optimizing resources
2026-06-02 17:45:23,060 - runtime.idle_controller - DEBUG - Idle controller: idle state - optimizing resources
2026-06-02 17:45:24,061 - runtime.idle_controller - DEBUG - Idle controller: idle state - optimizing resources
2026-06-02 17:45:25,061 - runtime.idle_controller - DEBUG - Idle controller: idle state - optimizing resources
2026-06-02 17:45:26,061 - runtime.idle_controller - DEBUG - Idle controller: idle state - optimizing resources
2026-06-02 17:45:27,062 - runtime.idle_controller - DEBUG - Idle controller: idle state - optimizing resources
2026-06-02 17:45:28,062 - runtime.idle_controller - DEBUG - Idle controller: idle state - optimizing resources
2026-06-02 17:45:29,062 - runtime.idle_controller - DEBUG - Idle controller: idle state - optimizing resources
2026-06-02 17:45:30,063 - runtime.idle_controller - DEBUG - Idle controller: idle state - optimizing resources
2026-06-02 17:45:31,063 - runtime.idle_controller - DEBUG - Idle controller: idle state - optimizing resources
2026-06-02 17:45:32,064 - runtime.idle_controller - DEBUG - Idle controller: idle state - optimizing resources
2026-06-02 17:45:33,064 - runtime.idle_controller - DEBUG - Idle controller: idle state - optimizing resources
2026-06-02 17:45:34,065 - runtime.idle_controller - DEBUG - Idle controller: idle state - optimizing resources
2026-06-02 17:45:35,065 - runtime.idle_controller - DEBUG - Idle controller: idle state - optimizing resources
2026-06-02 17:45:36,066 - runtime.idle_controller - DEBUG - Idle controller: idle state - optimizing resources
2026-06-02 17:45:37,066 - runtime.idle_controller - DEBUG - Idle controller: idle state - optimizing resources
2026-06-02 17:45:38,066 - runtime.idle_controller - DEBUG - Idle controller: idle state - optimizing resources
2026-06-02 17:45:39,066 - runtime.idle_controller - DEBUG - Idle controller: idle state - optimizing resources
2026-06-02 17:45:40,067 - runtime.idle_controller - DEBUG - Idle controller: idle state - optimizing resources
2026-06-02 17:45:41,067 - runtime.idle_controller - DEBUG - Idle controller: idle state - optimizing resources
2026-06-02 17:45:42,067 - runtime.idle_controller - DEBUG - Idle controller: idle state - optimizing resources
2026-06-02 17:45:43,068 - runtime.idle_controller - DEBUG - Idle controller: idle state - optimizing resources
2026-06-02 17:45:44,068 - runtime.idle_controller - DEBUG - Idle controller: idle state - optimizing resources
2026-06-02 17:45:45,068 - runtime.idle_controller - DEBUG - Idle controller: idle state - optimizing resources
2026-06-02 17:45:46,069 - runtime.idle_controller - DEBUG - Idle controller: idle state - optimizing resources
2026-06-02 17:45:47,069 - runtime.idle_controller - DEBUG - Idle controller: idle state - optimizing resources
2026-06-02 17:45:48,070 - runtime.idle_controller - DEBUG - Idle controller: idle state - optimizing resources
2026-06-02 17:45:49,070 - runtime.idle_controller - DEBUG - Idle controller: idle state - optimizing resources
2026-06-02 17:45:50,070 - runtime.idle_controller - DEBUG - Idle controller: idle state - optimizing resources
2026-06-02 17:45:51,071 - runtime.idle_controller - DEBUG - Idle controller: idle state - optimizing resources
2026-06-02 17:45:52,071 - runtime.idle_controller - DEBUG - Idle controller: idle state - optimizing resources
2026-06-02 17:45:53,071 - runtime.idle_controller - DEBUG - Idle controller: idle state - optimizing resources
2026-06-02 17:45:54,072 - runtime.idle_controller - DEBUG - Idle controller: idle state - optimizing resources
2026-06-02 17:45:55,072 - runtime.idle_controller - DEBUG - Idle controller: idle state - optimizing resources
2026-06-02 17:45:56,073 - runtime.idle_controller - DEBUG - Idle controller: idle state - optimizing resources
2026-06-02 17:45:57,073 - runtime.idle_controller - DEBUG - Idle controller: idle state - optimizing resources
2026-06-02 17:45:58,074 - runtime.idle_controller - DEBUG - Idle controller: idle state - optimizing resources
2026-06-02 17:45:59,074 - runtime.idle_controller - DEBUG - Idle controller: idle state - optimizing resources
2026-06-02 17:46:00,074 - runtime.idle_controller - DEBUG - Idle controller: idle state - optimizing resources
2026-06-02 17:46:01,075 - runtime.idle_controller - DEBUG - Idle controller: idle state - optimizing resources
2026-06-02 17:46:02,075 - runtime.idle_controller - DEBUG - Idle controller: idle state - optimizing resources
2026-06-02 17:46:03,076 - runtime.idle_controller - DEBUG - Idle controller: idle state - optimizing resources
2026-06-02 17:46:04,076 - runtime.idle_controller - DEBUG - Idle controller: idle state - optimizing resources
2026-06-02 17:46:05,076 - runtime.idle_controller - DEBUG - Idle controller: idle state - optimizing resources
2026-06-02 17:46:06,077 - runtime.idle_controller - DEBUG - Idle controller: idle state - optimizing resources
2026-06-02 17:46:07,077 - runtime.idle_controller - DEBUG - Idle controller: idle state - optimizing resources
2026-06-02 17:46:08,077 - runtime.idle_controller - DEBUG - Idle controller: idle state - optimizing resources
2026-06-02 17:46:09,078 - runtime.idle_controller - DEBUG - Idle controller: idle state - optimizing resources
2026-06-02 17:46:10,078 - runtime.idle_controller - DEBUG - Idle controller: idle state - optimizing resources
2026-06-02 17:46:11,078 - runtime.idle_controller - DEBUG - Idle controller: idle state - optimizing resources
2026-06-02 17:46:12,078 - runtime.idle_controller - DEBUG - Idle controller: idle state - optimizing resources
2026-06-02 17:46:13,079 - runtime.idle_controller - DEBUG - Idle controller: idle state - optimizing resources
2026-06-02 17:46:14,079 - runtime.idle_controller - DEBUG - Idle controller: idle state - optimizing resources
2026-06-02 17:46:15,079 - runtime.idle_controller - DEBUG - Idle controller: idle state - optimizing resources
2026-06-02 17:46:16,080 - runtime.idle_controller - DEBUG - Idle controller: idle state - optimizing resources
2026-06-02 17:46:17,080 - runtime.idle_controller - DEBUG - Idle controller: idle state - optimizing resources
2026-06-02 17:46:18,081 - runtime.idle_controller - DEBUG - Idle controller: idle state - optimizing resources
2026-06-02 17:46:19,081 - runtime.idle_controller - DEBUG - Idle controller: idle state - optimizing resources
2026-06-02 17:46:20,081 - runtime.idle_controller - DEBUG - Idle controller: idle state - optimizing resources
2026-06-02 17:46:21,082 - runtime.idle_controller - DEBUG - Idle controller: idle state - optimizing resources
2026-06-02 17:46:22,082 - runtime.idle_controller - DEBUG - Idle controller: idle state - optimizing resources
2026-06-02 17:46:23,083 - runtime.idle_controller - DEBUG - Idle controller: idle state - optimizing resources
2026-06-02 17:46:24,083 - runtime.idle_controller - DEBUG - Idle controller: idle state - optimizing resources
2026-06-02 17:46:25,083 - runtime.idle_controller - DEBUG - Idle controller: idle state - optimizing resources
2026-06-02 17:46:26,084 - runtime.idle_controller - DEBUG - Idle controller: idle state - optimizing resources
2026-06-02 17:46:26,612 - runtime.wake_listener - WARNING - Could not understand command
2026-06-02 17:46:26,612 - runtime_core.runtime_state_machine - INFO - State transition: LISTENING -> IDLE
2026-06-02 17:46:26,612 - runtime_core.event_bus - INFO - Publishing event: STATE_CHANGE from state_machine
2026-06-02 17:46:26,612 - runtime.wake_listener - DEBUG - Listening for wake word...
2026-06-02 17:46:27,085 - runtime.idle_controller - DEBUG - Idle controller: idle state - optimizing resources
2026-06-02 17:46:28,085 - runtime.idle_controller - DEBUG - Idle controller: idle state - optimizing resources
2026-06-02 17:46:29,085 - runtime.idle_controller - DEBUG - Idle controller: idle state - optimizing resources
2026-06-02 17:46:30,085 - runtime.idle_controller - DEBUG - Idle controller: idle state - optimizing resources
2026-06-02 17:46:31,086 - runtime.idle_controller - DEBUG - Idle controller: idle state - optimizing resources
2026-06-02 17:46:32,086 - runtime.idle_controller - DEBUG - Idle controller: idle state - optimizing resources
2026-06-02 17:46:33,087 - runtime.idle_controller - DEBUG - Idle controller: idle state - optimizing resources
2026-06-02 17:46:34,087 - runtime.idle_controller - DEBUG - Idle controller: idle state - optimizing resources
2026-06-02 17:46:35,087 - runtime.idle_controller - DEBUG - Idle controller: idle state - optimizing resources
2026-06-02 17:46:36,088 - runtime.idle_controller - DEBUG - Idle controller: idle state - optimizing resources
2026-06-02 17:46:37,088 - runtime.idle_controller - DEBUG - Idle controller: idle state - optimizing resources
2026-06-02 17:46:37,686 - runtime.wake_listener - INFO - Heard: open brave
2026-06-02 17:46:37,686 - runtime.wake_listener - DEBUG - Listening for wake word...
2026-06-02 17:46:38,089 - runtime.idle_controller - DEBUG - Idle controller: idle state - optimizing resources
2026-06-02 17:46:39,089 - runtime.idle_controller - DEBUG - Idle controller: idle state - optimizing resources
2026-06-02 17:46:40,089 - runtime.idle_controller - DEBUG - Idle controller: idle state - optimizing resources
2026-06-02 17:46:41,090 - runtime.idle_controller - DEBUG - Idle controller: idle state - optimizing resources
2026-06-02 17:46:42,090 - runtime.idle_controller - DEBUG - Idle controller: idle state - optimizing resources
2026-06-02 17:46:43,091 - runtime.idle_controller - DEBUG - Idle controller: idle state - optimizing resources
2026-06-02 17:46:44,091 - runtime.idle_controller - DEBUG - Idle controller: idle state - optimizing resources
2026-06-02 17:46:45,101 - runtime.idle_controller - DEBUG - Idle controller: idle state - optimizing resources
2026-06-02 17:46:46,102 - runtime.idle_controller - DEBUG - Idle controller: idle state - optimizing resources
2026-06-02 17:46:47,103 - runtime.idle_controller - DEBUG - Idle controller: idle state - optimizing resources
2026-06-02 17:46:48,103 - runtime.idle_controller - DEBUG - Idle controller: idle state - optimizing resources
2026-06-02 17:46:49,104 - runtime.idle_controller - DEBUG - Idle controller: idle state - optimizing resources
2026-06-02 17:46:50,104 - runtime.idle_controller - DEBUG - Idle controller: idle state - optimizing resources
2026-06-02 17:46:51,104 - runtime.idle_controller - DEBUG - Idle controller: idle state - optimizing resources
2026-06-02 17:46:52,105 - runtime.idle_controller - DEBUG - Idle controller: idle state - optimizing resources
2026-06-02 17:46:53,105 - runtime.idle_controller - DEBUG - Idle controller: idle state - optimizing resources
2026-06-02 17:46:54,105 - runtime.idle_controller - DEBUG - Idle controller: idle state - optimizing resources
2026-06-02 17:46:55,106 - runtime.idle_controller - DEBUG - Idle controller: idle state - optimizing resources
2026-06-02 17:46:55,992 - runtime.wake_listener - INFO - Heard: open chrome
2026-06-02 17:46:55,992 - runtime.wake_listener - DEBUG - Listening for wake word...
2026-06-02 17:46:56,106 - runtime.idle_controller - DEBUG - Idle controller: idle state - optimizing resources
2026-06-02 17:46:57,106 - runtime.idle_controller - DEBUG - Idle controller: idle state - optimizing resources
2026-06-02 17:46:58,107 - runtime.idle_controller - DEBUG - Idle controller: idle state - optimizing resources
2026-06-02 17:46:59,107 - runtime.idle_controller - DEBUG - Idle controller: idle state - optimizing resources
2026-06-02 17:47:00,108 - runtime.idle_controller - DEBUG - Idle controller: idle state - optimizing resources
2026-06-02 17:47:01,108 - runtime.idle_controller - DEBUG - Idle controller: idle state - optimizing resources
2026-06-02 17:47:02,109 - runtime.idle_controller - DEBUG - Idle controller: idle state - optimizing resources
2026-06-02 17:47:02,833 - runtime.wake_listener - INFO - Heard: hey jarvis
2026-06-02 17:47:02,833 - runtime.wake_listener - INFO - Wake word detected!
2026-06-02 17:47:02,833 - runtime_core.event_bus - INFO - Publishing event: WAKE_WORD_DETECTED from wake_listener
2026-06-02 17:47:02,834 - runtime_core.runtime_state_machine - INFO - State transition: IDLE -> LISTENING
2026-06-02 17:47:02,834 - runtime_core.event_bus - INFO - Publishing event: STATE_CHANGE from state_machine
2026-06-02 17:47:02,834 - runtime.wake_listener - INFO - Capturing command...
2026-06-02 17:47:03,109 - runtime.idle_controller - DEBUG - Idle controller: idle state - optimizing resources
2026-06-02 17:47:04,110 - runtime.idle_controller - DEBUG - Idle controller: idle state - optimizing resources
2026-06-02 17:47:05,110 - runtime.idle_controller - DEBUG - Idle controller: idle state - optimizing resources
2026-06-02 17:47:06,111 - runtime.idle_controller - DEBUG - Idle controller: idle state - optimizing resources
2026-06-02 17:47:07,111 - runtime.idle_controller - DEBUG - Idle controller: idle state - optimizing resources
2026-06-02 17:47:08,112 - runtime.idle_controller - DEBUG - Idle controller: idle state - optimizing resources
2026-06-02 17:47:09,112 - runtime.idle_controller - DEBUG - Idle controller: idle state - optimizing resources
2026-06-02 17:47:10,113 - runtime.idle_controller - DEBUG - Idle controller: idle state - optimizing resources
2026-06-02 17:47:11,113 - runtime.idle_controller - DEBUG - Idle controller: idle state - optimizing resources
2026-06-02 17:47:11,392 - runtime.wake_listener - WARNING - Could not understand command
2026-06-02 17:47:11,392 - runtime_core.runtime_state_machine - INFO - State transition: LISTENING -> IDLE
2026-06-02 17:47:11,392 - runtime_core.event_bus - INFO - Publishing event: STATE_CHANGE from state_machine
2026-06-02 17:47:11,392 - runtime.wake_listener - DEBUG - Listening for wake word...
2026-06-02 17:47:12,113 - runtime.idle_controller - DEBUG - Idle controller: idle state - optimizing resources
2026-06-02 17:47:13,114 - runtime.idle_controller - DEBUG - Idle controller: idle state - optimizing resources
2026-06-02 17:47:14,115 - runtime.idle_controller - DEBUG - Idle controller: idle state - optimizing resources
2026-06-02 17:47:15,115 - runtime.idle_controller - DEBUG - Idle controller: idle state - optimizing resources
2026-06-02 17:47:16,116 - runtime.idle_controller - DEBUG - Idle controller: idle state - optimizing resources
